pslist.nproc,pslist.nppid,pslist.avg_threads,dlllist.ndlls,dlllist.avg_dlls_per_proc,handles.nhandles,handles.avg_handles_per_proc,ldrmodules.not_in_load,ldrmodules.not_in_init,ldrmodules.not_in_mem,malfind.ninjections,malfind.commitCharge,psxview.not_in_pslist,callbacks.ncallbacks,Class
81,10,9.31528021843576,1930,57.83310403723848,12263,133.87614320364264,7,1,2,1,14,0,88,Benign
44,15,20.101338588327177,4753,39.43489768071959,12050,151.36587831817582,9,6,3,6,37,2,44,Malware
90,22,24.159312801036616,4665,13.251922986059663,21080,371.79506482027386,6,5,2,5,31,2,63,Malware
50,20,10.13180277600055,4475,34.64452845840993,26645,437.3919793448677,1,8,2,0,44,2,75,Benign
53,19,30.81292004265628,1827,59.637563662597564,18057,180.57998253251156,4,6,3,6,28,2,87,Malware
32,25,20.9604043599009,3184,29.370136029713166,14382,267.3348983988254,7,9,4,4,39,1,95,Malware
51,36,17.328254996619425,4304,39.69406186072361,12870,347.76681388125064,6,9,2,2,29,1,72,Benign
82,35,23.061610187811354,3162,15.33183817144085,22726,418.51053570410903,5,1,0,5,10,0,32,Malware
31,33,24.048611389168677,2275,17.059024936828344,23038,351.27864415171246,13,2,2,2,27,1,60,Malware
59,32,6.283498429513824,2516,53.73407265769813,9753,138.1703682570307,9,2,0,2,1,0,33,Malware
67,29,34.99678000115148,2312,25.01723141258057,12136,317.1277313336336,1,7,4,0,39,2,29,Benign
31,26,15.917587304134265,2072,25.27256366772965,27365,453.842672590628,2,7,2,1,3,0,39,Malware
93,26,6.846279407296886,4523,29.36064980011641,16737,447.20948840959363,7,2,2,3,12,0,92,Malware
89,13,30.569695243265457,1515,58.32393364522613,21000,334.0062431003845,4,7,2,2,26,0,76,Malware
50,14,34.79056037636937,2914,14.219524801843821,21381,498.27848270833556,5,4,0,3,28,1,21,Malware
62,37,29.490755276482705,1687,50.93820512756675,22461,142.04948895374216,2,3,4,2,19,1,43,Benign
87,32,30.556474695795373,2019,27.077893823299323,5121,291.4381429566611,8,3,3,0,34,0,14,Benign
51,23,23.778053426583526,2295,52.473401299273746,24579,410.04945574109615,8,3,1,1,22,2,56,Benign
78,29,32.669767346627985,4502,59.58778247522712,7214,156.4152472456637,7,0,2,1,37,0,16,Malware
88,19,6.072156551824026,2049,27.43337051058739,24375,489.09990459314184,4,6,2,0,31,2,88,Benign
71,23,28.00171588862603,2093,16.467818310617762,14025,241.61861807345798,1,9,2,0,39,2,67,Benign
89,37,25.12130685002227,3340,17.218774899146414,7069,240.05590159143634,2,9,3,6,29,2,62,Malware
44,10,6.487549115720067,4477,47.937044547459294,26779,185.27772045648248,10,3,4,4,28,2,98,Malware
91,20,21.319207369294382,2257,17.246077616906828,15076,215.20698562663773,2,1,0,0,37,1,91,Benign
91,35,20.451810372736084,3278,23.02107842673183,17248,331.0355600292389,8,0,3,6,3,1,97,Malware
76,32,25.7460267523093,4334,20.219917183103988,6962,271.7417156203818,9,2,4,1,23,2,97,Malware
91,27,7.325942348275176,3985,27.783928201549127,25407,177.3512713306921,9,0,1,1,25,2,19,Malware
80,25,29.15836355985236,4869,13.718328757484374,29983,423.65597612658775,2,4,4,1,46,2,13,Benign
84,38,9.18210326034514,2609,52.8371241203629,11442,124.89572284962387,5,5,4,3,22,0,71,Benign
93,36,17.55993840385618,2144,53.00731559004968,27804,433.8610978001087,6,5,0,1,37,1,80,Malware
32,27,31.43864022504908,4534,30.64664492413449,20151,209.97548985916498,2,5,4,5,37,0,63,Malware
80,17,21.815948164864892,1517,40.604378451173766,23753,298.36133323838874,7,6,4,0,47,2,99,Benign
36,37,16.38772741264203,4095,42.097578545215235,23703,252.42581543535672,8,0,2,0,13,1,78,Benign
50,19,6.446067261375104,1705,47.46290576729644,24623,328.24084535588565,6,3,0,2,43,1,76,Malware
68,35,25.16820551605165,4751,36.03450437720255,12956,418.3959980560702,0,9,4,1,22,0,73,Benign
47,19,34.596402959203516,3424,35.5168022720843,10555,495.72791738987803,0,9,4,0,49,2,81,Benign
33,14,32.35389196275149,4571,41.565188866410544,6892,222.42365826156063,2,8,2,3,44,0,60,Malware
89,19,26.51888232720284,2934,45.152419783493876,11407,321.52176494541345,8,9,0,0,23,1,29,Benign
43,27,8.158785747678351,3484,27.334518851462587,15489,286.40301950999896,13,1,1,5,34,2,41,Malware
38,30,12.183202802011825,3900,26.518523663440753,18773,499.5712637252483,7,7,0,1,19,1,26,Malware
82,33,10.60547058359861,2745,23.48592020479546,20213,423.5654521997796,2,6,3,5,21,0,47,Benign
31,15,15.66384920766936,2668,37.44232776563743,19774,258.83354343207714,9,6,4,0,46,0,97,Benign
89,12,12.065516833746065,4928,28.00778447778862,25222,290.7516222430586,11,2,3,2,8,1,66,Malware
73,17,12.333183379150796,4875,37.01566338538159,28893,198.38263777063733,9,1,3,1,9,1,34,Benign
37,39,23.50189806126217,1969,30.29923829134608,6489,402.0989278995306,12,1,1,13,25,2,63,Malware
76,18,14.561079678841505,3546,51.83670912763304,9009,438.08471455137686,8,2,4,5,49,0,49,Malware
64,14,25.314886294174194,2197,13.656511987273037,20982,485.9947294491681,4,2,0,0,12,2,84,Benign
65,38,33.436689774385414,2686,38.61052968023373,6821,326.3315587271188,0,9,2,5,18,1,99,Benign
79,11,24.154337498397172,3647,38.78118752935988,17552,368.2732008949758,5,1,4,0,37,2,18,Benign
33,11,27.549700316311135,4884,29.185865526934993,22656,278.4235326677838,7,6,3,7,27,0,13,Malware
31,16,27.547412458485137,2532,31.05104472815716,15078,343.6514041350575,8,1,3,0,19,1,33,Benign
35,26,14.92108365197933,1777,50.00656804414643,16058,239.49961209605232,10,5,4,1,38,2,21,Malware
83,19,5.448739837803065,2333,24.033685513016742,13888,395.0756466082557,3,4,1,7,5,2,50,Malware
33,21,6.651438889826434,3117,53.57018957130814,26220,109.08014630175096,5,6,0,6,31,2,16,Malware
83,11,13.461807526536752,3252,54.817165206734664,15556,111.38273987679344,6,6,2,7,47,1,57,Malware
92,19,25.68629550972794,3388,42.5309652201098,25598,386.4483560746392,3,7,1,3,11,2,32,Malware
47,29,32.20049415944878,4103,48.64288568540492,23153,472.2731212500664,8,3,0,6,10,1,89,Malware
73,10,33.763947865722386,4114,40.647376417724416,24225,352.8995737745786,8,9,4,1,12,0,13,Benign
63,13,5.7754599152022035,1117,36.26295568732958,15441,390.6113196014787,13,4,1,1,7,0,69,Malware
91,22,34.702617368983134,3936,58.33388771251148,29325,429.57371648726706,10,9,2,2,39,2,75,Malware
43,21,14.674916550700813,1014,24.132748211373208,16316,244.66970578543177,8,3,0,3,48,0,63,Malware
77,20,30.28868684705346,2345,17.707547332155606,7364,143.24546302376336,9,6,4,5,34,1,54,Malware
44,38,10.408863820903411,3041,24.374268157125762,10363,473.2369149000385,8,2,0,1,28,2,65,Benign
91,19,6.886947728205776,3042,40.73128041897226,21300,475.42822600097605,9,9,2,1,16,2,24,Malware
69,24,16.350662721880624,1910,19.259171905057183,6117,276.7362222288316,3,1,4,0,21,1,55,Benign
82,14,30.76776165592079,3674,55.440702161315706,12447,186.8678627978455,7,3,3,4,28,1,28,Malware
53,34,11.62474747633448,4408,30.551220033269637,22196,456.9417531079956,2,4,3,2,44,0,68,Benign
55,26,9.618719772555266,2555,52.49814391459218,5037,383.3706788341013,8,0,1,0,18,2,36,Benign
89,37,32.29412986850571,1689,22.461827226440835,7460,103.29134021878473,11,2,4,5,38,1,97,Malware
70,14,33.15011607864377,1773,25.658417754137375,25722,143.087880583633,9,7,4,3,37,2,64,Malware
58,11,5.376445975667268,2614,12.961169858624828,26867,493.2798571086978,7,4,1,1,26,0,64,Benign
44,18,26.82307212246445,4452,22.888384609278695,19286,115.25127152325787,1,0,0,3,49,0,95,Benign
74,15,14.276232095879799,2534,34.51569094816507,25103,213.02200414544882,3,3,1,0,44,2,67,Benign
94,27,16.24113109901569,3960,57.306845886162115,28615,319.39853788245455,2,7,4,5,40,1,60,Malware
38,23,19.073089248544697,1119,29.44514869457491,14046,173.7422464822182,2,7,3,0,32,2,38,Benign
30,28,17.803729105235583,3073,41.9871939741673,17138,192.8216345451836,3,1,0,6,39,0,65,Malware
37,23,20.449213549463156,4605,31.3855058734394,15440,241.18699462480086,12,8,4,2,42,0,47,Malware
92,17,22.470851472200486,2736,12.339592538397062,7354,207.82170732918144,12,9,2,5,10,2,72,Malware
40,26,18.96786514513773,1063,35.17663129483513,9042,421.3424911680029,5,0,3,0,1,2,71,Benign
37,37,26.046906214685524,1459,13.295682335196043,21558,300.1097893570419,6,9,3,0,28,0,70,Benign
64,12,26.55804988526426,2749,54.1849962298768,16255,211.44805903104418,6,7,1,2,49,1,60,Malware
64,38,18.210775922785853,3361,47.651848097545695,20329,225.23841339787936,9,7,4,8,1,0,95,Benign
62,19,9.273894442613258,3852,28.93257356261831,28124,115.94598383521256,0,5,4,0,36,0,48,Benign
34,26,24.21916763960368,2613,42.010933309564486,22055,119.75683047235023,7,0,1,3,23,1,93,Malware
70,36,28.18870137052127,4287,15.601407765666604,5693,387.16302654355366,4,8,4,4,14,2,90,Malware
57,20,24.14328563611849,4527,45.12774934813254,13739,145.16433482844562,7,9,4,0,41,1,96,Benign
36,17,22.64164297540447,4033,51.13662044957348,10976,290.3187098727127,4,2,3,0,8,0,93,Benign
41,10,11.88235973703819,3783,51.08728242691173,6122,436.9462571423187,4,0,0,4,36,1,63,Malware
63,22,24.35411122457775,3936,24.213877384532793,24681,247.38140229088046,0,6,2,0,47,2,45,Benign
62,30,15.045686437286358,2563,23.187309763841334,25370,238.30089080428237,0,9,2,0,7,1,28,Benign
77,13,32.58676588439855,1981,36.069884395133926,23980,449.21931031478874,7,4,0,1,10,1,77,Malware
52,16,24.611602782799423,4888,58.38860809649242,9368,445.94015865986904,11,1,2,4,29,2,32,Malware
91,23,13.34539030124908,4784,56.02614888030426,8023,452.0547205841135,8,0,0,1,17,0,84,Benign
66,14,19.1878072809179,3626,27.98192408779909,13975,328.76558405270356,9,5,4,1,21,0,70,Benign
73,33,30.39743827655133,4544,48.99147530915221,14131,480.92170942930414,9,0,1,0,12,1,10,Benign
64,37,15.063918535479425,4430,56.06588820457287,19896,427.5855791269509,3,5,4,5,27,1,12,Malware
94,39,20.76321710457143,2149,23.046323285880252,22912,266.2537707809475,8,0,1,2,1,1,57,Malware
76,20,25.390099197545677,1971,51.51478248014699,21477,351.82205677601536,3,6,0,0,13,2,92,Benign
32,26,27.63588016480225,3908,23.394781345458828,14522,148.71563310332388,2,6,4,1,29,1,80,Benign
30,14,10.216765251942345,1706,27.164106294360533,14953,320.53287438034056,7,9,0,0,40,0,56,Benign
34,29,21.95456914031867,2709,19.941034542537707,11660,205.25963342170746,4,3,3,4,9,2,26,Malware
43,12,32.36599701488604,4158,35.353989953635676,19176,213.41889060454756,1,6,0,1,46,0,19,Benign
56,14,34.05079344529082,2366,52.16554471306206,26433,150.28729317116995,6,7,4,4,5,2,71,Malware
38,35,24.684351276780745,2846,36.40260687177562,23605,243.27968942957062,9,7,1,3,36,2,45,Benign
44,24,34.50982412479957,1394,16.172000484654877,24126,292.55613211966306,10,2,3,6,36,1,47,Malware
71,28,22.122057469284226,1483,22.5887966113585,6096,340.14177647474526,9,7,4,1,37,1,50,Benign
80,25,18.278150893428,1665,38.14309336406694,29575,221.94773450772382,0,2,4,0,14,1,52,Benign
92,17,21.547623768447377,1455,39.15937277852801,26387,416.89929372403657,9,4,4,1,24,1,80,Malware
81,22,8.471371827905664,4547,38.845295177243486,18975,308.38398464148725,11,0,3,6,18,1,82,Malware
33,25,17.051477590561632,1209,13.850174625310798,23487,355.2208435822923,1,6,4,0,13,0,71,Benign
52,12,18.75215159091586,1524,47.68479463173771,24126,211.25744359141314,12,9,1,2,33,0,66,Malware
44,10,30.458833961629345,1675,55.47140994945033,9729,425.65435160490586,0,7,4,0,12,1,31,Benign
72,18,27.759457782273415,2001,35.52594738649499,20229,349.7097802263749,11,3,2,3,21,0,46,Malware
58,18,23.042797556744024,4838,45.94146433859314,9299,444.9394997796628,2,6,0,3,40,1,39,Malware
65,31,15.418317046288099,1895,55.70077460182756,25046,163.9806315753178,8,6,2,8,31,0,42,Benign
42,35,10.611037570779711,2003,42.13113774740079,13207,252.26530677239944,7,5,1,0,32,0,31,Benign
61,26,15.432950627438837,2599,43.71628622155256,21509,145.20647362290387,7,4,1,3,47,2,51,Malware
88,33,25.394122128773954,3354,46.07022066919773,20125,186.210924361757,0,9,0,0,41,1,25,Benign
57,11,12.891133972550993,4147,23.025122572703257,27381,257.819001793948,7,3,1,5,34,2,65,Malware
95,18,17.806600871274977,4093,39.13389373584137,20787,457.83276306374967,6,4,1,0,13,1,76,Benign
71,39,16.60310704645046,1059,52.108755727222814,16614,322.8162676287616,5,6,4,3,29,0,55,Benign
74,33,27.967701913731805,1385,24.80813651303753,27058,232.1513322857033,0,7,0,5,30,0,83,Benign
91,28,31.513611867804332,3103,54.85852497984301,9174,398.75966515183694,9,3,2,7,30,1,26,Malware
86,22,25.981128704329308,3215,41.0190974882816,16764,107.87308247772059,1,4,4,0,9,0,84,Benign
35,14,15.248067827991024,2435,31.158742571652812,26882,248.03688449706715,7,5,4,1,6,1,26,Benign
57,18,17.99531146927662,3764,41.15914807001465,11407,340.33267863735136,3,8,2,1,47,2,96,Malware
57,22,9.300504621611642,3912,30.092995284453817,7352,333.2949215448808,3,9,1,2,4,2,15,Benign
73,10,10.042923432998295,2794,51.90178009240873,14703,343.0231529769977,6,5,3,6,43,1,58,Malware
59,34,9.92877702579545,4262,34.115929003379854,11883,184.60030592578642,10,6,3,3,15,2,26,Malware
91,24,8.917590726839306,3529,55.06066798771683,9220,234.83166119739153,2,7,1,0,11,1,73,Benign
91,13,10.387436855273904,2942,35.49040404239132,26221,472.6261808458507,5,2,4,0,31,1,86,Benign
30,13,11.080646077350728,2590,43.01841948186936,29656,489.59021251467897,7,4,2,6,28,2,28,Malware
56,29,8.355378313928988,4487,59.887221050342525,28399,224.8153405327579,0,3,3,0,38,0,72,Benign
91,19,24.20782165652681,3387,17.34829205042706,14836,357.8014813635017,9,0,4,6,48,2,27,Malware
32,37,34.71204603746599,1795,46.83645743667029,5174,196.51871165476234,0,3,3,0,36,2,42,Benign
99,34,31.375602339567685,1891,16.94361139579668,20484,247.4114667894858,8,1,2,5,10,1,11,Benign
56,39,6.368081714782586,3823,51.943318288219814,13539,416.9338787263855,3,3,4,0,30,1,72,Benign
38,15,17.691764275901743,2282,39.82266905810058,15104,300.47149200256627,5,1,0,6,42,1,98,Malware
91,36,30.77931737698317,4421,56.90797803032296,22942,439.8359839366159,0,3,4,0,15,2,32,Benign
66,33,9.040244539759893,1600,53.29783009724342,22822,351.4960982636228,2,3,0,5,1,1,84,Malware
80,21,30.42935439956128,3484,13.743601873441172,7925,351.5684740584594,8,2,1,0,12,0,14,Benign
73,39,22.78101913513698,2245,16.865127083943044,11986,113.55201125913004,9,4,2,7,30,2,25,Malware
53,29,32.93895657788336,2436,40.05854643034126,9819,399.8681436967638,10,8,3,5,5,0,20,Malware
88,25,31.281173427932753,2373,35.91573199710374,10371,491.1466111801988,9,0,1,3,25,2,77,Benign
61,12,25.311029661761523,4553,18.42825653067223,9703,289.2114241013539,5,6,1,0,24,2,38,Benign
81,23,24.734679796180863,4672,16.46796141358249,16984,163.4320059836689,4,9,4,1,23,2,18,Benign
91,10,11.394926071757244,2082,38.199539172080655,28096,490.7910685522157,6,0,4,2,31,2,27,Malware
87,19,8.502589014740256,1151,12.446077398749974,27761,216.05034992714653,7,9,0,0,45,0,27,Benign
81,24,17.46180289906395,1933,53.68676514767195,21741,263.67918229486816,6,0,0,0,27,0,66,Benign
41,16,10.597401184793743,3587,50.35414599013102,24781,130.94656564061268,6,1,1,0,19,2,47,Benign
68,13,8.072501530332769,3272,49.26849858555447,14280,144.33474627696742,9,9,1,5,37,2,36,Malware
31,23,14.069801998186804,2341,10.799857352037053,5292,186.62626822376254,10,5,4,5,12,2,79,Malware
32,33,30.814698283899453,3610,12.382047170636898,10443,319.38642603608037,10,8,4,3,23,2,84,Malware
85,25,5.514444620550837,4846,37.49195605753643,14182,323.11568074576326,2,2,3,3,18,2,67,Malware
88,23,13.779130451665269,4350,59.721284444708886,16594,342.49752913715275,8,4,2,5,12,1,47,Malware
31,12,17.72156555643477,1557,27.115810048567585,7576,333.5267828030385,6,7,3,4,21,2,18,Malware
31,26,20.3170924884586,2497,27.218740820267197,11278,298.09479323336575,7,9,2,2,19,2,86,Benign
83,30,10.447325251489676,2869,16.713898343099167,5819,420.8394618408436,13,5,1,3,17,1,27,Malware
30,23,33.92660599514093,1617,43.71679018697507,16682,473.559878949549,7,2,4,0,39,0,91,Benign
48,27,22.366191307165685,2819,42.333834449700284,25609,207.90453331169175,7,1,3,1,9,1,74,Benign
31,12,20.66331641171132,1023,15.066120818957954,25004,152.07747292257397,4,2,2,0,6,0,96,Benign
82,39,5.2646776679102345,2542,33.37061435341756,29313,270.0349175623832,9,5,0,0,20,0,46,Benign
73,31,19.571461381880212,3415,43.35374544109872,11712,110.56895003759037,13,4,2,3,8,1,41,Malware
61,28,30.130118883655523,3019,34.675806816096355,19857,453.3275494846706,0,7,2,1,18,1,63,Benign
99,12,11.58933629153728,1998,43.71817909323778,26072,195.88250409852964,3,9,4,3,22,0,36,Benign
61,21,15.53622705159239,3382,50.813519871574485,20961,319.718651899318,6,1,3,0,18,0,27,Benign
97,31,5.617143940630866,2456,44.29077165608838,20236,146.03799595859027,1,1,1,8,21,0,57,Benign
84,14,34.30782542701385,1002,40.80571179152619,23308,321.3029356973137,6,3,3,5,20,1,65,Benign
85,19,6.999553913841225,2007,52.67951284722466,10751,115.59738116074575,8,8,1,2,1,2,89,Malware
46,18,31.94663371728708,2281,55.029428393489404,10614,407.5226782356234,7,4,0,2,30,0,47,Malware
67,10,14.38963142541364,1262,29.444321858790207,9634,482.1685850575659,5,6,4,1,22,1,62,Benign
53,22,22.626692059576357,1120,18.662494386194297,25740,222.79042597743816,4,6,2,2,9,0,98,Benign
98,12,25.3794661989801,2743,50.89302020040253,25028,203.28584418171704,9,5,3,5,29,2,68,Benign
99,28,9.224875022933436,1020,20.68765536497416,8207,279.1979886347361,6,5,3,2,18,2,72,Benign
40,20,18.312781333410065,1904,56.44753348745429,21286,347.9894641001503,5,8,1,1,40,0,57,Malware
45,25,14.76398300739927,1139,11.143897261095173,7656,175.5849847967232,3,3,3,3,28,1,10,Malware
88,15,6.6980739681639605,4548,56.063559130965174,22634,421.323198905151,12,1,2,4,9,1,52,Malware
99,33,29.99580963179542,2815,39.459149630603136,15004,179.41392534016433,7,6,1,5,6,0,10,Malware
32,12,6.355032694924332,2312,48.73710582564407,19158,102.1896879934832,8,5,2,0,22,0,19,Benign
49,28,24.597738784516004,1205,29.924629353220226,21611,309.7002334342298,8,3,1,2,38,2,15,Benign
88,15,14.42232129259541,1042,59.585814595444006,8898,146.0598844663647,6,0,2,0,2,2,33,Benign
65,17,10.763879816055997,3897,21.37757137831452,20096,379.29549015482564,1,3,1,0,37,1,79,Benign
48,31,25.01258154006636,4189,23.21718313190874,24257,166.98799834740208,2,5,4,3,7,2,18,Malware
96,22,22.236131435786174,2028,12.571622201873646,16483,426.95215820801417,3,2,3,0,32,0,42,Benign
48,21,14.457687721244897,3254,57.02366815307191,10139,288.1472531503992,8,0,2,8,32,0,24,Benign
49,39,20.388822447777176,3682,32.80146517993381,11567,326.511161846665,6,1,0,8,24,1,47,Benign
81,19,12.387113036186284,2862,43.74262073596746,11556,174.6340661210847,8,5,4,1,47,1,17,Benign
62,12,30.910893770080765,1344,44.37203637314204,8460,158.67523101218515,5,0,4,5,8,1,99,Malware
69,13,14.414563409814848,2165,53.72510461413388,7514,352.5169866080848,8,5,2,0,31,0,80,Benign
68,10,12.354590886545942,3419,43.246262532320465,9284,202.18424613667406,8,0,2,4,37,1,19,Malware
30,22,27.555011331789533,4303,38.10105911520936,10504,254.37022732710312,10,0,0,12,20,1,27,Malware
40,33,5.527774639817446,4235,45.51592620955218,27446,291.7796615747944,0,5,2,0,8,2,35,Benign
86,13,13.04035196258226,3594,47.548539950156325,24553,191.85344223237587,9,0,0,10,7,2,13,Malware
79,31,16.261856619535195,2387,19.296397312424098,27797,418.1695242238814,9,8,2,1,29,1,50,Malware
52,20,31.467138853741453,1983,15.483351948837651,22048,475.7697635635622,2,1,0,6,34,0,81,Malware
60,28,33.51325407645032,1334,13.742442524278156,26721,272.75726482409107,7,8,1,2,22,0,98,Benign
71,20,26.494339007418496,3058,28.702674726126833,20049,467.0193537955055,5,4,3,4,6,0,91,Malware
36,21,19.775953430289793,4479,34.90001199188726,22567,453.0731269369434,6,4,3,1,12,1,14,Malware
45,20,24.218646471730658,3122,40.78249491449304,18803,166.41889148805032,7,9,2,2,42,1,13,Benign
89,15,17.420031550439994,2323,57.90172598448051,19911,169.3527783291653,5,7,2,2,46,1,17,Malware
31,21,13.964774955460035,3994,26.539391010350315,11739,290.96202458815344,9,0,3,4,28,2,11,Malware
30,36,33.520642044188854,3960,48.04370260386372,7632,310.34287169278144,6,8,3,1,26,1,12,Malware
77,18,8.461706870297714,4452,36.567880979744245,20931,236.45189026095662,7,0,0,0,9,2,39,Benign
41,34,15.39180704150327,3757,21.004496604345842,8065,225.1683919354469,4,4,0,2,49,1,16,Malware
98,19,31.972668798817793,3900,40.76527145643796,6889,272.54691592061823,9,7,1,0,27,1,53,Benign
66,12,26.694242917622507,1775,58.35880891448518,18278,376.19171255968035,5,0,1,1,39,0,33,Benign
61,12,5.873043539689298,4918,16.21541496256362,19994,133.75745320475244,8,4,0,5,28,2,16,Malware
38,29,5.6929902027274135,1885,35.36398822746145,17510,384.23280140493614,5,2,1,1,32,2,10,Malware
48,37,20.49537387873724,3035,12.580417707526411,22343,470.49610465285394,4,7,4,2,34,1,39,Benign
77,32,19.52759168690065,1735,26.060814944818112,29733,405.4026835364118,6,2,0,0,32,2,73,Benign
32,25,18.28974615968955,3681,41.03013387969956,20406,176.67074253846363,4,7,1,4,10,2,67,Malware
49,12,14.070312855170267,4657,52.05284680153773,7007,134.99247551085676,8,1,1,4,35,1,70,Malware
53,19,34.59916159440917,2051,46.51642108630355,5721,296.1521635958156,4,9,2,10,18,1,79,Malware
83,33,13.159619689501444,2486,33.14283891077369,12700,482.5624356715948,6,2,2,0,37,1,74,Benign
62,20,19.701206193216855,1395,55.461137855207326,28902,427.6237149555283,11,0,2,5,24,0,99,Malware
53,17,17.14679290469199,1682,25.135733251188533,19654,325.09345560519716,1,0,3,1,24,0,40,Benign
65,15,10.107482778852262,3001,47.699170511258316,6254,157.19256936703712,9,3,3,1,30,0,71,Benign
67,29,11.078564573758356,4447,33.70045108738312,7345,385.5347128446382,11,4,3,4,27,2,49,Malware
54,20,32.54908226029319,3468,54.931787733638785,25924,425.1992954430259,6,2,0,1,30,1,75,Benign
47,37,30.748391685678655,1363,49.87164108268801,5104,474.0276545703373,0,1,2,0,4,1,20,Benign
95,36,10.97132917461057,4966,55.07348306535476,6661,344.8464936639661,4,0,2,0,27,0,61,Benign
83,30,31.26987871728541,4287,20.712392447103667,18170,305.7863258581634,6,2,0,3,45,0,70,Benign
64,21,11.275583902425275,2854,43.407521605810395,10418,347.67281742707166,7,0,3,3,3,1,71,Malware
90,25,23.796389652430914,4172,46.923170404082,22475,477.30100186341787,5,9,1,1,6,1,47,Malware
70,27,7.438415699620814,2781,47.120713264129684,13729,351.25083446931365,9,9,4,2,7,1,96,Malware
62,22,31.411088787773547,1092,35.200022523366876,27123,203.03673975748305,9,5,2,0,21,0,62,Benign
97,31,6.545008983964009,2598,10.562526117397628,11960,354.46056317693854,9,2,3,0,7,1,89,Benign
62,12,21.6482866775341,1265,23.071539193453745,20955,451.8978291206219,7,3,1,8,2,0,66,Malware
43,24,28.39134575541155,3253,26.165043750219056,6571,326.80081143840675,12,7,2,2,9,2,45,Malware
50,31,8.505042092320437,4151,52.60183086408807,8015,301.079531203883,3,9,2,1,3,1,96,Malware
77,37,17.134408025005655,3084,52.04429085521102,12006,393.3476998010059,9,4,4,1,48,0,63,Benign
49,30,6.258504544701503,2034,15.234005201889165,24830,364.3954780579249,9,4,3,2,15,1,42,Benign
37,23,25.482577320198775,4698,57.49179408856288,22813,122.67503958147557,8,7,0,0,49,0,95,Benign
36,27,14.223487848840557,2113,19.122874332574547,20593,390.1244563589723,6,9,1,11,35,0,48,Malware
96,37,21.7818573391541,1743,30.717972565046054,18819,263.0197720344338,2,9,1,5,21,1,89,Malware
46,38,32.98196811261085,3066,20.75784830553777,21625,476.3593120122948,2,9,3,7,17,0,13,Malware
62,23,14.175743239845271,4635,53.01662344146787,12086,488.3211953674166,8,3,1,1,6,2,55,Benign
77,14,6.458824149058331,1373,47.47010159296559,23451,279.49552724982004,9,7,0,1,15,0,88,Malware
88,30,25.268833030961012,2809,27.676440344390198,29215,487.5179386631691,6,9,1,0,12,2,26,Benign
51,23,28.605234035425024,1093,44.093931301302774,12338,224.32820598239852,5,4,3,5,33,0,40,Malware
59,34,33.736056796327276,1031,19.218344208577115,20575,373.0577685807911,4,5,0,4,10,0,48,Malware
67,36,9.734026310769973,4734,29.11485461880008,16080,130.02188444376705,4,0,4,5,6,0,31,Malware
80,17,16.764197753484495,1139,28.85537941690541,11887,157.99573940617887,2,8,3,1,42,1,95,Benign
83,37,30.324213800764245,2593,21.89683408606989,10135,445.8103609511274,2,3,4,8,33,1,73,Benign
37,37,29.206141798066383,4020,53.815602479144125,28834,457.5136157187854,11,0,1,6,13,2,76,Malware
56,32,23.743871220015873,4092,43.94228677395631,5300,313.0444767878979,5,6,0,5,2,2,27,Malware
56,24,13.081056356080818,4220,23.996965528189964,17452,235.90937077876612,0,9,1,1,18,0,62,Benign
50,37,13.521058719523328,4292,22.106038031451867,7828,280.4095727055802,1,3,3,2,17,1,69,Benign
59,38,8.720089838724277,3780,10.897673549961953,16954,447.8497956578624,8,4,4,0,34,1,99,Benign
57,24,32.65561021357729,3801,27.32911268961773,10377,184.39736904836718,4,6,4,1,8,2,97,Malware
93,39,10.187945439183359,2242,36.33856416576591,10707,217.94809252063857,8,6,1,0,29,2,99,Benign
98,28,22.186598035397193,2564,23.885547095418822,7400,414.17717370110705,4,8,3,1,6,1,45,Benign
90,35,22.530542509463388,2582,45.0229138214885,24542,474.1077783665663,4,8,1,2,15,1,94,Malware
77,29,16.088163235858065,2931,30.587476450563315,29378,137.1709360062017,3,6,2,0,31,0,57,Benign
48,15,15.575553830163654,1057,25.81589185053339,22404,421.50892054091827,5,9,3,3,45,0,80,Malware
33,28,25.05765255674839,4496,56.95288293951656,6549,358.02732277272975,1,8,3,0,30,2,78,Benign
64,36,16.64893333845617,2298,23.140043864406955,16110,192.30861778561956,11,4,0,3,20,1,40,Malware
93,34,12.653461800140022,3187,29.912881004832816,19256,402.3268786659072,6,1,2,4,26,0,88,Malware
78,17,16.97395107200093,2046,29.114539426038597,12965,391.16642599973113,10,8,4,3,20,2,11,Malware
46,15,29.22986232996638,3948,22.059917283562417,11902,156.81192461976457,2,5,1,8,24,2,27,Malware
73,29,33.99435365393557,1377,20.873836990520836,22261,300.90042296455545,3,5,4,2,40,1,65,Malware
59,32,24.078506913615342,1921,25.11900094067018,20088,403.3164331402663,9,8,3,5,48,0,19,Malware
75,38,28.463036764523192,1372,53.211808496559044,12009,176.617650723125,9,0,1,8,16,0,55,Malware
35,24,20.984745839378306,4134,48.35414436146453,24464,285.10640895646804,4,1,4,0,4,2,75,Benign
66,36,23.744694262803133,2587,44.04997570800261,8534,148.29644987812458,1,2,1,0,34,1,19,Benign
53,12,34.642599702096796,1777,32.85514963212467,16799,222.73396961635746,11,0,4,4,3,1,68,Malware
75,19,18.152565941057347,2365,35.38769923163017,12791,187.17796036061367,5,3,1,3,3,2,85,Malware
82,24,6.987640908625998,1166,23.356942274673017,14512,302.02845068994236,9,1,4,1,38,1,31,Malware
89,33,33.71020753458064,4222,13.715795691795881,26720,156.48613392830097,7,2,4,5,49,2,30,Malware
92,25,28.79185162710643,3570,26.552027836024113,19563,253.26030215700516,1,7,1,8,1,1,58,Benign
61,26,16.94931103590714,3011,34.779187799618306,24487,210.06516199426378,2,3,0,0,12,0,12,Benign
62,28,34.47185160868307,4678,12.865652325966622,24220,398.4195656827907,2,8,1,0,19,1,46,Benign
96,20,15.366072510458785,1583,14.411665102855322,11313,379.86790925413754,11,5,4,5,35,1,51,Malware
47,25,16.163605880240862,3548,23.151261644228363,23501,137.9722118662491,3,0,2,3,5,0,37,Malware
54,14,23.291940595697625,3943,28.354018679638077,14326,481.39355515116733,0,5,3,2,43,0,78,Benign
83,14,13.2304215846607,1998,29.66584055593526,7717,397.87316723203554,10,6,0,6,39,2,64,Malware
87,35,25.95714455392198,1559,15.894303314400258,29510,346.38347829910737,0,3,1,0,10,1,78,Benign
96,23,9.585509118515176,4419,21.291067726739442,27798,291.0805979138739,5,7,3,0,10,1,82,Benign
75,27,8.240759580744605,4343,23.082362603180435,28825,171.1689683061756,10,9,0,1,37,2,97,Malware
53,35,21.046340226924666,4501,13.38174381006231,19605,484.8063907947175,6,2,2,1,36,0,40,Malware
61,17,21.664810471832034,2011,26.304985029484865,13381,103.14335068096328,6,6,3,0,35,1,87,Benign
76,14,8.19965208889072,4678,13.61107863777536,15961,376.992453691951,10,6,1,4,25,2,60,Malware
52,16,33.92528783393453,1232,45.1728921554835,8379,302.9777298153194,6,3,2,0,49,2,36,Benign
95,25,22.198599728212514,1559,29.302388327865522,19349,461.0327560098296,5,0,1,3,31,1,30,Benign
56,32,9.531049774907782,2231,26.337619468918735,16749,252.27891174191038,9,9,3,5,44,2,96,Malware
31,23,14.34327572996897,4524,16.326108575180346,19029,307.45776758718034,11,9,1,7,36,2,77,Malware
46,14,29.00702641799488,2762,21.32518277224479,6569,396.9357567653544,6,5,2,7,19,2,13,Malware
62,33,20.696945835965955,2524,21.63526044695618,25309,119.02661732900893,6,9,2,2,7,2,78,Malware
38,18,10.644450456396669,1920,59.26021074366515,22871,121.79009641000862,10,6,3,2,9,1,22,Malware
72,13,8.085469161854142,4660,51.76746897542466,25207,184.66909953517148,8,2,3,0,25,0,41,Benign
77,13,17.923232367124545,3908,10.763114581671582,8504,158.5698334116915,7,4,4,0,23,2,78,Benign
68,25,15.122441260593027,2242,40.84182953842399,7622,102.57738733355714,9,7,2,1,13,0,40,Malware
71,33,24.677520574459205,3919,22.795504821096188,10519,349.19592884248425,8,6,4,1,42,2,69,Benign
55,26,32.75740960853496,1080,15.218846440979213,28119,418.375186982403,10,1,1,10,11,0,24,Malware
79,24,12.431908573224764,4620,45.27998815598774,5913,482.8459905342364,6,3,3,4,35,1,27,Malware
54,13,30.657017998485355,3661,16.58027747341746,18055,276.3601270687673,1,6,0,2,24,1,27,Benign
53,15,32.61385935335602,1702,32.18703897648678,10229,211.88826329662731,9,8,1,2,34,1,37,Malware
42,25,32.06007798409705,1540,41.60825824199621,29623,445.560979511399,7,6,4,3,45,1,17,Malware
89,38,33.56231989836306,2849,37.724737807749435,26585,437.75824513575697,7,7,2,0,15,0,37,Benign
36,13,30.263258663878258,3812,58.88145491513715,15864,349.93728437348136,11,9,3,4,11,2,71,Malware
86,15,22.804580161900105,2274,49.28713065612613,26781,209.25961545677384,7,8,3,1,19,1,87,Malware
65,14,17.295382961307258,3785,48.70966880637449,17597,463.40703796237375,3,0,1,0,48,2,78,Benign
74,25,19.75063358101314,3653,27.779769704051564,28079,171.3605346767116,4,2,1,4,28,0,27,Malware
49,39,31.17836524632756,4486,10.419774604207085,5541,117.45860145747424,4,5,3,8,48,1,16,Benign
94,34,14.041951322515473,4157,46.72054648353441,9862,418.6473138909457,8,7,4,0,38,1,91,Benign
37,25,9.777850830232833,1621,59.98660421478362,14398,325.4636241737834,5,6,2,3,14,1,28,Malware
45,19,9.224576544013855,2240,30.29395538718078,29759,198.58712684741005,4,5,3,3,7,0,89,Benign
43,18,29.809838297150012,4069,59.27592494785587,29105,368.3582649280851,9,3,3,6,32,2,24,Malware
44,13,27.844570589902933,3243,17.08540547671732,13180,406.68660952510606,5,7,1,3,1,1,65,Benign
95,38,19.929360231390245,4042,24.82561758183587,27993,437.81838053691746,11,9,2,10,22,1,41,Malware
61,23,13.246142842764595,2320,18.536346587123532,26118,212.85040638745247,4,3,3,8,33,2,52,Malware
92,13,25.328395266278342,3993,33.75879864634079,18748,110.23498050077976,4,5,1,8,48,2,11,Benign
80,21,6.152992922974095,3091,49.84907007536102,26073,304.0155280107411,11,2,0,4,12,1,99,Malware
54,33,22.04683446999984,3440,27.033084576897693,14448,442.43143925215736,4,6,3,4,29,1,30,Malware
87,19,16.95275506218391,2466,55.31144685759357,19132,183.12853490477528,7,5,0,1,33,0,73,Malware
92,13,34.33578901435905,2113,37.24152066648925,15943,268.4501892474154,8,6,2,2,33,1,46,Malware
91,27,20.22680747331578,3202,33.27122068709386,25480,202.56829403395548,11,4,2,3,22,0,24,Malware
51,22,21.568032573508034,4025,49.351792109763814,12151,105.34506056956387,2,4,3,0,6,0,38,Benign
87,22,26.370879903284575,4549,15.072174852089228,26198,459.4096385773388,10,1,4,3,31,2,92,Malware
87,23,19.5361544337694,2644,48.68762356053374,8780,154.02129068359662,3,5,1,4,45,0,40,Malware
78,27,11.737058578302543,1058,22.147600008641334,13474,406.7068463014027,8,0,1,4,20,0,48,Malware
81,10,21.11833539645344,3157,24.040627359161878,24984,238.64129271666422,7,6,4,1,16,1,67,Benign
71,30,33.32806612672161,1478,39.97268866600399,28358,211.07276356266607,9,2,0,2,33,1,48,Malware
99,25,17.297329645054155,3665,55.09672125231026,21255,476.4115546021474,5,1,2,3,11,0,97,Benign
44,24,25.38922864999019,2922,38.92034748854324,14401,362.87979469625697,2,6,3,10,34,0,24,Malware
83,31,34.341025666570545,2756,42.44746743972435,27649,374.7690647685903,0,8,1,0,37,0,65,Benign
89,34,29.897669389504713,2798,48.82972948026371,5440,403.8611673815379,2,0,1,0,37,0,39,Benign
37,14,24.77102399249971,2617,22.966237949624336,25191,236.37333440906568,2,5,3,0,28,0,34,Benign
82,38,27.07989464991543,1783,51.361683640207126,17926,325.46579227830927,6,7,3,1,6,0,69,Benign
89,15,33.09449744051226,4120,30.898007453357486,21857,208.08933761875426,4,1,1,1,44,0,56,Malware
34,15,33.7925631320107,2400,18.782784674558123,12289,433.8166061907476,1,4,1,1,1,0,90,Benign
97,12,34.069043909659875,2055,27.50590397305625,23241,339.722951719464,1,3,1,0,37,2,65,Benign
35,25,23.76924884607566,2509,22.306555585911266,24163,197.36273041644705,6,9,3,0,22,1,34,Benign
76,21,16.541349495957096,3648,21.43568025678229,10036,459.9033625287113,7,2,0,0,33,2,55,Benign
84,13,8.994593868688998,3987,24.12815993595831,21150,332.3360001935407,4,9,1,0,18,1,12,Benign
69,10,16.566440040212086,4039,19.046540737104475,25726,298.0122013029652,1,7,0,0,38,2,31,Benign
81,13,33.28866364206857,3578,43.385087854132145,17475,113.79503457278686,2,1,1,5,29,1,45,Benign
45,10,31.69391241777169,2026,38.99958785175586,16547,463.920802064245,3,0,3,2,39,0,14,Malware
42,30,20.709789861886357,1377,42.42209464917142,10243,480.90956641255127,9,0,4,0,2,0,49,Benign
59,36,21.11021859781772,1571,27.18623619140802,28417,325.03945113512157,3,9,0,1,1,1,80,Benign
48,36,14.267610487849085,2954,48.486670128702215,9342,277.005341445823,8,4,4,3,6,2,36,Malware
46,17,18.63523670211444,4313,16.480437047708236,16669,243.8260264018761,9,8,1,0,48,0,88,Benign
92,33,26.433454818181854,2564,38.556835473068006,10054,207.21919301441426,8,3,1,0,27,1,69,Benign
48,14,17.07292176943376,1586,23.772648612323696,24722,329.8117351216825,5,6,3,3,42,0,72,Malware
87,39,10.639516162281016,4653,36.38049503488057,29141,151.23802120582616,6,1,4,7,15,0,87,Malware
84,35,21.225787364752332,2618,26.18185876201196,15018,467.6694432980561,9,2,4,4,14,0,85,Malware
91,11,11.76010734362984,1356,49.52558825456477,27678,170.3834952231283,0,9,1,0,32,1,88,Benign
52,21,34.228626680378,1684,54.563591941904726,25603,398.20530493740694,6,8,2,2,11,0,56,Malware
38,31,16.710197420358625,2946,47.129061168581565,29570,222.7551089474606,12,4,2,10,5,1,99,Malware
41,26,32.289949148273486,4268,18.779185642462338,11415,190.42843107147132,4,5,4,0,19,0,60,Benign
30,16,11.766619898108729,3905,23.743344919418114,6894,323.1476717419119,9,2,4,0,27,0,53,Benign
87,20,10.676270159173294,4490,55.96790327592079,10459,406.049992463802,8,5,0,0,46,2,36,Benign
30,13,23.50703387119212,1658,31.861006382910062,25185,390.6946675761259,10,9,1,3,1,2,62,Malware
63,14,28.38137234909962,2296,57.05902046746334,24039,193.50254035888298,0,7,2,0,47,1,14,Benign
77,15,22.002936915571272,2525,29.62258444311334,8518,232.20094010784038,5,9,3,5,41,2,31,Malware
30,20,11.893870508157782,3082,57.58873302953319,10681,447.53287320015045,3,0,0,1,33,1,48,Benign
45,10,6.136830886519881,4054,56.28694938666655,26460,389.29749780656323,0,9,2,1,31,0,30,Benign
90,34,23.548664635730155,4696,43.02634449933081,14672,385.0775621410248,8,7,1,0,29,0,66,Benign
93,19,8.931116760966448,3508,10.441352423075141,22029,207.5620305327564,1,7,1,0,39,2,59,Benign
92,29,15.295291610969937,3765,30.016734098796846,19399,416.8017230697742,8,6,1,1,1,2,49,Malware
98,33,25.273542610136943,2693,55.56175648477979,18704,243.36711817297513,2,3,2,0,45,1,54,Benign
51,30,7.940703217487957,4324,54.25551445540574,6698,260.55620806372394,3,0,1,0,27,1,56,Benign
96,20,8.817544393518673,2657,19.369390004805684,29321,215.02443560029042,3,9,3,2,41,2,96,Benign
55,33,6.849986219222124,1511,29.95912479845513,24954,148.55609881569677,1,1,1,0,7,2,33,Benign
45,26,34.8823738672048,2071,51.77549639397358,17805,268.15742519831923,3,9,0,2,43,2,65,Malware
80,17,16.612303058047438,4256,38.89389266250272,8426,106.77580076894743,7,2,3,1,31,1,78,Benign
86,36,32.173855032039036,3538,52.36496167231003,16896,282.3640957709039,2,4,0,10,29,0,24,Malware
58,22,13.807569152728462,3320,51.32836922242815,16416,390.0025752412612,13,2,0,3,43,2,43,Malware
98,36,27.596076954214873,2636,55.37410034762415,17616,484.29801310579006,8,7,4,5,38,0,38,Malware
76,29,11.571998489371367,2012,15.861029409729085,26169,131.44525782641335,0,5,4,0,45,0,44,Benign
91,27,19.94974128944751,3574,17.260757072675784,9574,212.51628167019803,0,2,1,0,3,2,34,Benign
98,36,29.738472178873387,2151,14.140451448452627,5390,297.6524206446801,9,1,3,2,43,0,62,Benign
45,31,29.490031966852477,1209,56.76344205477158,19910,168.15517948076652,2,2,2,1,2,0,64,Benign
77,25,28.828421520880234,1623,33.758119218894656,17699,146.73140883052187,2,1,4,0,9,1,77,Benign
68,11,29.712032391156587,2805,13.216264174122408,22665,280.9272421802202,10,2,3,5,39,2,35,Malware
62,14,11.344168439176379,2165,26.07649512570206,20936,332.2922115568827,1,8,4,0,30,1,56,Benign
52,27,19.466488176811595,1172,27.570632056498344,21890,428.0830906185449,3,0,3,0,14,0,13,Benign
39,12,19.54614423791476,2888,50.477991173837864,6722,499.1213687176715,2,2,1,0,48,0,45,Benign
98,36,31.715074620437374,4749,46.77384460854615,19231,409.7083119948739,6,6,0,0,20,0,11,Benign
63,31,13.906754881982865,1446,44.46935247812845,22341,188.5361807865281,5,1,4,3,14,2,56,Benign
81,26,32.94487680167145,4190,11.093177629568936,10858,399.191227504499,8,2,0,8,22,0,25,Benign
39,25,18.523872089182973,4786,55.53478982131894,11437,314.86144972763293,11,5,0,2,27,1,87,Malware
48,15,25.093610095322564,1010,20.77776334578708,22146,280.32383028137554,5,1,2,5,15,2,49,Malware
87,28,13.066493368380032,1760,41.45307023463389,10596,474.29139756290783,3,0,2,4,26,1,29,Malware
30,16,17.30894320493922,2327,13.090952150570958,10949,380.83703476786457,0,9,1,2,15,2,28,Benign
98,27,26.294027962074214,2783,14.076304593602725,19016,372.6772294175832,7,1,3,1,31,2,62,Benign
33,23,20.38241425553028,2177,10.478864806506108,27646,104.70238589104008,2,3,1,2,11,1,29,Malware
45,15,32.92124035065002,3370,38.296382227266534,11621,446.0285965519132,5,4,3,6,14,2,14,Malware
53,17,27.113748976924324,4608,41.46898348084524,15803,417.32019096412444,1,0,2,0,4,1,63,Benign
31,24,21.932087765318,1976,12.523115161661437,7889,219.576751172177,5,3,1,10,35,1,59,Malware
61,24,31.600092699566243,3492,24.524244238201945,12777,216.8453650026435,2,4,3,0,32,0,55,Benign
53,24,24.96669166366233,3389,52.57272070890083,22726,121.39138402076001,12,3,2,2,36,0,46,Malware
41,25,24.41961420261297,3268,15.065418341145705,10514,120.34256949147087,8,1,3,7,32,0,66,Malware
79,10,12.39113999442882,3157,20.82735822766656,12215,367.4378053846725,10,0,1,3,14,1,24,Malware
64,20,16.845708965846327,3457,31.219560423621353,14828,174.49504516311177,9,3,4,5,34,2,28,Benign
62,36,25.499109578120645,4489,52.1137051316558,28002,469.4191399354202,1,1,4,3,3,0,99,Benign
62,38,31.753751344494734,4673,22.74245272376021,20281,436.961771209981,4,9,1,0,37,2,64,Benign
90,34,14.466424209347457,3552,59.85685076816711,12753,239.55406401287348,6,8,0,3,49,2,65,Malware
80,14,11.46456865828954,2800,27.763090656926416,13741,252.0274207249742,5,3,4,1,23,1,73,Malware
72,14,22.810879364475674,1039,29.322432924181154,7005,230.91062434191224,10,2,4,5,36,2,39,Malware
41,38,7.015912943081394,4580,16.105310211539717,28255,136.9579652767037,5,6,4,0,22,1,85,Benign
96,37,26.436251043500157,2482,44.009895042826535,23567,112.57206306008717,8,2,0,1,48,1,92,Benign
94,30,26.094156298624426,3310,22.17325913922408,13950,280.8532633359589,11,9,2,8,44,1,56,Malware
62,15,15.648980929584653,4741,41.443379764752315,21707,477.21604579659777,1,7,2,1,1,1,18,Benign
69,11,31.780329600347052,4189,21.15788642014633,12364,466.8997283276541,0,4,0,0,36,1,45,Benign
72,15,20.065434246173826,4521,29.393613361323396,15117,423.9354964485458,7,3,0,0,14,1,14,Benign
73,23,24.372948520788103,4839,52.83360459772088,29686,351.43797097720187,7,0,1,5,17,2,38,Malware
58,20,11.287354458150135,4485,46.945295573703504,6823,442.48896267657955,1,4,1,0,15,0,76,Benign
42,13,17.5202100548,3755,17.72954499718617,25005,306.02740709262565,10,8,1,4,27,0,34,Malware
41,33,30.872526208093046,2849,40.38540836870507,6138,172.0640532082527,3,7,2,3,47,0,70,Malware
75,38,11.388186428970284,1822,41.43203258369047,6720,373.6681391156927,9,3,3,6,17,2,94,Malware
31,36,16.717231327774066,4597,14.528423675093052,22107,468.25841407139814,9,8,4,2,2,2,56,Malware
64,34,14.542296332843899,1460,33.29028271679679,28015,107.84203896229872,5,6,1,0,25,1,69,Benign
37,18,9.533305545943403,2141,23.033419783380396,7412,200.5776208831723,8,1,4,2,8,0,19,Malware
55,33,13.691537543826067,1216,33.35650713817415,18795,206.17527650850857,4,6,0,0,10,2,43,Benign
63,12,11.9831685072565,2740,48.853549566143755,5766,139.61581544650437,5,3,2,1,28,1,94,Benign
36,35,32.70780891383982,3124,17.912977990515984,18119,190.19768855941976,4,4,1,0,36,0,50,Benign
97,25,27.232364136283877,2444,16.16521027940219,16573,253.5928311645675,1,0,3,1,40,1,22,Benign
87,20,14.48304745348473,3939,23.465824755288647,15352,475.93416993932965,6,3,2,0,35,0,35,Benign
58,36,27.900171597281293,2195,57.61377251732916,14485,444.1063076507186,3,1,0,0,16,0,27,Benign
65,13,5.664198591016142,3437,47.391210559248314,9017,478.4024897050467,6,8,4,1,17,0,48,Benign
50,10,20.795741323134198,4097,10.97279314072733,9270,148.22871068893568,0,7,2,0,1,2,66,Benign
65,34,12.510036912040192,2151,30.050242124168832,28570,111.21938464770267,8,2,4,6,22,1,99,Malware
39,30,8.429662154255425,1373,22.86989895401926,18514,143.953265764442,1,6,1,0,4,1,33,Benign
53,31,31.512755850154658,1653,41.907228418608696,23342,465.7182539410508,4,6,0,6,27,2,40,Malware
93,25,10.980216027877177,1903,32.96462267670965,29512,162.99545541422026,2,5,3,1,38,0,56,Benign
78,28,29.671732788388468,4095,58.22492624319704,14186,329.0546826290099,9,2,2,1,21,0,64,Benign
65,25,17.396680324753135,4541,20.948922549211908,18778,191.0329479443048,0,8,4,2,11,0,25,Benign
53,20,5.42872310122101,1743,39.39282079994703,27781,108.25416996671979,4,8,0,0,31,1,38,Benign
52,35,26.975984879030758,3470,45.01050074951113,6851,133.84853685703106,7,5,0,3,4,1,21,Benign
91,17,22.890792746581038,4248,51.278224467269084,11910,383.9188091865652,8,2,1,5,23,1,14,Malware
66,32,15.32515649503458,1852,30.348551521400353,8871,172.94658080533566,11,3,2,5,44,0,64,Malware
41,10,13.4463780177879,2770,44.346095382874076,19627,191.65568217339177,6,4,1,5,39,0,83,Benign
84,35,7.210737571113041,1830,25.160073569214138,24607,250.90260032947432,6,8,1,2,36,0,60,Benign
42,37,33.24276784505817,2561,31.773804618091013,17486,362.8966240544694,8,2,1,2,24,1,85,Malware
52,30,19.81954654076257,4337,54.78135656016996,14414,287.74895718386654,7,8,0,1,11,0,37,Benign
59,35,7.56573552728324,1972,57.495380466547715,12981,477.8440863975079,6,4,4,1,37,0,10,Malware
46,18,31.060391532334116,4945,45.940867346363234,26261,273.6728762958653,6,5,4,5,12,2,55,Benign
91,37,13.364995184534502,3676,28.71759453880925,16443,179.65236807898867,3,1,3,4,41,1,51,Malware
42,36,11.108081472039645,3617,51.002889498733204,11361,314.4571357636032,3,1,3,0,10,1,99,Benign
88,21,13.428123150266561,2293,11.293354086271009,19965,280.3558460379468,5,1,4,0,36,1,94,Benign
48,31,21.937143758213338,2352,15.137295526971053,22201,414.8553354140119,11,6,1,1,30,1,66,Malware
78,17,7.221694534911095,4526,43.06868681876806,20168,474.048492215793,2,5,0,1,15,2,58,Benign
41,35,19.452707273680293,2318,24.562428763502872,25300,434.5180912146029,3,6,1,3,7,2,91,Malware
90,26,31.87230335372938,1121,57.56931092002389,12487,255.61588997037688,4,2,1,3,32,2,83,Malware
48,19,10.645147875383715,1158,31.803030604615238,7070,186.4464489165439,4,3,1,5,40,2,38,Malware
38,36,14.935663164567316,4249,31.46824101945885,13828,465.795574805571,3,5,2,4,47,0,63,Malware
57,16,16.883658951549585,4727,43.90397550954656,20443,254.3758605748672,2,2,2,0,7,0,44,Benign
81,28,22.586621345817356,4399,48.37842811530948,9806,408.08264937948405,9,0,1,0,6,2,50,Benign
45,34,32.57762739578935,4951,33.777936906256826,11842,495.8109364851563,7,5,3,4,44,0,29,Malware
98,15,16.836176247272764,1306,20.700045085586208,15568,330.9770726061105,12,9,3,3,30,1,18,Malware
41,30,7.074585220332908,4982,48.66543213628108,25059,291.95218734755423,4,9,4,3,44,0,84,Malware
54,33,15.438525842929772,2112,26.01756374368138,12861,379.94831299248614,4,1,0,2,15,0,84,Malware
81,33,10.702562377995344,1750,18.75553846469288,21098,177.57239231625636,4,6,2,2,34,0,65,Malware
82,37,24.5532343645731,2061,41.58200949625066,23904,295.29589551946003,2,4,1,3,48,0,79,Benign
52,37,5.8778632750199655,2896,14.52268334951752,23909,224.9323028441303,9,0,2,6,37,2,31,Malware
45,28,13.757899132192202,1590,58.56763375430275,26401,165.69114827027195,9,8,4,1,6,0,13,Malware
86,27,21.355205216978597,2880,41.619863220606845,11699,344.0546196123811,7,1,3,0,27,0,14,Benign
68,24,13.320026181486629,4910,59.29477604608779,7635,330.2824341832587,1,1,3,0,41,1,15,Benign
82,11,21.529858500357626,1345,26.944671173931802,27156,404.48143989701595,4,9,0,2,42,2,61,Malware
71,23,8.441369665615497,4323,58.560258059519896,28221,449.1880496965445,9,9,0,3,4,1,42,Malware
87,30,33.284164639688676,4911,17.27811238643118,17406,188.1503944083557,4,3,4,3,15,0,79,Malware
68,19,13.727204219896601,1148,12.034738617351422,10159,411.88106082152007,8,1,0,2,16,0,89,Malware
43,37,32.6900251816965,2039,11.649203022730127,5259,246.95406430117163,9,9,4,4,15,1,12,Malware
34,25,14.775063185124361,2390,33.24351852996135,24380,351.5222407173699,4,5,2,5,21,1,64,Malware
64,16,28.455205735189633,3882,14.15020987392974,29192,440.0960110383245,12,4,1,2,23,0,89,Malware
47,17,12.38562072383759,4904,35.60839420838009,25485,202.47404611432756,12,9,3,2,25,1,22,Malware
38,19,25.093067071688036,1780,26.375025175445025,27838,340.38451358633483,8,9,1,1,9,0,40,Malware
87,24,14.711486414683016,1117,26.78144962370578,13257,292.12755088007236,9,2,2,2,32,0,85,Malware
46,17,20.274773876289764,1703,41.780449827258494,20733,416.2309173802876,4,1,0,2,45,2,32,Malware
36,22,25.214424372910422,3364,18.15490030758101,24162,378.8965195764421,7,5,3,0,5,1,67,Benign
75,21,22.66647515608882,1287,48.32766851698655,22553,407.85273436129665,7,1,0,2,37,2,17,Benign
42,17,22.288417798510828,3955,39.10154598893173,20593,215.17725184128324,6,3,1,4,29,0,75,Malware
69,24,6.970425069728519,2374,55.74723144237554,17316,381.74251763563836,5,4,0,6,21,2,16,Malware
71,35,12.472304965147755,3344,28.24203268837617,21180,342.32234970384746,13,7,4,4,1,2,60,Malware
38,21,22.15517869569625,4265,59.135749603356274,21032,282.67218241830267,1,0,1,1,7,0,31,Malware
79,20,5.549516216471751,3024,38.79138233570116,6666,251.33747614726013,8,6,0,2,6,0,77,Malware
56,28,12.51932765347939,4463,58.67009780937669,18187,232.64001231817235,9,5,1,2,19,2,54,Malware
95,23,11.875557182935902,1442,11.353032702355767,20953,103.86974452113198,0,2,0,8,40,2,47,Benign
34,36,12.495683304825032,4352,46.3988161206194,26383,167.82342052271505,4,9,0,3,14,1,22,Malware
58,27,21.06828498699961,1900,50.831076214636816,21744,123.5912848893626,6,9,1,0,6,2,40,Benign
66,22,22.458810620575772,1300,12.65866433382438,29405,439.3430170518677,5,9,2,8,9,1,60,Benign
67,13,32.26993983118434,3945,38.94848320081229,10714,444.0355481660328,13,0,1,1,32,2,10,Malware
37,26,16.580931470786574,3473,50.09711467947242,11043,438.4773346757071,2,1,3,0,8,1,19,Benign
94,28,32.79736751429378,1249,38.05193626115364,28489,427.16790574151304,3,0,3,5,41,2,93,Malware
46,36,24.558630349525107,2957,13.190679520273331,12752,188.53218141119075,6,2,2,0,22,0,78,Benign
74,18,32.37981187701667,2766,44.67236204491557,12522,296.7144698042696,9,0,0,2,8,0,37,Benign
33,32,30.004163050401452,2538,13.029845733665432,25181,463.1375087873588,13,9,1,4,44,2,44,Malware
65,16,25.627473302230623,1685,50.873444750821925,16553,403.9127176188257,4,4,0,1,34,2,69,Benign
99,10,15.683176985568783,3799,12.151709165334719,15310,100.72811438174436,9,9,0,7,49,2,57,Malware
60,16,12.233313430556555,1997,16.86986905051854,8760,283.77063056151735,8,5,3,1,9,0,59,Benign
48,35,11.671743065360968,1405,23.755379526163424,13368,104.26807970386184,6,0,1,0,10,2,81,Benign
90,16,33.56521512368844,4687,41.66823961304,25424,212.26441879226994,6,0,4,2,22,0,51,Malware
83,29,33.75721529388075,3848,58.8179549815653,11170,274.30497649075403,12,3,3,9,13,2,38,Malware
68,16,26.74494120572927,1243,15.891142630996722,13128,457.1597170601116,2,3,0,0,42,2,54,Benign
48,17,31.513879522294317,4871,17.13538346069592,14504,361.7537136589306,3,7,0,1,35,2,40,Benign
68,25,32.56988489237182,3414,28.443519835049017,11983,244.99382619596304,9,9,4,2,8,0,53,Benign
96,12,20.346685895579363,4856,51.81095688776601,25383,296.2619609811684,6,6,0,5,13,1,21,Malware
74,22,23.871790718755165,3167,33.36154763754071,16239,426.9557954387896,9,6,2,0,35,2,46,Benign
42,19,17.56263493760644,3897,26.080530012791083,13722,219.86223964548526,2,8,4,0,29,0,70,Benign
87,27,17.554722928557894,4511,38.06019161044306,19613,346.0139101874666,1,7,0,1,10,2,81,Malware
49,16,6.152867559338438,4842,23.0261598722875,20334,204.89875355514016,4,2,3,0,30,0,73,Benign
90,30,18.014643814544165,4575,30.057995362376047,16609,291.985374889465,3,3,3,0,6,0,96,Benign
68,30,25.2046943453955,2605,26.630257461602092,16842,109.86340142482534,10,7,2,3,29,1,92,Malware
30,39,17.659464983197132,1432,50.207051120732295,6261,440.91012779667676,4,4,4,4,38,2,33,Malware
32,14,31.172290306308696,1182,56.21278632190004,26640,119.33953260487198,2,4,4,3,5,2,92,Benign
91,32,14.976888572210544,2484,47.97860960784559,10282,189.7441999353727,6,7,0,5,7,0,56,Malware
92,34,8.980461396825484,3806,31.954178801499175,24270,233.40475158352422,9,7,0,2,11,2,43,Benign
54,36,29.34676072187178,2141,35.216748874833186,26326,350.0644467068726,7,5,1,6,20,1,22,Malware
85,33,25.21843754985776,1030,16.253684696471783,28427,388.01338623002226,3,8,2,0,27,2,72,Benign
62,31,12.254584469617456,4024,47.34323555672689,26531,132.18041691417733,0,3,4,0,15,0,88,Benign
67,16,21.09353768126699,2172,39.823783969752206,29831,117.38619435391615,5,9,0,4,29,0,50,Malware
35,34,17.055570157813772,3575,55.12199980687182,18192,419.59595465173953,3,0,4,0,12,0,76,Benign
87,39,33.16579329306973,2296,20.03055717875766,29354,384.8666135616505,9,9,2,0,38,2,36,Benign
73,36,23.21996272761887,3911,47.98630609663061,20983,432.6201417018626,7,1,3,0,33,0,35,Benign
74,31,9.751677835609748,4456,44.23358308595949,10871,370.61530607340654,10,0,2,6,35,0,56,Malware
61,26,20.064453579109554,2903,23.29227669048761,23162,400.4049081426611,10,3,4,5,44,2,37,Malware
74,13,30.876704975715523,1101,43.36893197704126,9760,251.6153532188579,8,8,0,1,48,2,73,Benign
90,33,25.14490010097385,2095,56.21866902883248,25744,336.07372815798794,13,5,4,3,33,0,95,Malware
76,32,30.273562282959688,2728,55.921799383355946,6980,422.15693714805707,3,5,1,7,15,0,43,Malware
50,25,12.511979415969208,4905,45.98132872580707,22971,168.84701376260685,0,5,2,0,36,0,83,Benign
65,28,31.650541311426256,3670,12.403655626703005,29976,269.1291843304766,3,0,1,9,45,0,37,Malware
48,19,27.668339954725162,3852,53.613216866008074,27987,396.1959073919445,3,0,4,2,31,1,75,Benign
49,12,26.86741266314236,3455,42.888930350227,18064,313.05462870607414,2,2,4,2,44,1,41,Malware
86,36,15.396232092905732,4418,25.52171265913672,25021,372.6629811704686,9,4,1,2,42,0,73,Benign
47,12,31.629741912815845,4923,19.362518085284965,28684,217.14767835032558,6,1,0,1,25,2,17,Benign
76,37,24.139381321796495,2390,15.810193149865857,28548,112.93698052707386,12,0,0,1,2,2,35,Malware
78,26,30.555184305884076,1829,12.511844962888048,6147,111.65831190175047,8,8,2,2,18,1,29,Malware
43,19,15.829143679588153,3836,47.70516239753782,10550,477.1124706121391,5,0,1,3,41,1,71,Malware
44,26,9.369562731930696,1617,21.792149947163765,28769,477.8160175980166,7,3,2,5,44,1,49,Malware
60,31,14.97011540660967,3596,11.212646802162753,17140,184.51293598184776,0,8,2,0,26,2,28,Benign
30,39,18.657930421255475,1290,29.863532592099464,7450,158.98626318837762,7,9,3,2,14,1,89,Malware
83,39,21.002221254364773,3469,34.130354029616946,12138,107.25593355720835,3,1,2,0,7,2,29,Benign
32,26,20.324276471346124,1180,18.461511545006346,24777,192.50274252610342,2,9,2,0,44,2,44,Benign
45,30,21.381637773096934,3702,12.202416808127488,19636,233.74057646182945,5,2,3,0,26,1,69,Benign
86,13,30.251172956688425,3161,19.456274154903443,21328,196.49705345515247,10,3,2,4,40,0,41,Malware
41,30,10.103037385645097,2261,43.955138091828715,11357,418.95365612248054,7,1,2,0,15,0,73,Benign
45,32,14.481538855066127,4165,14.11218386256032,14065,399.77219971017416,10,1,2,6,11,2,50,Malware
53,15,31.658254713063542,1259,37.751851527849695,27048,132.4056578743496,8,5,1,0,30,2,82,Benign
57,21,21.81374613674991,4178,17.320599395408333,13565,378.92864324083706,8,9,3,7,2,1,23,Malware
37,34,22.501696111087163,3291,19.784458679020968,6194,308.2340479551666,7,4,0,0,39,0,55,Benign
65,31,19.341876338418565,3470,29.653894163334932,11487,152.86644254994388,6,4,2,0,26,1,52,Benign
37,34,21.46923904958417,1334,15.041266802686568,24911,395.814172197193,0,8,1,0,47,0,83,Benign
87,29,10.942391916803036,2046,18.660175139110642,24865,134.41822606968103,7,6,1,6,13,2,82,Malware
89,26,21.406006982543847,2896,27.447620572567708,17588,170.86026632054802,3,8,1,0,32,1,36,Benign
79,26,34.915193837333504,1270,26.483450274918344,10615,159.69059262126524,2,0,3,1,45,2,54,Benign
57,19,21.98142718772553,4211,47.46357428378659,12458,475.6133616665936,2,1,3,2,39,1,62,Benign
70,16,6.33207396818091,4537,13.739115256321218,20084,379.2624012818595,9,4,4,0,21,1,78,Benign
93,38,28.893069330519793,3501,53.02253678331717,13016,264.51437166590404,7,9,2,0,42,2,40,Benign
56,25,16.894262861701627,2407,50.81160853697274,7057,428.8816603395208,2,6,0,6,14,2,91,Malware
92,38,9.610284455046855,3641,48.29958198459692,16304,186.38376380890574,8,7,0,6,15,1,43,Malware
46,22,30.87559418680074,2400,25.468618123156624,23801,472.43731161803953,9,6,4,0,22,0,63,Benign
62,12,10.939197666049028,2009,51.14408927703938,21509,378.798928351641,7,8,0,5,42,1,85,Malware
58,11,32.623021695755995,2461,19.14010401446404,7832,323.83225640325287,0,2,2,0,9,2,97,Benign
42,25,18.253894713278164,3903,16.22046029275141,9478,417.85937948133125,1,4,0,3,8,2,49,Benign
75,39,27.283725042491,4493,12.247816674474368,27854,357.91239257006333,6,5,2,2,10,1,17,Benign
64,15,21.409875510155615,4227,56.9655181502788,9618,454.8437100041929,9,9,3,0,16,2,38,Benign
35,15,12.698804117456834,4406,25.400544885263685,19142,431.66106402976885,0,6,3,0,9,1,91,Benign
98,22,25.132705234877562,4602,55.8808940088953,22393,179.1322020163115,8,6,2,5,30,1,35,Malware
76,16,33.73737652670444,2604,23.630678075966486,8778,195.86552021774736,4,3,2,2,1,2,68,Malware
54,14,28.089109003742372,1131,55.37829796681748,5941,126.0389655102574,6,0,3,5,11,1,22,Malware
95,33,23.120539897255345,3815,55.196452642304415,8603,188.07956686912098,8,7,2,3,34,2,88,Malware
39,16,34.7188432479757,2744,56.18380225053564,8980,237.39554597525387,11,9,4,3,8,1,19,Malware
85,11,12.959800020280543,3548,34.80767196420969,20318,111.53094206899725,4,0,3,0,6,0,85,Benign
59,26,6.870244637283421,2545,53.2973143399446,9368,225.9850184842456,6,0,0,5,33,1,18,Malware
34,22,5.963925983477933,4211,57.53829480836601,19300,408.6183366509202,7,8,3,2,11,2,90,Malware
62,39,26.32063638676395,1134,26.230847094858973,13693,436.13103920544603,13,9,0,1,10,0,20,Malware
94,34,29.90697094202512,1766,30.943720284127753,17010,103.54931599496933,5,9,0,0,49,2,95,Benign
47,30,24.0530161245358,3859,45.9620093667872,20846,102.85881530769308,5,2,4,0,27,0,99,Benign
78,37,32.150797923295954,4478,25.017991086165047,6250,158.52284330040044,5,8,3,1,17,1,18,Malware
40,36,25.939281420197613,1769,47.690465445632945,28393,449.0308242935159,3,9,3,1,25,0,15,Malware
55,30,16.128639392270614,3141,13.694607260676698,15580,287.7112204529415,4,9,4,0,6,2,39,Benign
92,37,10.437748748896448,2907,36.174919214427106,23703,493.16083046719234,8,0,3,4,18,1,11,Malware
88,25,32.73942435677469,2264,16.11567420418726,10910,454.9325863067205,7,6,0,1,43,0,28,Malware
56,35,8.107914499924384,2772,24.666173821833823,27922,456.051245389216,1,4,2,3,42,0,24,Benign
78,29,21.28965211239216,1164,22.931269624323598,24579,151.39057277150806,2,3,4,0,3,1,81,Benign
62,11,14.42023775820535,1324,51.94660367813331,7957,290.0917396850834,4,4,4,0,17,2,66,Benign
30,14,13.142450225590176,4731,19.675862770309873,27722,497.4362389272075,6,0,2,0,47,1,69,Benign
50,27,24.37504555750689,4289,50.422396007955946,18894,159.6176921041677,8,9,0,6,42,1,71,Malware
84,37,11.937108121731086,3987,49.6980172953961,29295,329.69338144727783,12,6,2,2,15,2,12,Malware
35,16,32.49095320227187,1619,34.94415277786149,8274,237.71199678123392,4,1,3,3,16,0,55,Malware
98,20,17.181317272973722,1230,21.69216277980648,15450,255.1432560081421,6,8,2,0,38,0,63,Benign
34,34,25.321260401890367,3629,21.344816997811137,20088,456.31700161620046,4,4,4,0,44,1,19,Benign
32,34,26.832671519857538,3780,33.24623235579239,8048,335.1610276769132,12,4,1,2,40,2,61,Malware
82,20,25.488250838759907,4657,10.440450369675816,6906,403.51055575552215,3,2,3,2,46,0,96,Benign
52,31,32.102007226790704,2202,36.567537730568304,7939,369.29375899809645,5,9,2,5,36,0,99,Benign
82,26,11.933925908179944,4151,57.63897628835277,16670,311.6062762279878,1,1,2,0,20,1,16,Benign
66,25,7.581636340583035,2377,17.735344093129825,13732,416.6844795081504,6,7,0,0,2,1,15,Benign
46,22,6.663970917951481,3718,38.667281073780174,19431,488.2931623641536,3,8,3,3,3,0,66,Malware
30,31,31.335324514250747,2891,58.08893443222284,29999,486.7278215823145,6,2,0,2,30,2,96,Benign
80,14,34.19861149817547,4752,53.02610697458001,14049,415.7808003973481,7,7,4,0,44,2,21,Benign
74,29,14.07579623614138,4897,52.51900581906701,25561,294.9319022996916,2,5,4,2,9,1,93,Malware
33,25,25.805417707249077,4972,51.09249651980945,16028,165.2635836764805,9,8,0,4,20,2,50,Malware
91,37,5.267383525152467,4232,25.45118030280928,11458,117.78820358875777,6,9,3,0,12,2,78,Benign
94,31,10.658945303479634,4498,54.53084156334061,6752,192.57798734637763,5,3,0,5,13,1,90,Malware
61,31,25.678231473848435,1402,57.06701756165855,28831,236.10319983901738,10,2,0,4,3,0,70,Malware
63,25,6.976614179456985,4103,34.78962116495197,23050,151.93984636722107,0,6,3,0,27,0,34,Benign
68,25,19.055301497594733,3168,27.728552362972938,6863,189.9061318449809,1,0,4,1,18,1,13,Benign
55,23,24.877497931218468,3774,30.711450780292807,9461,133.41818582435363,6,2,1,10,46,2,91,Malware
63,15,27.97874513916552,4586,26.710322091563278,19136,309.47078882519156,8,6,0,0,49,1,38,Benign
83,11,18.614477411731116,1384,20.620922101227002,15605,150.5272764694188,0,6,0,8,34,0,72,Benign
32,23,23.90852118489029,2763,40.92242351264447,10212,397.10745196918185,5,8,2,4,11,1,45,Malware
79,25,21.187268886861837,2448,38.129844312266144,7118,233.05991125763308,8,9,3,2,12,1,54,Malware
41,32,6.569173162499633,3523,33.12925355196378,17613,368.8250856844925,4,8,2,5,20,0,14,Malware
94,39,27.284140617795394,3607,14.792269334241588,10626,453.0077740321538,7,6,4,2,7,1,23,Malware
83,29,10.170857476561249,2190,49.84464823529999,14541,134.40661701480417,1,2,2,0,46,1,10,Benign
34,22,5.95416593701524,1388,18.74667813753946,12358,495.6003149650842,7,2,3,0,16,0,25,Benign
86,24,18.53503748865117,4404,15.728102169802407,19549,358.09733694669416,4,4,0,2,19,2,15,Malware
46,21,30.96912761844531,2546,41.15356977414737,14262,121.34637417466237,7,8,0,4,14,1,65,Malware
76,18,9.524883129830858,2773,29.932218061886157,23137,225.60089277046677,0,0,1,0,28,2,33,Benign
52,35,5.38572602350925,1789,12.990423767616473,28523,454.49805957658253,6,0,4,2,36,2,89,Malware
43,27,8.299377072962514,3800,27.77841774805291,11360,338.49344174915916,4,8,0,4,41,2,33,Malware
95,30,15.909773429948201,2494,48.58901761424814,19636,214.88894689796604,11,6,2,3,7,2,22,Malware
80,23,22.405156099739113,3751,40.76246026085488,16679,476.1978337594056,1,3,1,0,41,1,71,Benign
67,29,10.790364019576778,2547,28.13930114934984,18213,414.9010281631288,6,0,1,3,9,0,89,Malware
93,34,29.058920150677118,3100,19.590239581729406,25649,394.21539845997916,8,5,4,0,34,1,43,Benign
67,13,27.59891361647246,3614,41.58978104023866,6388,455.3708480026811,2,8,1,3,24,2,38,Benign
79,17,25.875908497960978,1820,54.377765047317766,16591,407.9119778834463,5,5,3,2,17,2,22,Benign
59,17,19.624094249466317,2044,42.31363590079569,17969,214.69534127954515,3,4,2,4,31,1,18,Malware
80,31,15.95650865401956,2042,50.64519273251121,25102,333.55443021024314,6,0,1,0,15,2,99,Benign
92,31,16.267598628944324,2879,36.07639192771855,11914,436.91446710478533,1,8,0,2,28,2,98,Benign
81,25,20.092116048671997,1861,45.89855533705144,10521,172.33924268913398,4,8,2,0,44,1,12,Benign
67,36,7.319440606479636,2479,54.811338688917616,22394,165.2093118004813,8,0,4,7,15,1,68,Malware
59,33,25.469163886011835,3369,48.65894891293276,15875,163.59049902835196,0,3,1,0,17,0,13,Benign
80,37,15.545226320279061,3874,55.49269766990729,5425,177.7021098650083,6,0,2,0,24,2,54,Benign
34,38,11.742763338160657,3480,31.556980105802992,17216,141.2923262452871,7,9,0,5,13,2,96,Malware
58,37,13.349812114959168,4130,55.21101275635283,19743,435.0516079856665,3,3,1,2,42,1,81,Benign
33,19,10.408828558586535,4222,41.07836172408538,11918,427.32728815899355,10,6,4,2,21,1,47,Malware
39,34,32.04704256583366,2794,53.502438304084684,12008,160.547596743638,9,7,4,0,25,2,57,Benign
85,30,10.07112549087653,2463,11.96882652189177,13408,382.2148706841384,4,2,4,1,19,1,21,Malware
46,36,31.487783566845877,2907,42.89261909567681,11313,350.7902236839799,5,2,1,1,48,1,54,Benign
46,26,22.16730187905354,3105,52.39875394389493,13801,210.47770624494456,0,9,1,3,3,1,85,Benign
98,10,31.023528661665807,4065,18.710101682159987,17645,190.9473734773278,9,4,1,4,46,2,30,Malware
63,27,19.221926507165364,4799,43.089346673246155,5185,200.23434211016857,12,5,0,10,24,2,92,Malware
35,19,32.82901158443221,4645,51.24773571083157,18157,392.25224324274706,1,2,4,1,21,0,85,Benign
82,35,11.344722308250505,4729,24.397468481631854,14015,227.72682653618034,9,5,2,2,1,0,71,Benign
95,30,21.640752585418237,4965,30.2623163953196,15169,211.18371104698934,4,9,2,6,31,0,67,Malware
72,13,8.775160715410074,1750,38.47588592496097,21273,108.99243994745956,8,6,1,4,7,0,67,Malware
52,10,18.41660855607093,2316,35.9583844442281,17966,463.29459751060864,6,5,4,0,32,2,85,Benign
84,13,22.097110899405273,1181,11.959469651856782,22568,401.0816577915856,2,5,4,1,43,1,39,Malware
45,13,23.17025666519516,2904,14.933604904270672,29759,289.11347032268816,1,1,1,0,36,2,84,Benign
37,35,15.965863907218374,3654,15.023328965218067,24992,477.1707681402289,4,3,0,1,3,2,28,Benign
33,13,7.290069264993585,4149,23.113395274958748,19477,217.4128847101689,6,0,2,2,1,2,51,Malware
33,26,24.659782141479578,1960,22.293205640122462,8766,369.8820172732593,3,9,2,8,12,0,60,Benign
85,18,19.652955813598332,4725,47.11111918933998,14811,222.0601510714897,8,4,3,0,10,1,99,Benign
54,39,9.106365999117706,1104,38.637219300807224,9326,225.82897020757926,3,9,1,5,7,1,68,Malware
96,28,33.07627908218299,2284,48.198804232262056,29019,437.8836666861079,12,2,2,5,25,2,32,Malware
96,22,33.6700598655033,3654,13.494802870543506,21262,414.80878138233226,10,2,2,2,27,0,53,Malware
56,13,30.69818839494107,4294,34.260711873580036,7435,217.6429722629395,6,3,0,1,27,2,12,Malware
61,14,30.316049015527923,1989,26.188778963263474,5734,132.55580626663752,9,8,1,2,6,1,84,Malware
79,38,7.960138276041684,1483,52.49696553778732,5157,243.0336558364794,4,5,1,5,20,1,62,Benign
90,22,34.802603287477034,2725,45.389457845495166,10304,404.0230141941261,9,9,2,1,49,2,56,Benign
80,32,17.011420395911948,3176,53.46292354133981,24876,140.21774447400261,3,7,2,1,22,1,52,Malware
48,25,9.893633476013406,3366,12.321356120303003,24638,368.840345889301,8,4,4,8,26,0,95,Benign
50,31,29.363051846516633,1706,46.04117447833002,21378,455.9053039655619,8,5,3,0,45,1,24,Benign
34,14,11.771923053891735,3556,37.0004176079789,12764,171.69086224201885,7,2,2,0,41,2,71,Benign
71,17,20.785259620087743,1019,51.25000145077829,22459,444.88172971448154,4,6,1,5,32,1,43,Malware
90,25,8.84048195610309,4882,35.35802954629105,10122,120.54555298275642,2,8,4,0,23,2,41,Benign
51,39,19.239371698276656,1751,37.01045389509545,19412,366.75210323622537,9,8,0,2,1,2,73,Benign
50,10,21.744244802088268,1234,12.588369047103257,15053,416.4155681503491,9,6,1,1,36,0,12,Benign
99,32,18.37771879854028,2620,43.42614325179834,13190,277.9064470637329,2,2,4,0,21,2,83,Benign
30,37,7.0846047425795895,1605,23.656993780252503,29225,181.4914779254054,6,4,1,3,14,2,75,Malware
34,15,19.5481709174829,1553,10.984696108941025,28135,469.89179956140225,1,9,1,0,19,1,95,Benign
41,20,19.068285303224474,2899,13.321858125301503,26519,107.98754744126752,8,8,1,0,25,1,77,Benign
75,25,12.848608318720215,4421,57.86428044830128,27757,322.028491691813,3,8,2,2,9,1,33,Malware
63,14,32.648047989723096,3500,27.30386447899235,26383,249.1397634820129,13,2,2,7,41,0,39,Malware
78,25,17.53376998094768,1585,53.40378143105795,7964,284.4228781924183,7,4,3,0,29,0,52,Benign
74,16,30.923473885891553,1983,57.98386170346279,18578,314.62602251155835,11,0,0,4,46,1,74,Malware
56,28,8.289914889003256,4948,57.163359441866135,18617,313.89944890660354,3,6,0,2,47,0,92,Benign
55,10,14.566318526185443,4580,54.08626203497101,29406,181.44946550257282,3,1,2,8,2,1,37,Benign
76,18,10.289925613041202,2650,54.742195623065044,10125,371.88092916001733,5,9,1,2,47,0,61,Malware
85,27,17.252323635445777,1422,24.450402217047575,6133,107.65931647685845,3,9,1,5,31,2,25,Malware
92,22,8.349100615126357,4261,17.573494513017913,9238,108.47363768514269,3,5,4,0,31,1,30,Benign
77,35,18.231044175368616,4196,41.96312810439618,27410,291.394936511324,5,9,4,0,14,1,59,Benign
90,24,15.61612230344709,3053,34.40527959344119,10786,316.76115210811037,13,5,4,9,23,0,50,Malware
55,12,11.699451418220157,1457,14.937335934758552,27956,209.95579268010414,5,6,0,4,31,0,41,Malware
65,33,24.265382358509452,2914,43.877065801120544,13357,320.6702134507334,6,2,0,5,38,2,74,Malware
30,37,33.52734464443496,3601,38.14300037423867,19595,306.44369319423606,6,7,4,2,16,0,75,Malware
37,19,11.213404206487606,4641,53.153370040521956,27477,239.68822190905792,4,4,4,9,8,1,69,Malware
81,18,26.353725196953512,3569,40.459189784419934,16948,360.7098546180466,8,9,4,0,12,2,40,Benign
76,22,27.271426677702287,4160,38.697308986087684,29696,483.17488661870766,8,3,0,4,1,1,27,Malware
85,25,19.943615492775873,1845,32.0375861666314,24381,296.3210777700542,4,8,2,0,40,0,26,Benign
43,12,31.93005038301701,4182,33.13935349444351,17700,414.4203037099921,8,8,1,1,14,1,17,Malware
57,31,33.991701981945205,1550,57.719061348955805,16403,199.03862542919586,1,1,2,2,28,2,19,Benign
31,32,15.867393561615483,2420,16.922300470011965,15167,404.7802374029925,12,0,0,3,1,1,69,Malware
55,24,24.530998940095625,2994,32.31094092910936,11311,359.5623818007977,1,2,0,0,22,0,64,Benign
43,26,24.866378537003367,4750,42.79136169634214,8155,355.87911197132155,4,9,4,1,45,1,69,Benign
88,23,17.109065787575137,3058,31.65053227951998,21804,457.21413617689103,6,7,2,0,28,1,89,Benign
85,16,14.503732234838425,2645,24.160781352037887,14921,193.34010198090067,6,3,0,5,13,2,33,Malware
36,29,33.01232594683441,1496,24.367868538142744,7835,247.38004683637683,8,4,3,4,8,0,14,Malware
32,25,28.69944647938026,4087,21.682802312885787,25747,133.22698280439428,4,4,2,1,7,2,98,Benign
52,30,8.433936979236325,4104,27.195160029154483,7085,390.4479907076849,10,1,2,4,3,2,85,Malware
47,17,8.59652214754661,3792,53.58373877917835,12069,437.5469141198447,4,0,0,4,27,2,77,Malware
67,13,32.6762830655848,3536,35.26122751614976,28854,262.3334014527212,2,7,1,2,19,0,45,Benign
44,29,7.442292950807733,4259,22.01193640389092,7385,242.7307273873038,2,9,0,0,46,1,74,Benign
93,33,25.652640387294976,3783,29.22633585132662,23761,363.460742342611,6,4,2,1,21,0,44,Malware
57,24,11.802747408332351,4642,15.2915206039284,24241,130.2361843157348,4,1,3,4,44,1,92,Malware
68,14,6.05556028224856,3505,55.201786986936895,17292,217.5367584545255,9,6,2,0,1,2,33,Benign
86,22,6.789126382402706,4122,30.4098916045716,6455,246.4851194140735,4,1,0,8,30,1,15,Malware
46,15,16.205663110386862,4342,59.019560229653784,18682,307.4361136123008,2,5,4,3,20,0,84,Benign
73,37,7.327653550680941,3511,27.376938663125962,18182,290.6276877876038,10,8,1,3,13,0,61,Malware
54,36,22.89917599800362,3090,51.81780236135605,6890,183.47216910985074,9,3,2,0,4,0,75,Benign
46,39,24.41763534122227,1538,22.81926566457266,19438,316.315149545333,4,4,3,8,28,1,23,Benign
42,14,16.20405715949147,1567,13.807644668880112,13841,470.3474763547079,7,0,3,0,26,1,49,Benign
54,26,27.286342271550524,1120,11.586668083690036,7428,110.83515611885196,7,0,3,0,41,0,87,Benign
97,16,19.701275605087318,3672,40.30842133223918,11209,372.122628961869,9,8,1,4,3,0,43,Malware
39,15,17.906855102062462,1315,25.57868358367947,23701,349.88361090492356,11,4,2,2,38,1,10,Malware
96,11,17.209642663703754,4069,32.17599402379142,29622,469.7707818846649,5,2,4,1,39,2,32,Benign
47,20,17.933194620366123,2138,50.93235178003977,13048,358.13797616283273,11,1,0,5,7,0,10,Malware
63,16,34.03662949803255,1620,22.405404284740108,28731,349.93708499241734,7,9,2,2,5,1,53,Malware
37,31,25.442211801153128,1453,25.432623836745663,23499,407.92226403929607,4,6,2,2,18,0,56,Malware
69,30,14.456295414833,3734,52.26680925293336,12282,207.1223795278641,2,3,4,0,2,2,37,Benign
71,17,27.01579610616696,3671,34.638113667175205,12193,338.2929049728948,2,2,1,1,13,2,96,Benign
70,14,14.90802164968748,1611,51.38325835262438,20918,307.76844374473836,5,1,0,3,13,2,37,Malware
35,36,8.771447233540286,2543,28.72380017331582,15446,275.38900266198937,7,9,0,5,47,1,78,Benign
81,27,19.260810723669472,1958,29.918499041355425,21456,131.79486694778433,6,9,0,0,33,2,89,Benign
55,31,27.530715774152423,3008,18.356918088912813,8457,217.05154320513654,7,3,2,0,46,0,29,Benign
93,25,16.329797326619634,1646,55.81729267974832,23406,211.9926855960678,5,8,4,0,33,2,61,Benign
88,23,31.07522426142029,1762,54.839184700630476,21296,389.70038286560043,9,9,4,5,47,0,57,Benign
85,21,16.608581122632796,2360,59.210850728238675,9085,468.26245408417395,13,6,1,1,16,0,93,Malware
88,26,15.495170765201951,1239,30.122356358485575,15269,192.31488915073945,4,0,4,1,8,0,26,Benign
99,14,34.947317415898,3781,50.930747087932104,12588,129.84957555653037,0,2,4,0,44,0,73,Benign
62,23,19.47416068970196,2409,30.74768658360593,18832,499.98278174750806,7,4,0,0,41,0,14,Benign
82,15,29.15663629140518,2168,32.71493944604864,22927,376.4821320536219,5,6,1,1,48,2,69,Malware
51,24,29.149641681797675,3424,51.49996967974123,20223,454.58833879610296,0,4,4,0,48,1,66,Benign
50,16,32.79108011297538,3051,18.868338544319986,25880,157.5517663455185,10,8,4,4,12,2,29,Malware
99,23,7.546851633509109,3841,21.015546723087617,10783,420.3072164469475,9,6,4,1,38,2,78,Malware
99,27,13.13660829280527,3893,25.73641201979075,15228,425.3294983952401,8,0,4,1,44,1,76,Benign
33,10,28.03244274639302,4399,49.40895162500288,9749,160.59557039624366,4,5,0,1,35,2,98,Benign
91,15,21.878044771956947,1196,28.632577468404136,10045,164.5616720376383,3,1,2,5,32,1,43,Malware
91,12,21.788448270636017,3436,27.90841041403808,5847,218.18048644872042,11,5,1,5,2,0,59,Malware
53,14,9.986459056107224,4711,59.94081726276209,22318,186.7149790542959,6,2,2,1,44,2,10,Malware
84,21,13.434590423417895,1260,29.190307154973972,6395,490.16396322263756,0,1,0,0,7,0,11,Benign
38,20,20.640022571502033,3650,22.38852681577935,27958,245.1775334545738,12,2,2,5,49,0,83,Malware
32,22,13.315440940238636,4908,41.16068391004717,21922,404.52256470688275,3,9,4,1,40,1,27,Benign
60,25,11.308483780961453,2794,50.09399759775004,29646,422.020321393069,5,3,1,6,41,2,22,Malware
69,27,7.632681673099883,2957,13.480391686157963,19113,254.37635486186983,9,0,4,2,7,0,31,Benign
65,26,9.671780357700367,1093,40.944611556923746,29831,373.0342217129342,5,3,1,5,35,0,16,Malware
53,26,28.066032874759188,2280,11.786772794011238,15386,143.12005635829084,5,5,2,0,15,0,41,Benign
35,38,26.563375417541465,1135,36.3166175489759,5901,258.7848205927744,11,4,4,2,6,1,75,Malware
95,20,6.375010530461348,3572,22.849578187890458,23267,486.9242640379599,5,4,0,0,6,1,52,Benign
33,29,11.098522560323332,3003,25.332084883659284,13331,167.41226156544147,7,8,4,3,12,0,64,Malware
35,19,21.813660401981487,4781,33.35479819911913,24086,254.28452188025253,1,8,3,1,34,2,46,Malware
80,38,14.678835327103194,3545,56.35537303727935,15860,416.208603956813,1,8,0,0,4,1,58,Benign
91,25,29.697488080385916,2201,45.533365329393824,16110,366.16930196418406,6,6,1,0,34,0,77,Benign
86,11,28.549679229864406,3159,56.84227981422482,25543,352.6074406297594,3,9,3,1,35,0,56,Malware
95,26,31.747416738743286,2287,42.99855022793388,14486,441.30298373696894,1,8,4,5,7,1,40,Benign
37,31,21.887936945153477,4485,10.355387354392983,16074,111.63753720947902,6,7,4,5,40,0,81,Malware
55,39,15.562294394272955,1368,23.279259867383878,22800,408.4657472727969,3,7,4,3,11,2,86,Benign
80,29,23.181940885547533,1935,55.28862888601869,16264,453.0196156863273,0,4,4,0,33,1,73,Benign
74,19,7.674100392363734,4662,42.17227604838724,16524,106.46979099847873,8,8,3,1,8,1,75,Benign
73,22,5.287580532244029,4449,59.08236182851374,26347,323.58518044292225,8,7,0,1,45,2,13,Benign
34,21,5.512805603610661,1767,17.79820096091478,26257,239.43539408425224,4,6,3,0,7,0,39,Benign
99,24,17.226288138026483,3633,24.837391655325973,26505,120.30508352541709,7,7,0,0,23,1,63,Benign
55,16,11.842327823091898,4454,28.118382975851816,7582,267.09924772725736,5,8,2,0,3,2,39,Benign
97,36,9.72013117400143,1672,26.32789090836553,21742,357.61205646875436,6,6,2,3,9,2,54,Benign
48,31,23.459780468545112,1510,22.59957650749403,6500,467.605452635757,5,8,0,0,29,0,26,Benign
49,30,34.852851278395434,1712,32.17328578783889,13119,348.21219459842854,6,7,0,0,7,1,89,Benign
41,35,10.332596108466092,4952,42.11490616846856,23322,442.69723262239484,5,1,0,12,18,1,12,Malware
76,37,21.392642726418163,1819,25.562846144334802,5814,148.62860266982602,6,2,2,6,20,2,37,Malware
30,22,8.591825419996812,3424,13.984996165712785,13787,184.2084670092537,11,5,0,3,31,2,74,Malware
43,21,33.02709323216417,1544,45.42662634465817,19539,488.11714568582715,2,5,0,0,20,1,98,Benign
93,21,13.75265505711755,3120,32.95082778906343,10066,454.96027610257755,9,6,3,0,23,0,40,Benign
67,37,31.350194601301354,4021,37.82411530450316,29802,194.09078120801018,5,1,1,0,22,0,56,Benign
66,11,13.492293177511305,1503,32.770032858195755,16187,348.3895527190318,0,0,4,0,47,0,22,Benign
40,14,29.181574405601584,4423,54.51787517274551,25219,245.053103411413,11,4,4,6,22,2,32,Malware
32,34,11.28144000337318,1804,37.93724985831901,26296,287.4394034915341,8,1,3,0,44,2,13,Benign
62,34,13.783682904603332,1709,56.163841992587486,11086,444.35125963691604,6,8,0,2,41,0,81,Malware
35,11,10.774260962109018,3372,35.52876707780001,11294,394.28504405321314,1,2,1,0,15,1,66,Benign
79,32,12.92779633548967,1387,24.62940811201409,16510,195.37702468803815,6,1,3,0,13,2,92,Benign
39,35,30.04597265999946,3875,27.772129358809828,19129,226.39722987875297,10,6,1,3,11,2,27,Malware
34,39,24.170974926400923,1239,36.10646467923928,7064,215.8841839275991,5,5,2,0,20,1,54,Benign
52,29,17.17639006511672,4023,36.49947189025043,23735,412.26511133629776,7,7,1,0,27,2,44,Benign
39,22,34.14563081246469,2097,44.36688507744744,19200,296.0353684547325,6,8,3,7,26,2,44,Malware
73,38,18.94584581388721,3078,21.22474360933154,12364,480.28972280975444,1,2,4,0,47,0,84,Benign
31,12,34.09279913776554,3526,42.94214499827508,6364,426.67487089162034,9,7,2,8,18,0,46,Benign
42,20,10.897607687325806,4085,48.92940041903761,16020,184.47777234183252,0,3,1,3,28,1,85,Benign
69,25,32.139152813448476,3764,43.829599473349504,22468,414.3771181418199,5,1,4,3,2,0,25,Malware
31,10,5.4146661229248405,2339,34.09140549087954,21650,302.4317388855708,8,3,1,1,12,2,21,Malware
94,28,21.359096070972726,1067,59.5840325558417,29535,201.48405047228198,9,3,1,7,4,0,70,Malware
92,20,17.691571828760445,4711,30.24065795646081,18408,245.33269712715602,8,7,0,5,10,0,68,Malware
46,18,20.752635364159378,4053,15.329530728991461,18594,488.85044669733446,3,9,4,4,41,2,81,Malware
38,23,21.60334495843097,3585,51.07521077036715,14462,293.58457703364996,2,7,2,0,46,2,74,Benign
44,18,16.670940622031328,2943,20.61006094402091,13226,387.8423398442652,7,6,2,6,16,2,79,Malware
53,16,34.945935406582855,2719,45.6642786451221,9881,290.83411806510884,11,3,2,7,33,0,80,Malware
67,25,34.29521570901878,2672,18.948814135756294,5067,248.6229095384477,8,1,1,0,44,0,52,Benign
64,12,33.852361301137854,1290,10.843869542896968,21572,418.5680073037434,5,0,4,0,2,0,74,Benign
78,38,34.372551421297636,4689,17.989930189451282,25520,439.3297407100252,9,1,2,0,47,1,48,Benign
98,28,28.790371963081956,1974,28.849434828791097,17895,128.75566626634813,2,1,2,1,23,0,23,Benign
91,13,34.65771437078996,3071,15.330912356489915,22066,211.5910356526665,12,2,1,8,14,1,43,Malware
89,16,31.770806758254256,1414,19.8839542117841,18232,303.14841905235227,4,9,3,0,28,2,37,Benign
79,32,17.477979110972633,1850,48.231313884219645,16146,226.59909897777328,5,4,2,8,43,2,74,Malware
38,37,28.543313251502234,4009,48.494180398856535,8138,413.4332019843014,12,0,4,3,33,1,35,Malware
63,21,32.362035353768775,4777,50.87441135954884,18234,145.89334429954746,9,4,2,0,48,2,45,Benign
64,39,26.378182207612774,3728,52.05776182737962,14523,419.1193145146293,1,6,1,0,24,2,43,Benign
30,27,17.683470216968118,4107,31.02179473068777,8190,347.1545668779495,12,0,3,2,28,1,69,Malware
69,37,6.973707260492757,3148,53.37748303467642,5852,215.7470874149932,3,3,3,2,39,1,34,Benign
93,14,29.29090811181763,1545,36.29684375070215,21042,237.78187537647165,6,1,4,5,27,0,33,Malware
51,32,33.58228619379411,4960,33.52985584680041,12353,173.15966203728055,9,7,3,8,13,0,16,Malware
89,32,15.87389780689779,3086,45.92681644978879,28621,201.0293601192551,9,1,2,0,2,1,34,Benign
93,31,9.557181529668188,3258,20.69092056799536,17188,386.9075475929986,4,0,0,0,29,1,46,Benign
40,35,14.795115184116671,1741,49.4748688413736,23078,250.3536562164772,9,1,1,1,17,1,22,Benign
43,19,22.478670745347387,2814,31.47329132831016,14499,374.99365547481955,9,9,2,8,18,1,93,Malware
89,21,14.507870098467086,1591,16.36477070018802,18930,305.6430164406992,6,3,2,2,14,1,40,Malware
59,17,23.31856190589062,1749,15.965595675848379,7595,158.1190998575703,5,4,1,0,26,0,33,Benign
64,28,34.00556696733892,3219,18.245337192335008,26851,299.6282591198768,4,1,1,5,4,1,76,Malware
66,24,25.122034799230477,1837,54.52863671218912,6218,402.5879383370532,7,3,2,0,6,2,54,Benign
34,10,15.879780988568651,3489,59.54689111295237,27283,219.07020188972973,8,6,3,4,16,0,43,Malware
55,12,33.07258914414605,4130,27.848689960064174,13675,359.2326658747712,4,4,4,2,21,2,68,Benign
91,36,21.969058061034318,4481,24.60719261026488,26067,179.61306181668334,11,7,2,4,43,0,15,Malware
33,27,8.851171955977,1533,20.938548629716866,28831,154.2795831667004,5,9,0,8,47,2,65,Benign
71,27,19.969430155812844,1364,51.19082385836227,29384,244.09045224958268,7,8,2,3,8,2,22,Malware
47,39,24.609093347301496,1366,20.460374120943804,12759,255.68143747986812,7,0,0,5,7,1,49,Benign
69,39,30.147630974502157,4415,56.20450649651349,16741,404.40385214684096,5,0,2,3,14,1,84,Malware
68,11,33.09430360122942,2773,43.36751894856413,21665,284.0315005071301,3,2,2,1,47,0,22,Benign
43,14,14.522484011491557,3343,54.85638958345973,13821,132.4939581323279,2,7,0,2,7,0,71,Benign
61,38,9.665370922371103,4412,37.70049271970731,7466,353.5997993421581,8,0,4,1,11,1,62,Benign
80,10,7.2148592658164725,3653,44.533993109124836,9175,287.7013039464189,7,9,0,0,43,2,65,Benign
67,19,27.150638081248484,3803,40.97290503288538,9921,232.65728022612646,7,1,4,4,41,0,53,Malware
52,29,28.85474758146296,3570,51.55977281618984,15921,420.88752344439445,8,0,4,4,20,0,77,Malware
92,39,17.281193807845007,2652,51.793040559294056,11556,161.75391609103377,7,0,0,8,25,1,95,Malware
44,19,16.877762215208868,1264,39.48964999225626,23765,465.2849375911853,4,8,1,0,32,1,70,Benign
54,14,33.62711094963896,4595,41.62538246648862,7936,233.62459612684444,8,9,0,0,19,0,63,Benign
46,27,32.50043975240982,4737,56.093796024891496,18514,284.3765779370511,8,0,1,0,21,2,58,Benign
95,30,11.997977057511296,2061,56.49332419824847,15497,471.69319822407664,11,3,2,2,10,0,46,Malware
82,35,28.42422943249422,3034,43.21248919475908,28290,404.495932695083,9,6,1,1,3,1,27,Benign
80,24,23.681011886988202,4202,10.387713908658178,16630,129.72097352192785,3,4,3,2,41,0,11,Malware
68,29,9.626682173589197,1381,15.220560737697049,28697,331.3187435021482,8,9,2,5,48,0,65,Benign
80,17,15.703131412596811,4296,52.89712658872081,11139,224.145148669278,9,4,2,7,46,2,59,Malware
99,26,10.324188239224474,2166,14.235705818540076,24833,303.395299936288,8,6,1,0,49,0,78,Benign
35,21,13.854681164655158,3478,20.67595904275332,18752,397.1876166536645,0,5,1,0,31,2,21,Benign
96,30,23.45903527320055,1388,21.52733401108259,28958,298.46916556746,0,5,3,1,38,1,25,Benign
36,39,16.25796413130319,3101,40.01173848899524,19098,128.40875077801806,5,7,2,0,39,1,67,Benign
80,39,16.821785595075717,3071,38.831639894188214,15258,311.9922074438735,7,9,1,3,1,0,27,Malware
71,36,21.189418778515694,1394,24.470876171020016,24385,109.65186662405748,8,8,0,3,21,1,36,Malware
93,21,7.616724165251682,3680,20.380568278422142,10999,239.36374294397652,4,1,4,0,25,1,20,Benign
44,35,27.163918695482444,3166,48.22660149287379,10074,291.2122091693727,2,9,4,0,14,0,86,Benign
58,10,17.0512860024002,4744,56.772807780298805,26932,357.869425350651,11,3,1,3,44,0,75,Malware
62,35,19.411912646069606,1982,12.640283995821935,25731,302.4827150486721,0,9,3,1,38,0,34,Benign
56,35,34.228991865638946,4657,16.659023135243142,11119,160.77872421886752,5,8,1,3,36,1,42,Benign
65,13,15.331006649547621,4256,42.10819943528537,18083,472.88702558441673,3,9,3,8,30,2,44,Malware
58,17,24.446568079217762,3239,50.22207258357128,16825,360.1198691004568,2,0,2,5,21,1,97,Malware
67,10,16.775129518874323,2962,49.55943343881998,12050,226.787114049963,8,9,0,2,37,1,73,Benign
86,36,31.828481560510344,4803,45.984157654134464,27326,486.3758780524166,10,7,2,4,22,2,54,Malware
56,24,30.402688009851182,3534,54.3713977249046,16149,453.0310436435959,4,0,0,5,31,2,74,Malware
84,27,12.248728152871529,3680,20.867443978540642,15977,157.39603547126558,12,3,3,2,46,2,34,Malware
62,10,25.752371378327016,1720,15.364547324597357,13412,362.17163804262543,7,8,1,2,3,2,62,Benign
97,20,6.955159876916211,3431,40.768148504568416,20508,324.0277808346194,7,3,1,10,47,1,86,Malware
95,32,33.8955616858967,3859,51.11379457617162,26039,177.1235691544777,9,4,1,5,18,2,70,Malware
39,11,15.469703240424726,3393,39.102178924028664,26561,193.39005619561158,10,8,1,6,32,1,43,Malware
34,10,29.95528317754301,1472,58.14987437294531,25192,325.50950942038793,9,7,2,0,12,1,24,Benign
67,21,14.552940982319297,3723,49.77822306958947,29200,228.51531373359083,10,0,2,4,20,0,79,Malware
42,25,23.983122235906162,2803,45.039590045463044,12874,433.9325724380621,2,2,3,0,23,0,91,Benign
60,31,34.50772375952995,2975,13.01286454358668,27221,139.09569412250966,11,3,0,4,29,2,37,Malware
76,31,31.302495893948908,3050,15.387111936584105,20377,465.612309280845,2,2,0,7,16,1,62,Malware
81,19,9.810977297147222,4121,49.241881629559714,22163,436.22101962731585,9,8,0,2,36,0,31,Malware
85,27,21.424652994484138,1924,19.911896278851465,23646,395.4493932454987,9,5,1,3,32,2,17,Benign
44,24,15.455953463440705,1875,11.441758803949527,12885,205.02690037406546,4,2,2,8,1,2,65,Malware
58,26,18.030165549448753,4575,55.538034287348246,9731,385.98314241684756,4,7,4,0,41,0,33,Benign
37,39,15.055493876563057,4031,54.540268685061704,22423,275.5079118474529,5,8,4,1,37,1,21,Benign
34,19,15.078777445865395,4282,20.924191361574593,20012,353.5031588916665,5,9,1,0,27,0,33,Benign
58,12,21.276597313298343,1972,49.01031290364773,29339,225.02176688134182,6,3,4,0,18,2,10,Benign
76,35,10.758920273694578,4599,12.398983060582754,12566,434.3431415232115,11,4,0,1,4,2,37,Malware
97,39,21.12186275700094,4751,24.252900191163153,7280,116.23043972755123,4,2,0,6,29,0,17,Malware
74,30,13.368963115949027,4354,41.183345412831244,19360,376.5838986783667,2,4,3,4,8,0,12,Malware
31,25,13.669487127253989,1378,48.15894980791927,22772,431.4524961533258,12,1,1,13,24,2,90,Malware
56,15,27.162440871068682,4397,10.51995943940948,28465,358.5712460655597,2,1,3,1,10,2,82,Malware
65,12,5.887808106798074,2321,26.310430663687203,28546,176.79671285172498,8,4,0,0,39,0,68,Benign
65,18,16.428372880214212,4768,20.7172780031837,13119,213.9923119121052,13,6,2,3,28,2,84,Malware
55,20,17.22603140460935,3185,59.93902028743618,8508,305.9621178011002,6,0,1,7,3,2,43,Malware
72,30,19.55330419154518,1124,43.54911161926175,7118,231.77962770889727,1,2,3,2,42,0,29,Malware
56,22,25.07033074188616,3981,30.283572643987192,17247,101.96656868287933,2,0,3,0,48,0,28,Benign
98,27,16.0906034821126,4463,13.78263009903425,22966,116.27124497781907,9,7,0,0,3,2,68,Benign
49,35,11.394113129193652,2425,39.933512875348185,19360,407.10737240400346,4,1,3,10,49,2,82,Malware
40,31,31.54618521638926,1479,42.08507354680321,29276,133.4828726725457,3,5,0,0,23,1,92,Benign
67,37,34.43115880043636,4472,50.82029637515676,8445,471.20874225529275,4,5,2,2,27,1,47,Malware
35,33,5.600440795187984,3617,24.428842645968174,7818,277.0945783585323,9,8,3,0,42,1,34,Benign
52,36,21.394005530020937,2385,59.07140402400482,22060,403.27465534574685,8,5,0,6,24,0,37,Malware
76,31,15.251071373275947,3113,31.973286965697476,15334,150.20183842744285,9,9,0,2,43,2,52,Benign
75,13,13.309687261616277,4499,24.79718773297468,14605,470.6029680308153,4,5,2,3,8,0,23,Malware
41,31,15.071191726098064,3899,27.422466700072892,11363,113.52353193686189,4,0,3,0,8,1,35,Benign
42,33,24.166332692786018,4785,35.97930264835619,10387,116.85486429182248,10,6,2,7,47,1,34,Malware
91,17,10.721480306893847,4592,56.83507822535636,18805,121.83431208520936,4,5,2,4,17,0,66,Malware
89,22,32.38582134973851,1431,46.757939895970026,27133,141.36326438539305,3,7,2,2,33,2,35,Benign
72,19,18.983435748184274,2958,38.85548247318911,18377,294.73265755436444,1,0,3,0,10,1,23,Benign
97,11,14.767304994479852,4176,18.140519398993092,27720,415.3105768459874,1,7,4,0,48,0,75,Benign
34,17,27.96593994642797,2112,17.467665544543586,20906,213.97913258253243,5,7,0,5,37,2,79,Malware
66,15,5.4903999570857795,1600,35.1098456906782,17183,398.31072867743825,1,0,0,0,11,2,73,Benign
60,25,17.955585972141105,1855,46.43543523008246,15414,409.6243899074093,4,6,2,0,26,1,35,Benign
38,27,15.659108030036897,3053,47.55060863775551,5111,463.3109319407028,2,6,2,3,33,2,43,Malware
80,26,15.146297299692034,1157,21.29571919381292,8379,159.7407680591072,6,6,4,5,43,2,64,Malware
58,15,15.112140862717496,4450,15.004975642362663,25257,154.21380361373718,5,2,1,3,8,1,29,Malware
69,22,5.938141332418022,3377,29.223049462689474,28891,148.83802221364718,1,2,0,1,29,0,63,Benign
70,32,9.563492090265193,2126,55.908627162203715,8151,243.72424362164944,3,7,1,0,14,0,45,Benign
40,23,9.256554779372433,1222,37.26836263346911,12645,295.7650656767919,0,7,2,1,20,1,69,Benign
52,39,34.65831514458566,3449,26.004988341588717,26990,284.6437420062467,2,7,0,0,34,2,12,Benign
30,35,5.664972676718353,2706,26.181883416956083,23328,202.81949255991782,1,2,0,4,40,1,66,Malware
75,30,10.012209690559946,1544,16.60435226110925,23884,348.7918501853999,7,3,2,0,11,2,44,Benign
50,39,34.22523525976091,3556,33.6611868053079,13604,235.3094522802176,6,1,1,4,8,1,36,Malware
65,19,23.84769781430013,4764,49.56813392574192,17260,246.43319523180796,0,2,1,0,1,1,17,Benign
83,33,18.52001361820194,3231,58.427934576367065,7651,142.21202512103707,1,4,3,0,27,0,93,Benign
86,20,7.362827991391097,3962,35.07974999789877,21308,336.8925340364302,8,2,3,0,15,1,66,Benign
30,22,25.0898348489863,4158,18.360745792134423,29761,362.1121500913165,6,3,4,1,49,0,83,Benign
92,21,9.134089630438035,3628,44.14751999014322,14768,403.18008818463693,2,6,4,0,20,1,91,Benign
83,18,25.13558366477545,4451,47.839567137264766,8158,461.60368525087085,4,2,1,3,30,0,42,Malware
84,13,34.37529491600175,1537,13.58498747115511,28775,406.4017822628065,1,0,2,0,47,2,76,Benign
69,16,20.959179758508583,2436,52.506956481561446,9077,194.2974664600274,9,0,1,1,22,2,99,Malware
44,33,11.422539635079824,4991,51.46611949979287,5050,194.2620637857479,7,3,0,0,13,2,92,Benign
50,38,23.758512526387946,3565,33.6270527019559,20485,466.03487822475876,4,0,3,0,38,1,11,Benign
76,31,20.387890633738486,3815,38.02112593079342,22553,416.0534277660691,3,5,3,0,23,0,95,Benign
82,11,20.99420790831938,4765,45.67040318554596,17642,412.898572124362,13,3,1,2,22,0,35,Malware
38,16,19.343208383599904,3342,43.837406253142966,28996,387.88546404421436,4,4,0,3,3,1,32,Malware
81,38,25.212217227306674,4062,10.826798909660454,19698,206.88079650151252,6,5,1,5,15,0,42,Malware
86,18,22.15836087221006,1259,16.121765192424288,26787,438.9641369628182,10,1,1,3,13,1,37,Malware
55,14,34.60985232363119,4455,18.129527789062287,29611,157.15387123205042,10,0,1,4,15,0,12,Malware
70,24,29.775902631269563,1825,47.78379445360494,29852,240.0070437191614,3,9,0,1,22,1,62,Benign
64,27,12.940951331330197,4375,32.004178144619004,10815,238.58981597457182,0,1,3,0,12,0,70,Benign
92,13,26.77269565714921,1315,37.275131319341256,21025,324.0528566832139,6,5,2,4,48,2,51,Malware
54,28,11.429010481542036,1745,48.63437184477421,12153,285.37742239823103,7,9,4,5,44,0,76,Malware
67,29,28.470392242441736,4865,27.04911345320454,11325,283.9232532399482,3,8,0,0,17,1,75,Benign
31,35,9.426729199320265,1718,47.44451136593865,27998,321.42897251183666,6,7,3,2,32,0,56,Benign
36,16,19.206615006417145,2100,32.114963731477985,10931,266.16738196485153,7,9,1,0,45,0,55,Benign
63,35,28.71818594918224,3727,28.85900938871033,21025,199.99329252709424,2,0,2,4,41,0,40,Malware
46,17,13.40338106919696,3901,26.651863202737005,22272,365.6482871069349,5,4,4,2,10,1,67,Malware
72,26,30.113573753949893,4450,58.247240774619144,5403,416.253351535361,4,6,4,2,45,1,24,Benign
88,22,24.324521271019158,1460,48.598670535448946,17801,291.59835153783575,4,7,0,2,43,0,19,Malware
80,33,16.925669873216478,4127,11.009797038676469,12976,359.7932746858029,3,6,1,8,18,1,95,Benign
83,30,17.702501279188155,3854,57.870774325910084,8985,314.1453127292144,0,0,1,3,41,1,51,Benign
53,37,32.779746017595656,2104,48.771981486333665,21260,123.59857541484098,5,3,2,4,19,2,66,Malware
54,32,11.533730000371378,2702,17.458735722712778,11549,269.23386462565446,7,3,4,4,43,0,82,Malware
81,20,25.800878455241307,4247,13.816906270565855,27530,103.94099980869491,6,8,0,4,27,2,23,Malware
99,36,26.218826172246064,3840,25.40970468297267,10128,364.7517112659032,2,5,1,5,8,1,93,Benign
62,10,32.673490795509096,3977,41.20907646730309,17801,303.26458795384053,1,5,4,0,18,0,74,Benign
78,11,26.39492806272022,2406,40.82733445747337,20597,150.73261407187877,5,4,4,6,46,1,99,Malware
58,26,22.53402254175125,3196,23.792506257461024,23971,316.8766128315353,7,4,3,0,30,2,25,Benign
92,14,32.07567617048879,3815,32.28374893287089,5289,459.37040121119577,2,8,2,1,25,2,89,Benign
51,39,29.87396088945194,4352,20.594507785686773,23612,236.1963059110473,6,1,1,3,1,2,51,Malware
55,39,26.503293645026787,3392,12.528934258336873,20674,492.94750649318655,1,9,3,0,38,1,87,Benign
57,15,5.9773514717652345,2813,35.84852337134393,15505,483.751962696867,3,4,2,6,18,0,34,Malware
78,35,16.20561254721084,2814,27.349556712601906,17370,414.1239369825954,6,0,3,0,49,0,57,Benign
78,34,23.95669016605563,4480,37.1441216148965,17028,425.51999112758216,5,4,1,2,14,2,30,Benign
49,33,20.667515730702952,2741,57.325366123522585,19593,264.2181440799369,9,3,0,1,13,0,62,Benign
92,16,14.579549794935316,1973,17.168515584766055,14861,261.01643811883605,5,3,3,5,47,0,88,Malware
90,37,9.332717465293296,1921,10.098100915547766,15438,481.75894330679705,10,3,3,2,25,2,11,Malware
78,30,21.58989748066765,1029,13.843910664106259,26795,246.4784998214568,9,2,4,2,8,0,14,Malware
30,39,13.577527275866391,3777,33.13541480508145,5647,138.74915562921728,1,5,1,0,19,2,92,Benign
42,24,11.99001469426989,4493,45.34660149011618,24538,161.08043527650602,4,2,3,3,40,1,20,Malware
80,28,16.968746811648007,1981,39.03818016585945,5265,384.15958607716885,8,5,0,0,49,1,11,Benign
85,25,28.56474299642806,1230,34.74473036868735,8488,253.19237403585774,7,5,3,0,41,1,30,Benign
91,34,19.635605070989364,4430,27.69815655462062,20332,179.7371358848771,5,9,2,0,41,2,52,Benign
61,22,11.4947663149601,2185,25.498708576575048,16109,425.5144514732255,0,1,0,2,3,0,37,Benign
59,14,8.507094268401453,3776,28.814308755249005,24162,295.4693962693169,8,8,0,2,29,2,49,Malware
58,12,19.969617913244,2251,40.58174770045356,26340,327.05648190791374,1,9,3,2,16,1,90,Malware
78,12,28.830991952667038,4916,18.38769779327681,29594,161.57974186004256,10,7,3,2,7,0,85,Malware
74,28,24.58454070961821,2244,48.56810415273129,16793,177.1016805663757,2,6,4,1,49,0,50,Benign
59,23,11.96446640429749,3793,38.76266200465551,25850,150.3424147895223,12,8,1,12,21,0,34,Malware
45,25,18.101197570684768,2096,23.45781888057138,28936,305.81711969377244,5,7,4,3,46,0,64,Malware
69,31,30.656910900322064,1398,35.05764814056418,19138,410.2628046909017,7,8,2,2,43,1,93,Malware
48,26,10.329677235585168,1094,58.13893438425832,8827,392.91409755258974,5,7,1,2,14,2,65,Malware
47,36,20.96241712048691,2963,11.024576457259702,5642,204.49232820888477,5,2,4,0,39,0,53,Benign
30,13,15.686945262825246,1474,19.97613204506146,19022,440.620075162255,9,9,4,1,24,0,32,Malware
76,22,8.72539264488558,4166,32.4190119951639,5816,142.26433925616539,6,0,3,2,48,0,79,Benign
95,17,6.497117627326947,2929,41.9219860889914,7191,145.6199880332445,2,5,4,1,30,1,25,Malware
67,28,21.676141539373855,2778,20.61141331427426,27310,439.7217130416733,5,2,3,0,33,1,76,Benign
80,14,5.622466212211368,4956,56.57019741880981,7668,197.76782447035876,11,2,0,5,22,2,20,Malware
92,11,8.103383500788048,4876,42.12860062123211,16819,383.24633785603794,7,5,1,5,10,2,12,Benign
33,24,15.426928434852236,1774,53.87159744782153,16783,103.63183676867038,2,9,3,3,11,0,32,Malware
30,11,6.305605560672882,2147,26.465896512515926,12559,137.44043544766123,4,8,4,0,15,1,81,Benign
37,20,17.013356793556547,3847,51.447696715331475,24756,343.71548348891326,6,4,3,4,48,0,90,Malware
58,22,8.91095072530673,2523,28.910960844972312,15122,172.9663819511618,12,0,0,2,30,1,83,Malware
84,32,15.496192721004618,4850,22.637588623060246,12008,111.28547452510489,4,9,2,1,14,1,99,Malware
32,19,28.734790612702046,3991,55.58276695818965,13720,286.77870267332924,2,6,2,3,32,2,40,Malware
61,12,23.79093033429974,4070,14.610923783942727,9062,232.20819971140747,6,8,0,5,26,2,30,Malware
39,14,18.362032333625272,1620,57.14443980282021,17626,420.9027712332576,11,9,4,2,21,1,35,Malware
63,12,7.754999235654813,3907,32.92576029338028,28276,427.53159644132165,6,1,1,4,5,0,61,Malware
84,15,23.574489779441993,1963,59.631273674293084,16775,345.76924848367946,8,8,1,2,47,1,69,Malware
61,22,9.91128957527151,4119,36.97973268675144,27454,217.213498538581,10,4,3,4,12,1,88,Malware
79,19,7.2975903158484465,3860,47.87440860411515,12502,284.65066050498024,3,0,2,1,29,1,72,Benign
36,28,24.919880523788233,3142,10.3535508169002,25276,380.9024108418438,5,3,0,2,21,2,70,Malware
37,17,32.36179693463022,2500,34.833340998008254,24184,127.72342126212068,2,7,4,5,25,1,95,Benign
94,27,18.817803103115672,3080,46.87267358090576,22314,232.99883533125004,0,2,0,0,16,1,47,Benign
86,12,6.229877318243421,4189,49.14135099792245,15790,428.94788036366873,1,4,2,3,31,2,92,Benign
96,33,31.40893152255623,4715,17.902429130079902,26633,262.41141689880715,9,1,0,2,20,2,17,Malware
88,33,7.009212983707222,4322,30.948547519138934,9193,349.86720452618636,8,4,0,1,31,1,36,Benign
83,26,31.025397281047614,2326,30.953597905966937,25419,138.53374765410814,10,8,0,12,11,1,46,Malware
96,17,16.75458119668793,1121,15.182040424952794,17367,410.8183900736209,8,2,3,2,32,0,43,Benign
80,19,15.961836158692691,1217,32.15227538457333,9383,140.18619597489675,1,6,4,3,48,2,38,Malware
37,11,21.283921383693553,2076,50.35464793480027,16086,444.6101018011028,10,5,1,3,8,1,68,Malware
63,21,33.712544523326564,4197,25.009036880949353,27696,142.64041795587525,6,1,4,5,23,2,44,Benign
64,32,31.962216352579347,2182,31.628726094694155,8150,456.3571052678707,8,6,2,1,8,2,97,Benign
61,15,19.109902649143017,2694,58.04793425310713,25742,245.5079496908594,10,9,1,4,2,2,57,Malware
75,11,25.874696930714556,1794,11.585403794578111,28250,349.81229270972347,1,3,3,2,27,1,72,Malware
45,30,22.41287757030237,2624,39.57608839476779,7577,438.6202206553831,9,5,1,0,36,0,75,Benign
97,32,25.80384737189502,1175,47.17180458888146,9880,104.09656839622663,8,6,1,5,35,2,49,Malware
66,33,29.879823801862912,1291,48.04412170155892,9305,206.27726456252185,1,8,1,0,23,1,25,Benign
83,12,6.0348148660578165,4230,45.79690124420222,25434,463.3353285170103,5,6,0,0,41,1,74,Benign
43,26,14.772795617836925,1490,46.32257217342182,19951,255.2704242339248,1,2,2,0,48,0,67,Benign
84,38,33.77987324701601,3808,12.950633283652493,24532,382.5503703190498,9,8,3,5,13,2,44,Malware
77,16,33.48008925574773,4428,36.706830956816646,17602,156.00482246140098,6,5,2,5,31,2,78,Benign
36,38,5.336626699323875,1633,49.1484535828628,27538,371.34864056450516,8,3,0,1,45,0,84,Malware
36,30,11.043203897670988,2260,14.70325245186648,13060,129.2643982104173,0,9,3,1,30,2,98,Benign
62,14,34.81310127033088,4499,10.602496119343392,10126,386.9300559058668,6,4,0,4,6,2,81,Malware
52,32,19.784752276984577,3172,50.72809157998291,23330,229.52198175471148,4,9,3,7,20,1,70,Malware
48,10,22.185980119005578,4386,45.61471937832446,18242,286.3390623813066,4,0,3,0,26,1,24,Benign
48,17,9.992605565673575,4350,30.61032084572213,6572,166.50407238682232,6,3,4,1,36,1,76,Benign
65,21,31.830068262755887,2890,57.0198216287086,18823,351.1396070936842,2,2,0,0,19,1,37,Benign
58,23,11.937928989473386,4907,48.32990473257356,21583,235.02705151238942,4,5,2,4,22,1,86,Malware
89,25,10.689428900586098,1603,58.39304708032887,23761,253.3500024197426,8,8,0,0,12,0,66,Benign
31,19,11.843672099609845,3985,56.465762977373366,9068,360.8771699816545,9,2,0,3,3,1,15,Malware
30,24,32.58865107923026,2128,34.06468014896535,13281,171.54466448902025,7,4,0,2,5,1,13,Malware
76,30,26.085401215305474,2065,47.7354489321783,21974,440.8035574288975,4,1,4,1,5,0,14,Malware
98,33,28.05789183470825,4468,43.45956944038195,11198,395.7145622304883,0,8,4,0,43,0,50,Benign
49,35,16.311090745527583,2664,50.57226050462457,27415,331.092001255265,10,7,4,2,23,0,84,Malware
40,24,32.27531044791684,2483,49.3844201125496,26724,151.3332268329795,13,9,4,4,14,2,40,Malware
31,19,28.682238570181692,1490,17.661598501661338,13283,374.8438777600984,6,3,0,0,49,2,20,Benign
96,30,27.517920875219637,1564,21.686776590427318,16849,107.23974883581042,10,7,2,5,39,0,73,Malware
41,37,34.12820851018855,1167,23.286578858878368,29515,421.75832061357755,6,9,1,0,7,1,71,Benign
49,16,15.98590492380046,4673,50.924927960850525,17348,221.51907872243677,10,3,0,2,35,1,45,Malware
34,35,23.329209403876437,1758,50.537085196459444,15356,146.88462021213851,9,1,2,4,38,0,21,Malware
66,12,32.297890969316484,2197,34.7667673469721,21973,165.79558162247872,7,8,1,1,14,2,97,Benign
67,11,28.726668295578573,4443,39.04161296259606,25022,485.2537594033603,9,1,1,4,17,1,92,Malware
38,15,21.90136874676845,4670,51.346107648419995,24698,409.5321671403323,4,0,4,4,7,1,10,Malware
82,30,7.286410543405966,2904,25.629680033887162,22169,195.1487893345601,7,0,1,1,20,0,15,Benign
73,18,24.581703186670197,2173,12.508938845818165,29459,485.3864973851778,6,2,2,2,34,2,75,Malware
53,19,20.796666706035566,3296,34.12982191395836,18385,156.0470682650174,6,9,4,1,30,2,67,Benign
59,13,10.525413844538793,2650,55.68585719243359,17308,393.41088476057655,4,6,0,0,40,1,29,Benign
88,36,31.467593700277924,1179,49.52341304800365,15080,362.69585074093874,5,5,0,13,13,0,21,Malware
43,12,15.297457846962297,4191,28.330865155424288,9045,428.5907089542307,6,2,4,13,6,1,19,Malware
38,18,16.62439680551891,1027,13.238568024141836,25168,252.67948826928236,6,4,4,8,27,1,57,Malware
69,33,25.17204646389232,2844,41.8459752691255,22561,260.73418332431055,5,9,1,3,18,0,17,Malware
95,31,19.66396226123723,3164,51.724539793526006,6277,349.8268073771159,7,5,1,5,24,2,43,Malware
54,26,7.6784322883744816,3750,43.24742832273193,7965,259.2823027860886,7,9,2,0,32,0,12,Benign
51,23,16.623248520657043,3704,31.253733238150986,13493,116.54035708088472,5,1,4,7,39,2,58,Malware
33,19,7.8339835381469936,3879,16.167680658953568,7344,391.8832127246962,7,2,0,3,26,0,28,Malware
55,22,10.722512093701436,1261,55.53871220686774,12658,356.37842522205085,6,3,2,0,34,0,93,Benign
87,21,5.215233150513615,4725,23.797916287669146,18060,269.48512510239243,5,7,0,2,21,2,48,Malware
58,36,10.439392444539866,3673,21.214351824647967,10163,221.13182435204777,9,0,0,0,28,0,68,Benign
66,10,14.913420619950827,4967,50.798833280482704,24599,228.29033533094733,11,8,2,1,5,0,76,Malware
99,37,21.146553011968837,3832,59.06099693619285,13187,396.4114494847186,11,0,0,7,42,2,79,Malware
47,31,32.578316335481965,4109,43.00801293723802,17706,391.6643515918171,7,2,4,2,18,0,43,Benign
71,38,21.20980601726166,1196,41.24052445122753,21445,427.5673681365,8,2,4,0,8,0,27,Benign
70,28,26.168106240930246,4596,25.97154346105313,5857,404.8721712944436,4,8,2,4,43,2,31,Malware
67,28,15.730312739173225,4695,11.020672534256468,22724,403.17768084242607,2,2,0,1,48,2,61,Benign
63,15,27.54892380701802,2460,19.589893291135482,26938,200.70929362217265,3,2,0,3,34,1,20,Benign
46,22,23.614062381544322,4720,39.221521827828596,17983,140.64502183950555,4,1,1,2,22,2,75,Benign
66,28,18.79382039824584,3731,17.565823090802276,26399,404.70090641440686,12,3,3,5,23,0,69,Malware
54,22,10.813063846736775,2662,54.19179034656636,22358,139.44720786230116,1,7,2,0,9,2,33,Benign
56,36,14.106227239918969,3921,19.40723439264426,9637,492.8445621179919,12,5,0,8,27,2,16,Malware
86,35,23.628382621272653,2433,36.10522265059508,25036,450.0357069800028,6,0,2,6,14,0,80,Malware
60,31,17.781689730937188,1332,35.60066228843975,24687,313.38464076847487,3,4,1,0,20,2,61,Benign
35,30,31.681596702471555,4602,40.197281506482526,23095,240.87342604086456,6,9,2,2,26,0,97,Malware
69,13,12.045208146067559,4536,26.37170348590195,22173,310.7372143789716,5,7,4,0,41,1,41,Benign
41,33,7.192179567598169,3767,53.676710053265765,5580,393.7207332413483,0,0,0,0,7,1,61,Benign
82,11,22.680457295164533,2181,32.21507679875348,13543,402.5319914242458,5,5,1,0,24,0,94,Benign
39,24,31.581525205702278,4231,45.007678936828704,7302,129.46639945996705,8,6,4,0,9,1,90,Benign
74,21,15.94217088319366,4405,41.795543048335155,6073,421.9416379579269,2,4,3,0,43,2,41,Benign
46,39,24.431340046044955,2775,15.857804155985164,15223,356.5988326820622,1,3,3,0,7,0,53,Benign
55,36,11.94237866531446,4447,41.131967635130565,26757,116.23184556208113,7,6,2,0,37,1,34,Benign
91,16,21.75415765018065,1078,37.5351338990548,12561,225.2644823255161,4,8,0,4,4,2,60,Malware
75,29,28.603763025879594,2867,54.930203162795294,17560,304.2565474777264,9,3,3,1,11,2,56,Malware
93,27,31.010947963300517,2892,54.04383182424517,23266,175.38059688219,10,2,1,3,4,1,90,Malware
31,32,8.1535738955719,4914,17.54773937058232,9345,162.0962115498219,4,9,0,3,28,2,42,Malware
83,22,15.691235488797364,1196,14.084257279330384,22644,105.71246583893151,9,3,1,2,49,1,97,Malware
94,26,24.189333258076108,4191,24.72961096054344,12047,464.6202533805034,6,4,1,3,27,2,47,Malware
80,13,6.041686042809566,2783,59.33064283421544,5231,122.44318201207491,4,8,1,5,17,2,45,Malware
82,34,25.71845600452481,4722,11.078688820315838,19763,246.4045685856116,10,0,3,2,40,2,63,Malware
65,23,20.841016484114814,1225,43.64461197864384,14148,182.308654908596,1,8,2,4,6,0,89,Malware
55,29,13.656988376600793,3642,40.425686692048856,9729,396.41324088294454,4,8,3,0,17,2,34,Benign
58,37,29.439633517821516,4481,42.32891402289084,14286,382.87386299261374,10,7,3,3,43,0,79,Malware
50,22,13.701521368873255,2561,20.914294488537074,17121,422.4889647847924,2,9,2,0,12,1,36,Benign
40,12,34.7424513861141,4711,21.335867289992496,24920,346.7233204979939,7,7,4,2,40,1,84,Malware
69,35,29.49110567340021,3960,31.53210410869123,24876,336.66126413333404,1,7,1,2,1,0,38,Malware
40,35,26.23941504149263,1734,14.792890353347818,26503,262.8442861887538,5,3,4,5,29,1,60,Benign
65,27,6.840426738879381,2362,13.73066045094701,22686,354.5434800435473,7,6,1,1,26,0,36,Malware
88,23,32.129311159618204,2579,14.41797267430486,9314,146.08223398670123,1,1,4,3,8,0,80,Benign
68,24,28.701659172126526,2619,38.64895856531289,21690,373.8051396808739,3,2,1,0,30,2,11,Benign
83,12,11.870752378754068,3042,29.88709284489469,15215,141.55910314523518,6,7,2,3,30,0,18,Benign
84,10,16.76744543980667,3966,24.68083903286368,29889,444.6959610130665,5,3,2,0,4,0,97,Benign
53,35,13.058946548574287,3584,25.79096898256528,8474,302.2731223308221,9,9,2,0,24,1,37,Benign
51,33,34.53248102543199,1219,20.364165292453684,20258,312.14276181425623,9,5,0,4,26,1,55,Malware
98,26,30.625893344166784,3340,30.575266766096746,27232,333.94304088209435,10,7,1,6,8,2,28,Malware
85,12,32.90675908085308,2227,20.15290345999837,29039,410.42099959154285,1,7,2,5,31,2,24,Benign
62,23,28.663227091262897,4951,44.90230211496662,19104,291.38824834886697,2,4,4,5,18,1,11,Malware
65,12,18.690447232107424,2728,16.196625632696808,22786,271.0352294589288,1,6,0,3,34,2,58,Benign
49,22,11.163027494440552,4585,57.41210422904232,25760,215.3333827091609,4,0,0,1,33,2,23,Malware
91,24,11.242404707292014,1201,14.49094700636411,18948,151.2157402870365,12,4,2,3,40,2,27,Malware
55,27,9.55048545100031,2889,57.1730357139938,16590,176.13701643041324,11,2,3,5,9,1,83,Malware
95,23,21.399486509101912,3079,51.66474857602033,29610,100.21113747433294,11,3,2,3,20,2,15,Malware
69,30,32.59899568590927,4160,44.035606030669015,23501,447.76865911426694,5,0,3,5,40,0,30,Malware
46,35,34.753942101372985,4273,55.61508277827418,29935,405.98335795955273,6,0,2,0,47,1,32,Benign
30,12,13.618994001102944,2713,16.960939675868843,27193,187.47297152758256,2,2,1,2,46,0,26,Benign
90,28,25.91943620890188,4776,18.815738709345766,27414,100.95603623820213,9,3,4,0,2,1,48,Benign
72,17,22.912940468311334,4743,22.60762960294079,21791,296.84652194481566,1,2,3,3,43,2,72,Benign
71,13,19.668083506289335,4364,22.240576338294545,10680,265.0292797260282,5,1,3,0,39,0,59,Benign
54,13,24.97305931436124,3763,25.542413546358006,26059,410.40264853682345,6,6,0,8,21,1,80,Malware
68,28,16.140890569402067,1752,38.78154491365467,19854,261.1582026790071,5,9,3,5,14,1,15,Malware
64,20,33.334543252803485,2016,11.408630565255232,17893,445.6451230095034,4,8,1,5,30,0,74,Malware
32,10,26.163466031190108,1114,29.11362975199879,10503,138.33529162610114,10,2,4,4,42,1,27,Malware
73,17,27.626032759773345,3769,22.319256394629825,11224,246.3432345010192,1,8,3,0,46,0,44,Benign
80,24,12.272662850182218,2245,40.3314924026361,12605,473.57635946749224,6,7,0,0,17,1,56,Benign
41,10,10.057460104928584,4980,59.25846655257678,23476,104.69184893075152,9,4,4,0,33,0,76,Benign
48,16,16.830223792829692,3229,35.88273060916863,28910,256.3157696027698,2,5,3,5,11,2,74,Malware
73,30,28.00017456008462,3818,31.28426195592169,21520,203.88130402661236,4,0,1,1,42,0,12,Benign
88,29,33.163877292585724,1468,28.412177257255806,16062,312.74428897723124,9,5,1,0,48,2,91,Benign
78,29,17.819894779220235,1425,49.247460943992884,14170,211.50672011145122,3,8,4,0,37,2,24,Benign
90,33,28.22470377491498,2575,13.599046582536348,18107,447.9632181845889,10,6,0,3,8,2,23,Malware
46,20,19.112228584004285,2865,57.98852572300608,6484,474.85530114130967,1,8,1,3,4,0,46,Malware
86,36,13.856847486663913,1833,30.89589429940228,24760,439.65371882957623,4,4,2,0,39,2,26,Benign
84,38,27.17795452177543,4131,25.68503629125565,27756,259.4271380911797,1,4,2,4,42,1,25,Malware
76,23,28.946064019439817,3028,58.703405819985065,11326,495.97350621447947,3,4,3,4,11,0,38,Malware
41,31,11.085223822420406,3532,56.79394316216,5466,394.01452664967667,12,5,1,4,21,0,28,Malware
91,25,14.15508506135992,1010,42.09670698828605,9933,242.2435746514476,6,3,2,0,4,0,97,Benign
37,23,19.843305304209867,4703,10.925368742520066,19539,137.47712847951803,1,9,3,0,47,1,29,Benign
50,21,10.595654893006301,2408,47.42674881032859,5974,366.8185665526915,4,8,3,0,43,0,30,Benign
99,26,32.86502896261378,4481,26.777870002100066,17910,391.426977692734,5,6,3,2,13,2,32,Malware
54,23,22.74001737682245,3089,29.414011542713055,10187,148.9836531553844,7,2,0,2,31,1,79,Malware
41,19,8.63609832115078,2725,17.93710644886943,12012,319.8945407185031,6,9,3,3,4,2,81,Malware
44,33,10.520895940473862,3170,36.17290419324497,19021,494.83519362152816,8,6,0,0,16,0,20,Benign
88,38,33.630660359745335,3748,47.22762981018831,28856,230.49684099965475,5,2,2,4,40,2,64,Malware
55,23,27.145057570898548,3299,23.650555904653423,7651,220.75800897314554,9,2,3,5,49,2,70,Malware
55,27,27.03215253514958,1972,56.93664540216876,23183,461.3208664371857,5,3,2,2,42,1,46,Malware
76,31,7.174957820151636,1603,19.736842800147716,19963,146.96641786602225,13,1,1,2,22,1,19,Malware
61,18,31.858965131268413,4555,13.313117029721669,22399,473.4110013500935,7,7,0,0,30,1,26,Benign
39,26,18.31206087675814,1212,42.21819366749505,11238,411.79482410939573,0,0,2,0,16,0,85,Benign
45,15,24.791519679197787,4901,52.46593659400234,20132,256.33616357316794,10,9,3,8,4,1,59,Malware
46,17,33.79067657342042,4785,57.65664296537561,14648,133.41904814086067,1,0,2,0,25,1,26,Benign
52,35,8.000371410696708,3315,48.35855052582594,21020,107.6698165015138,6,0,3,1,39,1,52,Benign
55,22,19.46829378459736,4053,19.982500575303618,13560,250.33247857511233,1,3,4,5,42,2,35,Malware
36,27,6.4883820998579536,4738,58.88305924018652,27806,382.1414337907378,5,0,0,5,45,0,33,Malware
43,14,19.986362699711464,3754,55.97179380144213,11047,295.0116853875609,7,2,1,3,48,1,75,Benign
36,15,12.56778231462713,1539,18.158371138122373,27933,395.460757124236,9,6,2,0,23,1,43,Benign
38,30,32.331965878216124,1705,37.93929134576622,11589,368.2283394904438,7,2,2,2,46,0,97,Malware
77,28,16.954774828192605,4995,37.77587129654894,19658,329.16287574734656,8,1,4,4,45,2,87,Malware
88,13,24.016173381562375,4058,32.12673890647354,19965,486.9996322899418,11,9,3,4,2,1,67,Malware
68,16,30.80861794443647,2758,59.21406651298444,27600,391.353773741388,8,5,1,5,32,1,95,Malware
47,13,34.510755752515294,3666,12.98111185901106,17805,465.8453796725769,2,7,3,1,3,2,93,Malware
88,34,20.11458110985638,2684,41.36044542217923,6344,196.86422572801138,6,3,3,4,21,2,25,Malware
46,20,18.672731085843676,2158,20.265181133940505,25501,385.45585071088044,6,3,2,5,8,2,25,Malware
43,21,7.272189358893762,1497,36.36656023654798,29754,339.12114536606373,7,1,2,0,39,2,81,Benign
60,23,5.382168300116451,4068,48.98703858937594,14324,469.71843873554127,9,4,2,0,4,1,11,Benign
53,22,23.264062774954883,4678,22.33634015842732,12539,304.18120704974933,2,9,0,5,27,1,97,Malware
89,38,6.96393056442938,1781,29.667977324157427,12864,211.85655161166068,7,7,0,5,36,2,89,Malware
74,19,16.411368111154196,2909,57.53840371401996,22863,253.93558415141672,7,0,2,3,48,2,73,Malware
32,27,5.108193083193845,1125,48.07403688601548,26732,187.53192217050446,6,1,3,1,48,2,89,Malware
66,25,23.45682496897012,4430,38.63615922559178,18225,187.98919975527468,9,0,1,1,9,1,11,Malware
72,14,17.762454813214887,2526,21.099869390335837,24450,288.16863441066437,12,3,1,6,8,0,51,Malware
69,17,8.810623093588635,1840,31.265271873879154,12091,457.0275341171885,4,6,3,5,14,1,13,Malware
84,23,13.891028205224663,1982,48.70306595249613,17220,176.74773714450242,6,2,4,4,49,2,19,Malware
68,14,22.089820969157735,2341,51.02715390549881,26010,215.1480048496462,1,7,3,0,38,0,32,Benign
44,35,24.70140104029931,1011,22.230309907119945,23856,441.19525122061543,9,5,1,0,3,0,87,Benign
33,37,18.870076389903403,2500,43.10301052085096,5958,235.70251102420613,8,1,4,2,45,2,33,Malware
54,33,29.118773482728376,2317,14.750149606169995,22872,484.96536079588566,1,8,4,0,10,0,83,Benign
42,17,8.37321235108957,2463,11.160615372523221,26151,207.5681105854165,6,8,1,2,33,0,69,Malware
62,34,7.536371678372234,2830,37.433696171651064,23317,276.85736867943115,7,6,4,5,18,2,99,Malware
45,35,6.327328070534249,4925,21.218992714021436,18584,138.24397567709633,0,9,0,0,38,1,24,Benign
71,15,21.074835183483266,1515,13.945601562106642,10727,496.87031811944064,6,7,2,0,27,0,36,Benign
95,25,26.186951127033737,4887,46.491415644761496,10149,456.05681795024776,9,9,4,5,30,2,94,Malware
84,37,8.915641982675892,4462,34.89872941823225,27136,427.02490115044986,9,0,4,0,10,1,87,Benign
71,13,24.168368655661777,3363,49.81385054792253,28540,162.93698822437625,0,5,0,1,40,1,16,Benign
63,21,19.30843298568604,2703,43.197211984027845,9974,487.7432231391654,8,8,0,0,40,0,48,Benign
59,20,34.62033500453346,4079,46.4902469957745,28474,471.66051427196976,7,5,3,1,14,2,79,Malware
42,12,26.524208277992344,4579,25.36802906479499,25321,274.26857679900775,4,2,1,4,47,1,44,Malware
42,21,24.724200055748778,2147,23.163791284161817,8261,372.6548118805627,9,1,3,3,7,1,25,Malware
47,39,22.113492046170336,4443,40.04374460476306,15391,496.9833710768188,3,7,1,4,11,1,35,Malware
61,14,34.920985446491116,3361,20.004107019904218,15494,263.89808779983275,4,3,0,5,31,1,77,Malware
68,15,34.41377512563732,4256,50.770605781601056,28230,145.21827562163318,4,0,2,0,26,2,70,Benign
75,28,21.143453764835648,3594,36.146008448711925,28181,447.1116139275987,0,7,1,5,22,2,19,Benign
58,27,18.65550042002785,4656,21.34949661738805,18045,290.5940473769987,4,0,1,1,6,1,35,Malware
91,25,18.86344768105257,4954,41.25841161649542,14070,494.78778202370745,5,1,0,0,20,1,22,Benign
91,32,17.85027170970097,2548,57.251786754180884,10568,320.35714416192303,3,0,4,3,43,0,52,Malware
86,20,20.941949209889664,3086,14.104736329538705,9768,111.79104143568095,4,7,3,0,15,2,81,Benign
45,14,13.207528034431121,4155,15.467260365675148,18163,296.69078544175204,9,2,2,0,29,2,36,Benign
85,18,32.80366349343279,4092,52.191957343167,25597,387.2248517315842,7,8,1,3,31,1,21,Malware
39,12,19.706902443858056,3300,15.479688728343678,16886,110.41201128123186,3,6,4,3,10,0,68,Malware
59,39,30.260234355158275,3350,11.96876846764939,10177,265.3794857449715,6,5,0,3,14,2,51,Malware
54,17,19.2591102400286,1978,27.396529052323643,13046,162.2240801806305,2,5,1,3,9,0,41,Benign
34,15,26.548708217307286,3305,33.33529424607988,22254,357.2387284085434,2,9,4,0,24,1,25,Benign
94,13,15.1064589342974,4883,38.472221834534494,11601,482.9383395112165,2,0,3,0,37,2,59,Benign
78,21,23.744205731997816,4047,35.36501162821249,13897,349.8339618221172,3,7,0,0,28,0,44,Benign
32,21,19.95114336352758,3589,55.659228132905675,24073,377.95108255435565,11,9,4,2,19,2,31,Malware
74,34,16.013427696008296,3006,48.43340501958187,28493,258.6251601702438,3,2,4,3,29,1,80,Malware
43,30,31.44668783204003,3687,59.19051279308554,15451,325.25634758076654,3,2,1,2,20,2,91,Benign
59,25,8.381350482467269,2846,33.82277116126612,9581,317.5430838743439,5,2,3,5,15,1,50,Malware
97,19,19.60769444957331,3599,14.216480491958947,17059,403.84253810717763,7,8,0,2,40,0,56,Benign
47,31,10.831072197984103,3508,57.77653214714373,28671,442.7646588081181,3,4,0,0,36,0,20,Benign
91,23,30.831652736527744,4680,10.205658079454867,12034,365.1543777132399,4,1,3,0,32,0,16,Benign
66,22,12.604080341469903,1223,48.804800691952416,23351,491.92352076961845,5,3,2,2,20,1,72,Malware
54,18,24.00291020335465,3139,11.564101538583973,14444,431.3153570097998,6,6,1,8,21,0,77,Malware
77,16,9.96690545256062,1279,48.060709532581924,14444,149.85869956677004,2,9,4,0,36,1,26,Benign
94,21,17.1474100841251,2193,56.89694699240271,10080,302.99015935446846,2,0,1,0,28,0,34,Benign
82,14,31.980715869480928,2819,29.463014866552342,9438,461.29443147750806,9,1,3,1,38,1,68,Malware
44,27,9.981933332058214,2757,22.048242560985884,8128,477.5739474924855,0,7,4,1,6,2,46,Benign
78,13,24.89587476045019,3045,21.31395762559154,26719,252.0823753729592,5,7,2,5,5,0,83,Malware
97,11,11.135311116678643,4700,34.58588220751017,14858,390.2816246066098,3,2,3,1,7,2,63,Malware
41,12,17.472471575964974,1247,18.544351787839577,27206,264.2181934569513,9,4,1,0,45,1,89,Benign
88,35,21.218506531237978,2384,43.6461815329856,17581,149.46388887177275,8,7,4,3,47,1,21,Malware
66,21,22.319192545692434,2372,28.417617874418745,21186,453.8445219689673,7,9,0,0,24,0,26,Benign
90,12,23.07534012659466,3913,26.155474620162952,29603,472.7812490849231,6,8,4,1,35,2,18,Malware
72,13,24.203942461727667,4506,33.06427881282285,16801,301.90021250632265,7,1,4,6,29,1,41,Malware
99,15,13.153060930213925,4477,37.12937512198759,14811,107.3229723280575,2,9,3,0,48,0,91,Benign
68,21,17.04102457151477,4672,17.09651311293979,22728,426.4145002785039,3,7,2,1,14,2,66,Benign
85,28,6.119559907251933,3125,45.38816818984217,17105,290.7841464923164,7,2,4,3,35,0,97,Benign
92,19,28.062709295941254,3505,54.147354995266305,26052,130.01134301662742,9,8,4,6,4,2,17,Malware
75,39,30.11298505366707,3633,23.89934581005909,16960,175.75659314859794,11,4,2,3,18,1,42,Malware
40,10,10.977102904566365,4463,19.019545091474242,29064,160.84773609217137,11,4,2,3,48,1,21,Malware
91,26,11.043318938890454,4085,48.02527118595318,23162,374.5115465278857,7,3,4,0,22,1,43,Benign
54,25,6.261092065712621,1044,19.177086188282473,8103,219.76379714699124,7,7,0,7,40,2,76,Malware
81,18,34.11151468377462,3085,12.062758018147832,10866,151.0762069245773,4,0,0,2,30,2,61,Benign
33,34,29.215597043516873,1415,40.96216101913895,10530,467.0595304943374,0,5,0,0,42,0,10,Benign
88,30,15.821096087180962,3292,21.98757081526751,8088,482.6124236063213,9,6,3,1,43,1,38,Malware
49,18,19.45724814409476,4133,18.590520446427984,29475,155.4303491067889,1,7,3,0,15,2,14,Benign
92,36,13.759008819526057,3540,59.08013708572531,28128,192.09434132394983,5,3,0,0,43,1,47,Benign
83,32,22.91731904966253,4679,24.593249169986382,10171,336.8482878425664,5,8,0,8,9,2,30,Benign
86,18,26.519252370005248,3370,55.17216451077679,9465,160.20313979938962,9,2,0,0,20,2,68,Benign
70,21,18.42105433975616,2275,18.910938294430217,29739,163.43667716144475,4,7,2,4,4,2,29,Malware
32,32,31.207825798748704,3515,50.94885660312176,11593,234.63041669495604,9,9,1,1,1,0,97,Malware
35,18,20.5107758665643,2084,35.1009436524241,28071,479.66813314720207,2,9,3,3,18,1,52,Benign
34,24,9.327598072334323,4852,13.929738455799765,5350,484.9768785425074,7,4,3,0,4,2,71,Benign
34,11,23.66874127512925,2142,46.68026468217862,11522,436.71529993014803,1,4,3,3,28,2,46,Benign
83,20,18.866928977234075,1086,54.603668586739,18750,378.28516717162023,5,6,1,4,7,0,11,Malware
76,20,33.07015589245177,4666,18.150849516776077,5200,388.26934634270106,5,4,4,1,14,1,72,Benign
78,17,16.756817628077403,3127,46.27951211680877,28658,287.82913723496034,5,6,3,3,40,2,83,Malware
38,32,17.08597217450312,1227,32.25262595365619,7552,312.06185126221953,8,8,4,2,38,1,52,Malware
49,15,24.523201693448307,3530,47.69352266283592,28539,353.7810640023952,4,4,2,1,17,0,39,Benign
90,30,20.80958654979284,2838,45.69639740926529,12551,392.51465499783563,9,1,0,1,39,0,48,Benign
64,29,16.233496326153045,1622,11.33001152315027,21207,138.73846900422052,3,9,0,0,6,1,75,Benign
79,16,34.693232470402684,4953,18.93605179835776,17120,189.95480387182204,3,5,2,0,26,1,12,Benign
91,12,14.065565299982506,4381,33.55136214661372,20655,485.1772765210716,1,8,0,0,41,1,85,Benign
46,17,13.325863759550856,2606,56.67970859560401,6051,234.05690618423156,8,8,2,0,4,1,10,Benign
32,27,30.932828855663104,3995,27.103672837740074,29862,207.38968432328116,4,4,0,3,28,2,10,Malware
61,26,5.101188306516665,1484,41.44367351400909,15870,268.76452484972924,4,1,2,4,13,0,38,Malware
42,20,11.03759482714723,3887,10.60418727572144,28894,216.36830017330482,3,5,2,0,34,2,18,Benign
97,11,22.713400647859284,1024,45.55634607734721,20001,136.47207702074206,5,3,0,4,46,2,21,Malware
43,34,9.873515835339946,2814,40.15341313764023,14987,183.1844527616813,8,3,4,0,18,2,66,Benign
40,30,34.57411768170765,2225,45.769737330788296,8558,356.0639190329333,6,2,3,0,24,2,21,Benign
85,36,18.92586867264893,4997,55.23303065124725,13298,189.2730228210931,1,0,3,1,30,0,83,Benign
96,33,22.920922248816527,2248,17.3249466558905,23937,359.06687867793414,3,8,1,0,10,0,31,Benign
58,28,9.811203953155793,1778,23.079479800403355,8513,140.03235796138802,4,5,1,8,2,2,92,Benign
38,16,13.681343026157835,4581,59.7890446084071,29692,116.7505398369903,9,9,0,2,43,2,86,Benign
96,27,23.438743480382467,1930,17.81419792548135,14460,444.62707306367685,3,2,3,0,29,0,48,Benign
54,17,21.48660119859193,3842,46.031350326301315,27606,404.0104782166772,3,0,1,8,1,0,93,Benign
71,23,28.53091836323498,4700,46.253795525545094,12653,366.4110731385493,3,5,3,0,17,0,59,Benign
38,16,13.076995357229485,2602,44.14968731177847,5022,112.35969317474601,9,3,2,1,22,0,69,Malware
69,37,24.606264401196018,2582,21.372029465728883,20556,195.7415740614957,6,0,4,0,26,2,45,Benign
54,30,13.729265172465963,1752,20.756703160693537,21744,424.92573086090425,7,9,2,4,10,0,99,Malware
34,37,22.602578592383612,2713,43.3170534017394,9795,157.8670660234178,0,3,1,0,8,2,97,Benign
40,36,23.150929030556256,4591,19.312509222960802,6450,425.1413759575055,5,1,1,8,20,1,71,Benign
88,13,8.655173340634663,4254,43.07816658702687,29792,333.69341988367205,5,2,0,6,22,2,88,Malware
67,26,21.458993320587982,2100,34.62641410126591,27169,396.1473471187917,8,9,4,5,48,0,67,Malware
34,14,5.358148998625475,1425,29.331443382469203,7754,357.80283138046923,7,9,4,2,24,2,67,Malware
77,21,20.036322541240743,4138,25.011617468897285,22011,266.7958320335018,9,6,3,1,22,0,49,Malware
47,18,25.92565665824225,1659,57.37884666615583,24651,216.79093955876976,8,6,0,6,23,1,53,Malware
99,35,7.184981869699661,2517,35.40468288713938,5566,369.09167143633886,5,4,4,0,49,0,93,Benign
66,29,33.161324492510815,3732,38.0625981255481,8758,422.7651527219577,8,9,1,1,28,0,72,Malware
89,22,18.76266595968363,1546,57.46280423433927,21337,117.8930544647447,9,1,2,3,2,0,32,Malware
77,34,33.152488268721854,2100,42.693865904856686,15682,251.96357348953225,5,8,2,4,42,0,30,Malware
57,37,8.221952710733975,3963,57.892646387841374,7020,240.2919136719452,6,8,4,0,37,2,25,Benign
98,27,33.497077832586044,4863,15.318337026134923,8530,323.78833618338103,11,8,2,2,4,0,77,Malware
69,29,8.275912982760403,4768,52.331981588620195,23890,145.5700225551199,5,5,1,3,37,1,17,Benign
74,18,18.84487395354008,3102,26.770731401154542,16747,473.36776405571175,8,0,3,2,21,2,55,Benign
91,13,33.13976200180597,4976,50.52437625351706,15383,319.40410737352903,8,5,1,3,26,0,27,Malware
87,30,11.981246011666146,4677,52.78183120974893,25793,469.50112171351157,3,7,4,0,15,1,32,Benign
96,36,6.043549425762022,2496,23.57439430712779,16114,426.77636938466026,6,3,1,5,35,2,91,Malware
85,17,28.793320250846627,4727,30.441530825773945,24712,176.65554492607254,4,5,1,3,47,2,46,Malware
69,10,22.876509130070296,4318,46.3007177157452,19974,152.93560491718287,7,7,2,0,15,0,73,Benign
69,26,20.41763578704322,2462,14.952781544848534,21857,444.5000960003713,8,5,3,4,22,1,89,Malware
62,34,6.030301530596551,2735,47.776676716967,5605,314.4400890336876,3,3,0,0,1,2,99,Benign
35,18,24.596938064205354,2771,15.523646302737202,10683,107.89709915915937,10,6,4,5,26,0,99,Malware
48,29,10.148700556536944,3361,55.7227866134029,24986,473.69069937574386,7,4,4,1,10,0,91,Benign
69,22,32.93590040614086,2343,23.81696466481767,18669,289.21135975722575,3,0,1,6,20,1,60,Malware
88,11,25.57180853227046,3267,38.77996734336779,12404,220.37452070095827,10,2,2,2,48,0,44,Malware
88,22,26.211016641015096,4915,15.85767500381364,8754,306.6391484682589,6,2,2,7,1,1,29,Malware
77,18,11.977408178338413,2394,23.474657733123934,25754,429.1673561736621,10,0,4,8,12,2,29,Malware
70,39,31.422615141701552,2239,30.197752174355273,8878,144.11709401431617,2,3,0,0,41,2,41,Benign
42,29,21.131977123496032,1048,34.35244383415072,8743,243.573161295013,2,1,0,3,24,0,84,Benign
74,15,30.712525334426914,2820,10.003374882328721,9847,227.54666929822338,1,9,3,0,26,1,72,Benign
82,37,13.12842424496828,3510,54.43278811902342,20936,435.8598080112591,4,0,1,0,43,2,86,Benign
71,10,27.663851392947382,3165,10.383740477943856,15456,411.3869103908849,8,5,4,1,2,1,22,Malware
92,37,22.237007109801425,3129,48.68422814972125,10678,260.0416138307728,0,6,0,0,20,2,80,Benign
56,34,6.4525791743174485,4334,33.52894561781855,11097,365.79532386582395,5,3,0,0,19,1,95,Benign
67,14,17.16026971319861,4660,36.19400124506882,22059,257.77819291791275,6,4,2,0,25,2,36,Benign
89,12,10.517313953703946,2746,20.413273966727044,9053,328.52553532649347,1,8,3,1,39,1,49,Benign
36,13,15.775207636362683,1495,40.36841751728521,5709,496.4861178500477,0,7,4,1,1,2,79,Benign
34,10,16.500549027956673,1633,36.86159545847261,5922,314.22978689422985,6,1,3,0,31,0,68,Benign
74,23,19.24785059085154,3884,18.21182033101477,8399,495.4298931322027,5,9,0,0,4,1,38,Benign
87,18,23.008713281853893,1601,21.905950067460957,5407,398.87964250589744,2,2,3,2,3,0,39,Benign
60,39,22.129329574945977,3817,13.345181450622858,17435,148.2889161052559,1,8,0,0,36,2,96,Benign
52,33,6.169742141149852,3720,13.314178604472634,22493,418.3864674401387,1,4,2,1,11,1,44,Benign
71,13,27.520676554661655,1175,10.688789297621328,8592,164.51425658792607,1,0,1,1,19,2,64,Benign
39,27,33.47551653418304,3852,21.02371627415419,17790,312.93144335464507,11,8,4,6,9,2,78,Malware
61,23,15.460438669549,4160,43.983061369852784,19567,345.2980937862476,0,7,1,0,42,0,12,Benign
82,34,10.392407040147756,1638,25.810769407117814,25343,456.89218208774406,2,9,3,0,41,0,51,Benign
59,13,21.200046893461558,4430,27.136713493368834,28025,184.1696841028459,11,6,0,5,20,0,48,Malware
68,34,26.14738784732432,4357,16.595269662772235,6490,450.37682894554507,5,6,1,0,9,2,53,Benign
60,19,25.367146835829896,1296,38.773533382821,19582,473.79751038332046,7,7,2,6,18,0,88,Malware
31,12,23.36328732502575,2283,27.107182077336862,25584,135.79494050382732,1,3,3,1,45,0,75,Benign
41,32,9.386967563846257,2874,43.815840171510736,22865,454.11404720480897,10,6,3,4,36,1,64,Malware
68,16,30.10474683208995,1474,47.07297344212767,6280,203.6720194430988,6,7,1,0,42,1,40,Benign
95,19,17.76864687256446,4827,39.234643762419104,19810,132.40037975285503,6,9,3,5,32,0,42,Malware
42,22,11.6440574909561,2646,23.803476840601814,21178,483.4297423673297,9,2,4,5,4,0,23,Malware
75,13,7.587984231892895,2958,35.43038996686272,9854,256.8813948998363,5,1,1,4,30,0,58,Malware
56,27,17.50157344919147,3583,22.596540234115167,14066,349.19340205478784,11,1,1,1,11,0,38,Malware
46,20,23.53919140541922,4633,55.145641767695906,13055,321.1492479181261,7,6,2,3,42,2,17,Benign
89,34,24.96133127454523,2060,48.319287504127864,29687,185.27276986393298,10,8,3,5,19,2,86,Malware
93,13,33.8821073419177,4252,34.650295300278316,27550,367.82629126682605,5,7,2,13,18,1,58,Malware
64,33,9.594442509912723,2788,58.27285715890733,12080,118.44599560290598,4,9,3,1,45,0,25,Benign
99,23,34.57320995592656,1024,37.337772336509396,13061,181.23797052479733,10,9,1,2,5,1,98,Malware
59,27,24.640276417166838,1348,26.426773847847407,11458,477.8655003735778,2,6,3,0,43,2,69,Benign
92,17,18.626871731216042,1636,14.773365039702355,13393,481.40300983630664,1,8,2,0,38,0,49,Benign
57,36,31.645826775444778,4614,37.18728224067068,20860,293.0620767253814,9,3,1,3,19,0,42,Malware
89,19,25.834392258601785,4820,53.02083057906728,15845,167.62869556551144,3,9,3,4,20,2,12,Malware
66,14,15.461516445710457,1226,53.33593640782244,26136,268.6480244139813,6,6,2,4,2,1,22,Malware
51,32,31.52257089729385,2371,40.228353334137424,22915,450.8283333167597,2,4,3,4,19,2,55,Malware
97,16,24.998463704586044,1037,29.67191816171064,14581,128.10962177441655,0,0,2,0,37,1,86,Benign
49,21,25.965120673826583,2406,42.51481540453399,13722,151.14743086540545,4,9,4,3,43,0,35,Malware
97,34,31.891696642580783,3617,48.10701772795198,21081,458.2611383424243,9,3,2,0,11,2,43,Benign
93,12,18.452486239071657,3283,30.58123921970631,23001,266.15336027709805,5,0,0,1,13,2,20,Malware
46,35,24.707123178792695,2204,33.812708460746265,17333,133.3834420569505,5,0,3,0,20,2,42,Benign
41,13,27.34067064913341,3161,44.03081536889715,10154,155.68363086959263,9,6,0,0,42,0,94,Benign
51,19,18.618201743923446,3353,53.83263030513732,27038,452.97927118431744,4,2,4,4,42,0,96,Malware
46,13,7.503563472133803,3179,49.55051890711375,29940,296.04134864980466,6,8,2,4,2,1,49,Malware
39,24,28.143193072830822,1347,11.119568466017434,19805,165.1977231444978,3,6,1,3,9,0,94,Malware
94,38,6.434490582300855,2203,16.21861718922939,8371,457.62390197124614,6,5,1,0,45,0,48,Benign
51,19,26.537432051682146,3462,52.63890901427609,16016,438.1115556715029,7,1,2,5,7,1,55,Malware
79,30,32.326256255736595,1982,51.69114140225168,27943,109.20934031532158,4,4,4,5,4,2,91,Malware
43,39,15.409069951100555,4661,29.44033915743546,26849,332.39604309978876,6,7,2,5,48,2,84,Malware
93,31,8.061853554134805,1731,39.21389611788328,22756,197.73466015228308,3,3,1,0,2,0,90,Benign
76,25,11.985919693725233,3701,55.29224912143231,20034,313.25432479222576,2,7,1,0,23,2,51,Benign
58,24,21.868446923761773,3432,55.57793405035482,16049,211.70733288213228,7,8,1,1,1,1,10,Benign
65,28,33.279792293182595,3559,49.15464228804454,7237,226.35051235678844,8,7,2,1,49,2,76,Malware
81,38,20.368481896583503,2066,20.47944691798395,8474,340.7410129730322,13,5,4,2,5,0,78,Malware
36,29,8.382118645900889,2503,46.514140367697244,9444,315.5436711070909,9,1,4,0,32,1,33,Benign
58,28,23.83349521149014,2141,15.054921617352832,25852,258.0769591123229,2,7,4,1,19,2,48,Benign
40,27,26.98534810363824,2594,54.69692297272845,10758,143.02718873160623,3,3,1,0,31,2,91,Benign
62,35,16.798510099783726,3108,17.457440178935727,8576,487.7695594318463,7,0,3,0,4,2,63,Benign
35,21,26.645421930362435,3600,43.117432005572546,16554,169.8422201880205,9,4,2,0,7,1,57,Benign
61,34,14.744684454175692,2809,40.512163712617436,17235,353.246897982556,5,2,1,4,32,1,29,Malware
80,25,28.6727045478924,3235,48.844982793979156,25359,133.0979050816258,4,2,4,0,33,1,11,Benign
87,10,15.23216478710207,1452,37.57887511792278,14176,375.3251330182474,5,6,2,4,6,1,17,Malware
55,25,12.683212748018779,3894,12.978328768786609,10674,137.9359133535611,4,0,4,2,34,2,75,Benign
75,11,31.37544217674725,3234,45.292312702207454,22910,191.8033366023927,8,2,0,5,15,0,52,Malware
58,33,21.454202635261886,3985,29.157727941763397,28173,358.7940797512152,8,9,1,1,28,0,91,Benign
33,24,13.554688662250543,4535,26.014250060955494,6036,213.1740767777414,13,5,4,2,16,2,83,Malware
42,16,33.052606689412016,2763,59.58367747668674,26002,313.1403260591694,5,7,0,4,21,2,76,Malware
68,37,25.725535263981477,1163,39.51998829798639,7230,149.8021573349637,10,5,4,6,22,1,53,Malware
44,10,11.621011989667016,2447,45.535953663470565,22426,180.96021570648116,8,3,1,0,33,0,11,Benign
58,14,23.43927063778342,4869,36.31630684678242,17650,393.5103633018466,10,7,3,2,35,1,43,Malware
58,19,31.110764938670737,1101,48.49863229758264,12941,114.05554411289312,3,9,4,0,25,1,15,Benign
61,31,25.884594276201724,4338,47.60363677499876,15899,144.72008394282065,9,4,4,3,40,2,56,Malware
31,30,12.342774522803914,4707,42.85730578400802,11168,185.98240744425584,1,9,0,1,26,1,60,Benign
76,13,24.465449860835445,4224,59.88715307218884,6329,108.0762236417124,2,5,1,0,19,2,30,Benign
51,23,23.574781181606024,2452,32.989676704156885,8655,138.15147940247414,3,0,4,5,20,0,89,Malware
56,22,29.62530990736066,1690,45.30961741490775,10553,212.55659105449195,7,3,2,2,30,0,89,Malware
96,10,10.343977909900994,2450,49.88889814024591,19308,137.16698063325694,9,3,1,0,42,1,70,Benign
85,25,25.989040010040796,3625,28.801735479727217,10541,446.44777201194654,8,4,0,3,47,1,75,Benign
50,32,5.821120764011061,3658,32.85875137768093,8905,126.42951620446198,4,0,0,2,36,0,25,Malware
76,18,25.88525901907303,2966,58.45836331952927,6080,444.3934796712958,7,3,0,3,20,0,41,Benign
88,31,33.813119118156706,1535,11.614550856330405,16797,429.14403442410645,2,6,1,6,41,0,47,Malware
35,25,10.231647987488524,4404,26.764782698045718,22207,140.30463782535486,9,5,1,2,45,2,25,Malware
48,28,14.338993184570267,3808,34.31064811693349,25003,110.07652570876458,5,9,4,1,22,2,64,Benign
86,24,22.486147160856536,3025,10.073249653459511,8250,119.99680595812556,4,4,0,0,37,1,17,Benign
98,35,26.97185137571767,2700,54.956355050330586,7115,336.1512258295028,3,0,0,1,27,1,72,Benign
32,23,15.33114171213603,3943,24.312220010607934,24951,368.1414497954298,4,7,1,7,32,1,36,Malware
30,29,24.927769314204127,2463,22.885241605472213,10120,348.2613564984925,3,4,1,1,46,1,13,Benign
87,19,31.978363776089992,2629,51.01630976768709,13239,316.5907407967592,6,7,2,0,22,0,62,Benign
67,30,26.79676361672786,4018,23.89916142512377,22824,169.87363625179563,6,5,0,0,8,1,41,Benign
44,21,26.330681528067323,2878,42.881129695101116,16927,436.38155785410856,2,6,1,3,12,1,94,Benign
63,37,16.459119752498477,1123,51.07515719509796,5944,231.02197454409944,11,9,1,2,25,1,23,Malware
90,10,32.342879265146024,4373,49.62384238551862,24652,494.47127844515416,2,9,4,3,18,0,78,Benign
64,30,13.319688258832333,3715,49.09753687129645,24503,253.9431191576762,4,0,0,3,1,1,97,Malware
93,26,11.15841069859102,3396,14.431878493261742,27456,205.20193758974617,4,5,2,0,32,1,94,Benign
54,18,15.926718011795115,1248,13.99234837861821,15175,457.70032551269503,2,2,1,3,46,0,33,Malware
53,32,24.50468662215482,2971,25.338501786869372,29930,326.9656652764133,9,2,4,3,2,2,96,Benign
41,28,30.8503395858352,2294,11.797394059800888,8305,388.7401760698959,7,2,4,3,36,1,41,Malware
47,34,8.962363470419511,2452,35.02148682596322,20345,263.3595133308979,7,5,3,0,46,1,99,Benign
44,27,29.41406531780489,2593,29.739103313510913,26179,454.76620237743606,6,7,0,0,22,2,67,Benign
56,37,29.38470184006985,3754,37.851295627157455,6917,467.09008519373094,7,2,4,0,16,2,65,Benign
89,16,22.607580697702584,1712,24.939426933484523,11769,274.7075724467659,12,2,2,8,48,1,29,Malware
75,18,27.819438187340772,4655,34.287700149521356,17377,196.2895341475042,4,4,0,1,28,1,11,Malware
46,31,10.45642094454762,4054,26.73723829295269,5368,359.0685537733952,5,5,2,5,48,2,82,Malware
82,35,10.087580024621403,1246,19.76040461116543,6192,481.83373352820627,8,5,4,4,36,1,54,Malware
37,30,30.884001023861813,1480,42.46833405689075,22770,348.9785838291765,8,6,0,1,16,1,24,Benign
56,21,19.944453117037007,3145,43.67179507495926,17185,481.6889753630946,10,6,4,3,35,2,11,Malware
75,16,12.378116427585473,3376,51.461584637487505,16194,237.52318598904583,7,2,4,0,33,0,74,Benign
79,23,25.66191072818971,4664,53.737589157686244,15088,466.03162831995,5,4,4,3,25,2,56,Malware
32,24,31.756255008026628,2448,45.22309521839577,28728,145.0267329666376,5,0,1,1,39,2,94,Benign
93,24,23.969679378327495,4648,44.3749043348756,23931,243.5337675750729,2,0,1,5,12,0,82,Malware
73,15,15.420351288200516,4495,12.833783266823625,26183,297.78849379621767,5,1,2,0,16,1,50,Benign
82,30,19.497132958790438,2028,15.488962072908576,19468,361.24413530091675,4,1,1,0,36,1,47,Benign
53,23,27.568083828360187,3013,50.62813551954367,27699,217.65569797949058,5,6,2,1,33,1,61,Malware
89,11,7.025036866171625,1458,21.647563081181577,22937,469.6957201734915,5,4,1,4,48,0,59,Malware
32,17,11.514935478693268,3843,27.77825301085415,24194,461.39848367766393,7,2,4,0,41,2,29,Benign
49,22,18.877495599483417,4877,17.26486768379384,19776,419.73464518622495,9,6,1,3,36,0,95,Benign
75,32,23.127228922912963,1592,19.75759842874595,16224,145.74500999669286,5,2,3,0,36,0,26,Benign
44,15,15.174967731269733,1497,48.770861768510315,5111,131.31638045531392,10,2,4,6,49,2,71,Malware
54,14,13.951727656096422,3134,23.092980975776914,25456,299.2525820477367,2,3,3,1,28,2,59,Benign
46,14,6.241525870991639,3449,32.45174831320951,22447,406.13750227836675,6,4,4,10,34,2,75,Malware
38,34,5.978053161543427,2316,17.583568652961965,25581,149.2943571645045,7,7,1,6,16,0,72,Malware
67,10,13.360845629084768,4994,43.896495315804934,6392,356.5749867744075,7,8,0,10,29,2,88,Malware
77,18,20.91518300268629,4352,46.41348670667381,22581,311.1421564409228,3,4,2,2,29,1,18,Malware
89,15,21.691144893362345,1196,28.08461589493569,5340,390.3957678937489,5,7,4,0,24,2,42,Benign
92,29,19.820824786006064,3811,49.23733230613753,10015,274.15009046650715,2,2,0,3,23,0,54,Benign
31,35,17.29642052008503,4154,21.995332596106323,7861,377.3186388880036,7,6,0,0,17,2,42,Benign
40,39,12.568747677839625,1026,44.5951931050078,17483,163.84346859362554,13,2,1,4,4,1,13,Malware
93,16,17.020832947783465,4916,46.4982290710227,18895,185.83770929265154,12,9,4,4,23,0,74,Malware
50,18,9.162798961565404,2717,58.432868889438815,21112,461.33362552560175,6,2,0,1,22,2,18,Malware
47,14,8.457776870781103,3182,21.616083259335813,29403,231.75003011898255,8,3,2,4,38,2,81,Malware
93,23,13.998297704413742,2113,14.685524002137637,27178,494.2023259346203,7,1,3,1,27,2,89,Malware
67,14,34.86046389281659,3253,23.15177111448933,24690,118.48183906003729,5,6,1,3,30,1,83,Benign
61,17,14.794908425491954,4098,16.143109829105953,17792,298.35032598116277,10,5,1,5,22,2,32,Malware
40,16,33.09369171065316,4449,18.484715424715482,20430,229.99486577854105,11,2,1,13,6,2,83,Malware
74,22,16.76786437303082,4642,26.70572559279872,11362,498.386014820369,13,0,2,5,27,0,10,Malware
62,22,18.17029973598828,4655,30.699537336100043,14732,496.013902545848,12,9,1,2,22,1,25,Malware
70,17,28.911886496066884,2438,55.18621128756898,11308,194.09731674117285,3,2,2,0,13,2,79,Benign
37,20,7.809149823423701,4298,19.780788575001054,8584,206.90275187285437,7,3,0,0,24,0,28,Benign
40,37,10.469399707809185,1602,58.58794879606081,27908,399.8688874868188,2,9,4,0,33,1,43,Benign
80,35,34.21520794925644,2091,50.50766049480858,26687,455.8697725577163,5,0,0,3,30,0,90,Malware
70,27,20.17752019882084,1361,54.07356949467205,23310,365.4787951419674,5,7,4,3,22,1,69,Malware
46,34,6.329290466258909,2283,56.47219948701217,8519,445.8835820245453,12,1,1,3,7,0,72,Malware
75,28,6.421421991681515,3705,47.662059857056036,19343,125.31698215829125,3,2,0,2,9,0,69,Benign
61,15,32.217220513321784,2086,49.438991580853056,12787,356.21139255863744,7,4,2,4,32,2,58,Malware
83,31,31.20095268676153,4926,31.890914830280977,14597,380.0683556682785,7,8,1,0,35,0,84,Benign
49,11,18.751973208353004,3015,35.522511733812195,12549,176.12762522588497,10,5,0,2,17,1,69,Malware
62,37,9.896662578337963,1971,56.62427133833171,7013,411.1880837298422,7,2,0,0,22,1,37,Benign
69,22,29.908538190874392,2715,28.912795577632473,5447,477.7060678805424,5,2,2,2,26,1,86,Malware
61,32,14.738003218389515,4027,12.097353653210359,23104,459.18659691122633,9,7,2,3,32,2,13,Malware
31,34,17.57175195989286,2646,48.13771927373865,18465,197.98696716533559,9,3,0,2,29,2,61,Benign
62,37,25.47429137147954,2726,38.65787558587592,25477,229.59705518887446,3,4,2,1,37,1,89,Benign
59,35,15.601950602229634,3988,50.74379811716558,5033,299.84454757849846,3,3,3,5,36,0,63,Malware
62,20,23.86009780094879,1907,13.777563330548105,21880,163.34447371222785,2,8,3,0,46,1,43,Benign
55,10,31.55848131327753,4463,41.06159952378949,6403,481.5812652465102,7,7,2,0,42,0,94,Benign
51,33,28.921198063234325,1245,22.385294399537898,8219,164.638651884331,7,6,0,1,10,0,25,Malware
95,11,16.448332216014812,3325,55.1634297247242,13077,404.56918319613436,3,3,2,5,23,0,93,Malware
67,39,13.638096641112044,1346,15.495496987087284,7710,236.57126046837143,8,8,2,2,5,0,44,Malware
75,26,13.56531346218677,2960,52.15346363625315,19226,329.4883190786387,4,7,4,1,11,0,45,Benign
44,17,15.457734511297492,1371,14.427712598595518,17877,118.86952975774463,5,7,3,0,12,1,90,Benign
73,11,19.805509601743168,1808,11.254867774849904,10670,182.00474301492955,1,9,1,8,20,1,46,Benign
78,15,17.497924420818293,3896,21.752971502096116,17964,277.7564953284849,6,1,1,0,10,2,96,Benign
90,31,8.990120629629736,3170,26.65222704633419,26602,370.8764868962012,0,4,1,0,26,1,55,Benign
96,14,9.90367575001725,4128,41.326438590593554,8602,411.0247704843519,11,5,2,6,12,0,63,Malware
35,25,15.287888281945502,1159,16.58622986805269,27488,112.05620710532091,9,5,1,0,42,1,44,Benign
38,17,21.86192300176572,2150,31.866496679553748,9096,160.99608643151586,4,8,4,0,25,0,64,Benign
35,28,22.77991850400484,3784,20.213180105143685,7334,391.9166954757015,10,3,2,2,8,2,15,Malware
61,25,19.5862119468989,4678,52.765166077353165,11116,425.22217032480654,8,6,0,3,20,1,74,Malware
70,22,27.163276436225438,2334,12.24832539756525,20539,194.62861091431444,11,8,0,2,10,1,74,Malware
37,35,27.117463662702097,1517,27.796886334426055,6279,191.86121880243223,12,4,2,1,25,1,12,Malware
79,29,17.828824150621656,3982,41.56870399845545,24629,135.21177578926637,0,5,3,0,48,0,54,Benign
91,16,8.733224322828328,2288,55.65440890259695,9949,160.1175902388027,11,0,3,1,47,2,60,Malware
91,25,20.905243093013695,1745,53.39967113469476,5049,103.20635675289847,6,6,0,0,30,0,88,Benign
36,32,16.44407191981498,3335,54.75959997585818,10651,335.93249591115773,1,4,1,3,12,1,82,Benign
33,25,9.1376896929111,1419,13.142664684149103,14966,461.5565376357727,2,3,4,0,8,2,34,Benign
35,38,34.45451629894518,4967,52.04616307317298,28594,159.83043981527155,8,2,2,4,23,0,90,Malware
87,21,16.09266167840307,2551,48.995628927205956,24972,400.5774653764174,4,0,4,5,17,2,64,Malware
51,23,23.773935188636926,1139,55.121582463780946,9046,329.46347452899863,11,4,4,6,4,0,81,Malware
55,33,19.703865840097897,2832,25.578813362900068,21449,475.9687570452689,4,2,4,3,1,2,75,Malware
32,27,9.284848376502984,1706,55.588255313668334,11539,419.2490089881032,10,7,2,9,37,0,15,Malware
70,36,6.666308701177117,1697,30.13205425432239,26754,441.0916091036514,4,3,1,6,39,2,32,Malware
89,37,23.77308245245877,4034,41.70498427629,9223,355.65686094902674,4,2,2,3,8,1,59,Malware
43,27,12.410656110436568,1474,31.208949560349915,21571,424.53444781434797,8,0,0,3,33,1,86,Malware
41,25,12.309619988411452,4976,31.382421525782558,10302,240.34780139194436,7,9,1,3,37,1,19,Benign
41,29,33.70928569130932,2660,37.33185093974508,17865,183.6070379348879,0,1,0,0,39,0,44,Benign
42,25,18.85319912933874,4600,27.796335481041126,24272,465.00798849318574,4,9,4,0,35,2,95,Benign
54,22,5.882781995020677,2901,49.636849713461785,26241,393.7343512289682,9,1,1,0,25,1,86,Benign
74,35,15.195281454494204,3436,41.68193677076194,5666,136.28115877523607,11,0,4,1,29,0,78,Malware
48,38,22.5347462675668,1510,44.48778807694728,28963,446.7638111005815,0,7,0,0,40,0,79,Benign
84,18,14.857022555513623,1537,21.551740011088178,14124,239.56157599138902,2,4,2,0,28,0,21,Benign
74,35,5.80555862102427,3260,58.478764424069624,10138,219.31111621671073,4,1,1,10,35,2,96,Malware
37,37,18.32933796400206,3944,43.00880488864827,20837,349.3254269145551,3,7,4,2,48,2,58,Malware
82,18,8.177190085243335,2536,19.85979322651958,8852,327.43945444258543,2,9,3,0,3,2,56,Benign
84,22,23.57480073988113,4874,47.52451217355169,9140,315.3026884661953,2,4,4,1,2,2,11,Benign
61,38,23.58761300668064,2288,18.685705160381133,21133,201.95087336081076,1,9,0,6,16,2,95,Malware
80,13,6.1327741879520214,2366,13.16924481497542,18533,483.9095005024879,3,4,0,3,49,0,27,Malware
73,18,13.719987847981317,2061,36.37766980729171,15368,480.04836953181325,3,1,2,5,47,0,33,Malware
99,24,17.410587912170115,1232,37.67619770811736,5617,101.66487596899994,10,7,1,6,46,0,23,Malware
47,23,21.50792293577534,3307,19.44827873657993,18050,235.1310516670834,9,2,3,0,33,1,47,Benign
51,28,13.881902891245852,1307,27.41894721460795,18944,118.2194656248187,7,3,0,0,7,2,50,Benign
66,21,13.632395376541945,1402,57.28846478393485,22176,440.09950652396304,5,4,1,0,23,0,43,Benign
85,30,34.49045468750778,1996,24.250161604374497,17185,454.6072953186467,6,9,3,0,31,2,77,Benign
88,35,6.255883871626997,2284,17.778403038268433,7444,307.31931347449756,3,8,2,8,44,1,83,Malware
32,34,34.67136242273456,2499,59.628097933272706,15514,435.87121378428617,6,1,1,0,18,1,81,Benign
57,15,6.432558232351896,1749,25.115276819023336,25617,381.34412634151676,7,7,4,2,20,0,47,Benign
64,12,13.650242833840576,2129,44.01268365730393,6350,299.8295771713697,7,4,3,1,8,1,72,Benign
90,35,19.810725649080503,4318,21.57800907196332,19550,245.52455959561095,5,8,4,0,30,2,39,Benign
83,34,9.298950290429756,1303,37.50605984931947,23659,206.49001013062392,6,8,4,0,13,2,76,Benign
92,31,9.045390875561715,3390,29.314099330480776,27634,203.77165496922078,3,9,3,2,38,0,48,Malware
36,29,12.689381397828376,2470,58.07896305795943,23590,324.82575369503655,3,2,4,1,30,1,38,Benign
78,25,34.205215507207086,2061,31.640293727524384,6917,166.7235305961383,10,8,3,11,20,0,51,Malware
60,39,16.403505766236925,4891,39.20870920908621,15269,169.91675046918235,3,6,4,1,10,0,58,Benign
87,29,21.979845148075754,1854,57.23831329500736,5608,104.15733613081267,7,8,2,2,45,2,97,Benign
90,33,26.12874207144939,2069,59.461714996897754,22167,345.33122382364945,11,6,2,2,28,0,28,Malware
53,32,27.26665506572631,2745,15.082918200249825,16121,497.7376742640208,7,7,1,3,19,2,38,Malware
49,26,25.641228990360645,2628,51.71603560211945,20882,455.68775017116945,12,3,4,1,2,0,89,Malware
66,25,15.107845795751745,4291,29.10582470936244,12066,382.2759217708405,0,4,2,8,45,2,42,Benign
33,15,8.351834820681873,3303,39.741435310280636,7389,414.2101191066292,6,5,2,5,27,2,96,Malware
49,17,13.451494259996327,3184,28.752403947762275,5167,266.7410865054984,0,3,2,0,45,0,91,Benign
89,28,11.308856803085199,2254,30.055810282739618,20570,219.23182196642756,5,7,0,0,45,0,48,Benign
53,39,9.088319146079503,1817,17.94287679925558,26163,247.45131275387342,4,4,4,3,13,0,46,Malware
79,34,5.734901952548562,2737,38.638322921393296,11775,132.56883269201936,7,2,1,0,12,1,22,Benign
78,35,33.071775471752424,4649,37.33579729723624,8256,353.518079211853,7,0,2,0,32,0,26,Benign
80,11,32.631031596360145,1972,19.467789426919992,7479,169.94600888506955,8,0,3,0,17,2,17,Benign
65,23,6.512510168905078,1037,37.08652146669707,28975,405.1512844640154,6,7,0,0,40,2,54,Benign
95,31,10.192537184612053,2178,58.65509413155431,14171,175.99058490552508,8,2,4,2,38,2,44,Malware
63,21,9.185014143883809,4574,45.72042979268949,7816,191.24961010693463,4,9,1,2,21,0,26,Malware
65,26,13.43668803264552,1104,34.049127979167594,13982,482.9222557504672,9,3,2,8,33,1,84,Benign
35,37,11.122066114362234,1254,55.80419927906876,18029,142.15836480949102,3,6,3,3,24,1,28,Benign
68,36,33.37560612193565,4475,38.76571782526529,22858,299.53701569841195,3,0,0,0,16,2,59,Benign
71,24,7.525113096806115,3535,16.75239993639017,29509,125.07460296063888,5,5,3,1,3,1,86,Benign
87,27,11.350124810135096,2981,37.37548239062282,16378,136.15639683288254,7,0,3,4,23,1,31,Malware
41,25,7.421699137487433,3505,19.04865576829339,9001,353.4001448553708,8,2,0,0,18,0,93,Benign
32,22,34.41156045933309,3575,48.37524193738371,15640,352.2909052234342,9,3,3,0,10,2,45,Benign
47,30,32.55240527291015,1590,58.358710714735416,12471,177.24811252966367,5,6,2,0,32,2,40,Benign
69,26,26.49894769296233,1524,28.040929227166515,16866,448.99460610335706,1,1,0,0,44,1,27,Benign
50,17,17.7791909665974,1369,31.745894006259725,12740,380.87479827319095,9,7,4,0,13,2,29,Benign
44,10,10.705344065719776,1101,31.074823341931502,11026,220.24423314846584,9,5,0,2,19,0,71,Benign
55,38,11.644691750604272,3963,24.26499878974409,26134,199.35462320357126,8,9,1,6,32,1,43,Malware
37,34,18.29120025668034,1663,49.70899824393155,16353,401.7141012523315,9,1,2,5,39,1,31,Benign
71,35,28.04668014009445,1689,40.8864166373498,16381,393.4495696530415,8,2,4,0,13,0,59,Benign
73,36,12.941884879968768,2926,13.202577842827981,12306,159.53276461257508,10,3,2,3,47,0,81,Malware
43,12,14.3237573760394,3646,51.94031675115678,20238,239.67513946810732,5,5,2,4,9,0,31,Malware
31,25,22.998328742134117,3647,19.354411557660363,13943,186.67089866337628,5,0,0,4,12,0,12,Malware
66,37,12.131880868347608,3588,58.95755808545606,18828,217.65767843434926,8,4,4,3,6,1,54,Malware
98,11,22.526558638784106,2535,28.833156950128288,22616,215.0255849979489,5,7,0,5,20,2,11,Benign
67,24,16.613926798168535,3436,40.82248235751619,19422,490.4094799853188,11,6,1,2,42,0,82,Malware
70,10,6.031046177040441,3410,13.891180944801519,27465,400.0845492442274,10,2,1,5,20,2,82,Malware
91,18,17.08103858695892,3028,27.233163734417833,14050,412.02081957435,4,1,1,4,44,2,35,Malware
89,25,32.585758385574344,1930,50.11769786803907,25798,210.96926610624848,7,1,0,0,8,0,68,Benign
43,13,13.793356374003817,2856,33.86042459766292,25244,100.21083401854737,9,9,0,0,9,2,10,Benign
31,21,14.68497168309407,3659,55.23017417720114,20222,123.2628019687958,11,4,1,3,4,2,62,Malware
99,10,6.9782266417786065,4186,38.75692205254036,9728,321.19990666271826,8,7,0,5,21,2,66,Malware
46,10,23.45142345707883,3769,56.428609769787386,29029,214.19245555935458,5,5,3,0,8,2,89,Benign
57,16,30.477270928950166,2989,59.130495350627804,24083,177.18184025927536,4,5,3,0,35,1,52,Benign
95,27,15.58768679279305,3390,32.69472797591379,12279,119.85636864652749,9,6,3,2,21,1,27,Malware
64,32,12.207366725599654,4145,38.2578286288904,29458,450.3526957718951,4,0,2,10,42,0,48,Malware
34,37,33.69835562491576,3182,51.74603216256349,26429,340.05093882319034,11,2,4,1,26,2,40,Malware
94,32,27.35217843774465,3987,21.07665027679065,23384,142.94928577930293,9,4,4,0,6,1,55,Benign
69,24,22.014906778497938,4852,53.08147868905548,27390,406.56160643863745,9,6,4,0,5,0,10,Benign
85,35,14.165934990346523,2885,39.596007018863475,5239,402.3302364307196,4,5,1,1,26,2,55,Malware
65,39,11.623940539292025,1977,46.27500676922627,28823,215.76145640610235,11,0,3,1,27,2,10,Malware
74,34,26.472321170014016,4661,13.992701133172261,7190,175.37075662269777,1,8,3,1,18,1,65,Malware
52,22,20.653664514120322,2994,48.30938417267018,20289,425.5927504557505,10,2,0,3,37,0,55,Malware
76,25,20.61799450408943,1379,25.539345228682922,25598,231.82589306045423,9,6,2,10,21,2,97,Malware
60,16,7.211294560167314,2513,50.2616138424921,9691,438.97123243238275,0,0,2,0,16,1,64,Benign
40,25,20.36583430278818,2148,35.45762691513535,7015,117.46064521911367,4,0,3,0,33,1,65,Benign
39,22,29.68232093118481,3085,23.730716740781656,26754,299.71557956462,1,0,0,2,40,0,87,Benign
96,23,33.40397833387277,1780,57.637984851082706,21546,171.83811255984796,0,3,3,3,2,1,32,Benign
43,26,8.200471924452053,1309,48.25311988557496,26133,368.81792529125437,4,0,1,4,28,0,57,Malware
39,21,23.934956320972127,3153,59.28430369368235,13541,498.88550458761875,4,0,1,0,46,0,71,Benign
30,38,22.050417523947406,1555,28.22349492061019,5030,265.00441281077383,4,8,4,6,4,0,17,Malware
34,33,31.709374728444253,4296,42.46098167708193,11601,140.1242187567829,8,7,4,4,43,0,75,Malware
49,33,27.537320905546146,4313,40.579433893186334,29389,227.06924778914734,7,4,3,6,20,2,14,Malware
37,29,33.957856074959395,1396,44.377837053440146,15330,456.6025998260328,0,1,4,0,22,2,47,Benign
72,22,33.80097612745989,3200,11.915828302066542,23559,406.3044096415685,1,6,3,0,19,1,13,Benign
30,33,11.770552800356624,3583,24.585966193868707,24210,192.88466475690296,1,0,2,3,30,1,48,Benign
86,29,26.760526157012663,4707,55.466878689540366,25003,481.43948774613017,4,8,1,0,47,0,17,Benign
93,24,20.91569274094683,4868,31.191002743611342,26449,348.875173877242,9,0,0,0,35,2,46,Benign
57,33,11.438059856459162,4043,58.03218395407736,22231,167.21976012700947,9,2,0,5,45,1,47,Malware
66,30,10.846072466522022,4013,20.675158632248788,22175,328.9288569784957,7,5,2,3,5,0,69,Malware
76,13,7.432530237988595,4473,59.87119867405447,29276,280.51074706559757,9,3,3,3,4,1,21,Benign
66,31,28.86635829256067,2883,44.879045447976615,21892,427.8790699094256,6,1,1,5,15,2,81,Malware
78,11,14.735143418600286,4844,48.81967120332439,28463,237.6640118447648,4,4,3,0,24,0,68,Benign
73,37,30.709065059868994,2169,29.84305861012679,18027,449.99132793477855,6,9,3,1,33,1,28,Benign
85,27,23.249460980696437,4262,55.35040606303104,12977,424.7881545753245,13,0,2,7,10,2,76,Malware
57,11,25.20900064515382,3940,37.2731450479311,9332,369.84138046399994,9,0,2,8,35,2,49,Malware
35,34,13.7502124883059,4748,44.04691901123175,19294,203.44288893846937,11,5,4,4,37,2,32,Malware
90,24,18.71882838187051,3630,14.7404135668143,29159,488.1318305119112,6,8,2,0,32,2,25,Benign
49,39,17.369527342493747,1200,41.58403504464467,14204,319.4667121208615,1,9,4,0,16,0,37,Benign
31,35,12.070659917738036,2890,53.95394941310783,24408,463.00559134521166,7,6,0,2,13,2,99,Malware
66,28,29.975365055803778,1011,18.9141614107994,8070,186.29195970007845,11,9,4,6,17,0,59,Malware
49,24,23.662535174198634,2075,46.8862967317423,22458,493.3513208342235,7,3,4,5,5,2,21,Malware
55,35,6.122959323592104,2976,11.270037949732728,27352,426.423691577906,11,7,0,4,49,2,53,Malware
58,29,29.597510581360652,3815,56.31015082812595,21852,479.69075337084587,7,0,1,0,45,2,97,Benign
30,19,8.181132680857743,2325,59.145855801559314,23299,184.94629290999495,5,4,3,0,8,2,87,Benign
64,37,17.110893005976777,2895,27.709003339904722,25867,272.2632314330192,7,1,3,0,47,1,27,Benign
99,33,22.137707048911338,4371,15.353692485766743,28613,139.05356873344306,6,2,2,0,26,2,69,Benign
88,29,5.22953736983654,1919,42.92881840815725,18654,154.78784262364843,8,9,2,5,12,0,49,Malware
98,20,24.587243163288083,3568,11.491725707373954,28704,213.5834654348006,10,3,1,10,38,2,96,Malware
62,35,24.791088186807713,4211,34.124314064859334,22119,480.65026418930256,1,0,2,1,39,1,24,Benign
80,19,24.5757895139794,3147,23.58895875689433,13133,366.8766724479909,7,4,3,2,25,0,63,Malware
41,38,9.904038143188314,4556,33.66695269764384,29553,225.8529228267554,3,9,4,1,45,0,76,Benign
49,32,12.671969803206482,4208,10.913775736917849,26432,481.82932753519,5,5,4,4,49,1,72,Malware
82,14,12.421274585982207,1870,12.580609153535324,21037,395.89256264683934,9,0,2,0,35,2,64,Benign
72,18,33.802009495389115,1365,10.798791442169117,27205,462.7916052977246,6,3,3,1,5,2,49,Malware
79,29,7.025845616776318,4955,40.9565935023557,16048,470.8883175356393,9,1,0,6,13,0,19,Malware
58,28,17.86284523110512,4605,38.004645883760425,27060,400.30789996483264,7,0,0,1,45,0,64,Malware
86,22,31.137617174605825,4578,21.657899926830225,21079,197.25337191663442,3,4,4,4,38,0,18,Malware
68,27,28.08397983343148,1656,42.332156445201065,25861,498.6355820475896,0,0,3,0,30,0,82,Benign
85,26,29.673263739467803,1160,54.21036284474875,21479,230.0363360246546,4,7,4,0,13,1,72,Benign
72,36,34.16880752366999,3808,23.86610505130568,14103,368.68229982708743,6,1,3,5,15,0,70,Malware
79,15,16.617854368195665,1174,51.59969039394937,9388,437.9246779831204,5,4,0,4,19,0,68,Malware
52,19,14.289658231413835,4159,43.12545680010908,16498,170.06039776986253,4,2,2,1,38,0,95,Malware
73,11,5.919784704505919,4470,11.691022158649158,25820,343.6166719779235,9,5,1,2,38,2,75,Malware
67,33,9.500580853695862,2503,28.757494791471725,13910,250.06911077130317,7,5,2,3,42,1,72,Malware
52,15,21.860439636290725,1544,35.38786079295086,16196,197.71562785566545,4,7,3,0,32,2,54,Benign
74,37,9.729817851600203,3524,46.58495949773607,28065,104.7087251025248,9,4,4,5,35,2,42,Benign
81,37,27.08915047942732,4854,24.35652791267085,28399,448.7896255191886,6,4,4,2,20,1,84,Malware
79,30,6.116978147478125,3330,59.13650524289662,28758,154.35261889074218,0,4,0,2,20,2,35,Benign
37,22,12.784640697136457,2761,44.22698702525429,26439,451.24686427394175,6,8,0,0,49,0,39,Benign
30,27,25.863593701654658,1956,28.640683858218026,12658,340.2762395233792,4,1,2,5,13,0,25,Malware
37,16,12.665084727171914,1451,14.851251953855602,15620,348.4222218060165,6,2,2,10,26,0,90,Malware
58,11,26.86281392673392,4695,19.068388013540496,28386,431.460717703018,7,3,1,5,48,1,98,Malware
34,38,34.87591626292105,1081,34.380388002757826,20265,303.77645866991224,7,6,3,7,17,0,97,Malware
76,23,28.912518663473108,2236,34.73476774791833,27394,242.91382725373688,6,9,2,2,30,0,65,Malware
63,14,15.255063762830076,1815,48.38593824106768,25065,155.52267359700812,4,0,2,1,4,2,19,Malware
94,27,32.01775701884784,3567,46.30883127861262,12190,328.16615248324484,1,2,0,0,8,0,67,Benign
84,20,6.535392070046283,3181,20.063651925890866,24193,321.2668217004316,11,9,3,4,9,1,14,Malware
72,19,26.750204733419363,1446,39.74783102791325,19699,217.55859426691433,0,6,0,2,22,2,38,Benign
59,20,5.699669946880252,3165,11.031090037144416,16411,340.02277026139245,11,7,1,11,44,1,48,Malware
46,36,10.23666486070895,2619,29.92736996921667,15805,275.74675438734516,5,1,2,5,12,1,25,Benign
55,11,34.627572246157236,2793,48.205262028580286,20162,422.21206156538835,4,2,2,5,19,2,95,Malware
37,24,15.82654737482921,4314,29.975429664358323,11035,323.7945030506046,5,6,2,0,33,1,50,Benign
76,16,29.614981344927163,1748,51.77981199007121,27510,473.4714345387315,10,6,4,2,4,0,53,Malware
75,18,16.282601385068062,2173,58.80776450626408,19157,307.19318735399133,8,2,3,0,2,1,46,Benign
97,14,30.20085352393447,2909,40.36063013496829,11128,454.9981212628945,5,9,0,2,7,2,18,Malware
62,16,33.963186803803225,2556,17.25020381708783,10978,308.21005520564086,8,4,0,2,3,2,43,Malware
30,29,18.066087302574996,1645,28.983860395270536,19817,323.2139214561332,1,6,0,5,8,0,74,Malware
48,11,21.780475755448382,1378,10.474167753418758,25444,246.72319818223468,8,2,1,3,9,0,91,Benign
60,12,23.859184698907033,3655,40.13629619203763,20775,260.06764938422486,8,7,4,10,21,1,28,Malware
43,11,33.04504406525706,4013,51.07842504868991,7984,473.2405949166449,9,3,1,1,21,2,59,Benign
82,30,12.702322623036737,3572,41.49700394615215,24180,189.312960792215,8,6,3,4,32,2,90,Malware
77,31,23.3374811850118,4584,49.30431145917249,10444,148.58308866913,5,1,0,0,1,0,48,Benign
98,32,14.741606846694275,4733,49.995196363794335,9931,432.0843647215764,1,4,0,4,22,1,94,Malware
91,28,11.507995405472585,2140,52.550628810873185,25310,330.76431989795185,3,5,0,3,43,0,25,Malware
95,13,7.547610170696425,4735,23.33318914987771,29340,213.85892578458908,2,0,2,0,2,0,43,Benign
93,33,23.621325912078465,3623,53.5634261410211,8808,272.96008811587717,0,8,2,0,9,0,56,Benign
99,29,31.462564366147053,1936,42.704699923174545,13680,309.96209071090675,6,8,0,1,39,2,93,Malware
92,16,15.541786665335378,3013,24.486277829724347,18719,336.8561027345739,4,3,0,2,15,2,47,Benign
62,37,21.58005608578932,1661,59.36473574981306,12311,428.4204091753894,8,4,2,5,16,2,76,Malware
70,31,24.26401385882347,2340,57.50911968658345,28327,257.7409309824062,6,8,1,0,44,2,83,Benign
77,16,17.43950533385612,1875,38.72204916031997,24097,370.60124529057265,9,9,4,0,10,1,41,Benign
42,26,32.10043551098174,1011,52.16041891997818,11118,433.9067895056562,10,1,1,5,9,2,53,Malware
60,28,15.882654836035297,2113,23.074724435993584,10713,437.50938238321163,6,4,4,5,16,1,72,Benign
97,31,8.75032460269531,1387,30.8018498305445,19707,201.6980820145697,5,3,2,0,12,2,82,Benign
33,25,9.320610741550986,3130,19.198588037191683,22798,240.06921770004922,10,1,0,4,42,2,23,Malware
48,12,31.72572843523138,4023,36.0051321314624,27615,337.96241370488576,4,1,0,5,21,2,44,Malware
99,24,34.64024128543879,4833,34.80007150358327,29975,454.30895649877846,9,8,0,7,30,2,35,Malware
42,23,13.668135517151509,2919,20.64066129807832,17596,416.17843467675823,6,9,1,1,45,1,13,Malware
52,24,9.308081769641344,1395,43.64008468580488,25439,333.58516056648864,7,7,0,5,27,0,75,Malware
30,23,19.466368452686282,3592,15.889514776270627,9099,493.49345224953754,9,9,4,0,13,0,10,Benign
83,16,26.285841907297936,3708,13.08457255348556,26676,275.59489176937666,0,9,0,3,28,0,11,Benign
44,34,23.37208724308916,1639,29.245248433119304,8817,436.98022847449874,6,7,2,4,45,2,63,Malware
94,12,33.53324546247838,1099,30.491238889235248,11482,427.3681519891785,7,7,0,0,23,0,13,Benign
44,39,29.533336519148843,1456,25.98703032632431,26709,463.21532466811277,3,4,1,5,27,1,77,Malware
50,26,31.06916495192006,3022,22.89733187891252,14317,495.0713420100849,5,3,1,4,22,1,29,Malware
48,19,21.25001476547211,3921,26.938817250476518,27585,298.2786790319316,10,9,2,4,13,1,82,Malware
89,24,14.818255799943502,3375,18.16877869760515,27284,178.2518594813571,7,2,3,4,41,0,72,Malware
62,38,26.052080313817374,3771,30.17262345664387,8323,284.3581427312605,1,1,1,2,31,1,96,Benign
78,15,18.171591198541854,1073,55.230168675872186,12646,441.5539507941728,7,9,3,0,24,2,37,Benign
64,37,13.632627216869738,4167,21.221344060441915,23987,434.44265370217255,7,4,2,3,17,1,30,Malware
73,26,9.568120570168926,3139,44.22255521751752,16691,234.38796303472387,10,7,0,1,42,0,48,Malware
40,26,20.836226236686873,3377,17.08922551989197,6565,118.9227227834695,4,4,3,7,15,0,55,Malware
95,23,22.82760701599756,2863,27.69533120051154,14110,303.93683913049745,5,6,2,5,40,0,66,Malware
75,33,22.06357047962525,1174,26.058739027262813,26003,289.64037163152483,11,4,3,4,46,0,16,Malware
38,34,8.49645090300662,2760,56.85146972041639,20850,134.30559111085265,12,9,3,3,16,1,28,Malware
32,27,22.099619586162294,3362,31.399102790090446,22699,417.9559822894379,8,8,0,2,7,1,14,Benign
55,34,10.05242320415423,4758,44.5232971890692,12367,213.43610957542043,10,7,1,5,49,2,81,Malware
77,14,24.91142496354407,4639,40.12314044856647,9119,358.30083686964554,0,7,3,0,14,1,64,Benign
95,38,17.881519899966,1496,17.05150376423807,20098,140.59514506199986,0,0,4,1,35,2,54,Benign
99,17,30.463657632174662,2292,56.977022551530915,23038,444.28126916384116,6,4,0,0,23,0,50,Benign
57,16,28.347972343813364,1427,27.293464592788162,24842,395.7098012620653,8,8,4,5,10,2,51,Malware
55,32,26.731461545499013,1034,12.237917789182486,14805,255.36908359146628,9,7,0,6,1,1,41,Malware
54,13,26.022112980029068,3166,25.022185342209383,20794,351.7955797292939,10,0,0,6,11,0,55,Malware
41,27,21.81464118434306,2394,26.781686294116305,5241,174.9815570742299,6,8,1,5,41,1,13,Malware
34,14,6.83340728385033,3972,14.63726636893636,25682,494.168996383578,9,9,4,1,4,0,15,Benign
77,25,24.66468870599003,4639,40.99887031899714,9332,418.44321683748745,9,0,3,0,37,2,76,Benign
66,23,19.007665326911457,4972,27.33821027707727,8069,415.5760012276108,10,4,0,7,19,1,11,Malware
73,36,19.08664141980599,4522,41.456730316548544,13485,161.35208703115046,6,9,4,8,43,0,30,Benign
44,36,16.37066586398809,4380,10.337028179453359,20707,107.09340995754486,7,0,4,3,38,1,23,Malware
72,28,32.872127445251316,2380,59.10241994953763,18398,334.14854710785335,10,7,1,5,23,0,38,Malware
77,23,12.483538008572971,4447,18.52581792723408,9305,157.64824473592438,1,1,4,0,24,1,25,Benign
99,18,14.49783360229339,3875,42.96654933524682,23016,412.173382595538,4,5,3,6,44,2,59,Malware
75,15,33.89122348206868,4176,45.789215163975776,24457,266.4304560712985,10,1,4,5,13,1,13,Malware
72,26,29.30461205830094,3437,18.580417487373804,25454,235.43769959497268,11,1,1,5,49,1,87,Malware
50,28,5.4225923648861,1175,15.585614105120928,23660,129.4597049846842,0,0,0,0,32,0,66,Benign
52,21,32.183227995856214,3153,17.62885959224043,17697,498.42603197784865,7,5,4,5,1,1,25,Benign
76,13,11.79941896499211,1591,22.340912792247227,16506,482.4043121547519,6,4,4,2,22,2,20,Benign
44,25,26.177976174981904,2186,18.41160589964544,20105,152.63876312274044,8,3,2,7,38,1,72,Malware
54,34,21.592193221016466,1913,43.69997134780408,17745,233.1246416725967,0,3,3,2,49,0,65,Benign
65,20,21.10435650808352,2290,31.041660186303364,7601,256.31501520984267,11,8,3,4,32,1,38,Malware
80,31,26.537639701781575,2586,36.88957972576816,15023,218.72043124623815,1,1,3,0,42,2,83,Benign
44,13,11.21544415683319,4960,12.366839440457913,19216,473.78742386193784,10,9,4,1,39,1,56,Malware
97,26,9.770753922992796,2302,53.062448155036165,29961,388.5367316088339,5,6,3,5,48,0,47,Malware
50,17,24.55737820198856,2326,18.52857766030961,29066,482.366562237626,10,4,3,3,39,1,47,Malware
42,23,13.717376867139867,4658,28.007616572754408,21911,449.8021610096392,7,9,2,0,13,2,81,Benign
48,36,34.218506229732824,4002,13.59508199138835,6411,401.81660778766917,9,8,1,0,36,1,63,Benign
63,11,18.5453551722402,1952,16.839656732416483,26469,378.78684283195133,6,3,1,2,47,0,78,Malware
97,20,8.347910600208959,1860,43.28997049878307,25581,446.4649963917925,10,5,0,4,21,2,94,Malware
81,20,25.57445498516134,3174,44.629350112784444,21773,373.6599587165821,8,1,2,0,16,1,34,Benign
56,33,14.184778773983938,2269,43.8482742312676,14417,175.4879195924604,7,0,4,3,9,2,18,Malware
58,31,9.457622828642066,3871,37.6068393923011,25022,359.25060657123925,0,0,0,0,4,0,30,Benign
57,33,17.684700886697627,1233,57.62608320059533,8792,306.0006559794293,5,3,3,0,25,2,64,Benign
64,15,33.92666834261834,3714,35.35885803842882,22224,492.75787083813066,3,8,0,5,16,2,75,Benign
37,30,17.3429172916139,4656,32.47060146482232,14569,303.98621882634785,6,2,1,2,10,2,79,Malware
45,30,15.420012971931904,3978,22.377278285857173,27096,115.38199326041747,0,2,0,0,10,0,29,Benign
65,23,18.335268862079126,2462,14.942476463330632,5234,205.67580430625736,5,6,0,5,31,2,86,Malware
59,39,5.3634711679894504,3184,37.40774649830894,21497,466.95270418190626,4,7,2,0,25,1,87,Benign
47,19,8.993046157958421,2809,25.744509334641407,20317,484.9425321786545,5,5,3,0,9,2,12,Benign
31,35,30.490238544038235,3603,36.20126915952576,27463,391.39943065630854,6,0,4,5,28,1,53,Malware
78,36,34.341032362835406,3806,20.305953913023984,8138,122.74555951478817,3,5,4,5,45,2,50,Malware
33,17,9.738244568110442,2172,51.90863361039557,22192,109.41655509850632,6,7,2,3,14,1,34,Malware
36,16,21.06553455160725,1055,59.98486048295345,10159,291.83800111964007,7,4,2,4,5,0,60,Malware
68,17,33.990003014169304,4759,26.120175506032474,29284,499.868922624354,7,7,4,4,38,0,24,Malware
42,37,9.697441285368916,3403,52.11638036301649,21794,447.7186949997621,3,0,0,0,10,2,86,Benign
60,17,10.589288525073506,4328,53.64930681962037,22702,473.2430483527992,7,3,3,4,38,1,37,Malware
92,32,32.804490617851954,3970,59.80368943785398,10684,349.4166019971678,12,8,4,6,28,2,68,Malware
85,11,26.170629393571474,1812,27.13600648889897,26287,443.64989130060053,9,9,0,0,10,2,77,Benign
71,36,9.559000605264822,4134,47.802069685705284,14252,227.879349758877,9,4,0,7,33,2,99,Malware
90,25,16.804780133558292,2849,21.44045018209927,5066,110.94560138041257,3,9,1,1,48,1,54,Malware
71,18,6.688098326441317,2959,41.23980006460717,11546,467.3002512890508,4,9,2,1,20,1,92,Benign
85,22,17.980146017530828,2086,45.242128473641884,18985,187.372249859573,8,2,4,3,31,2,74,Benign
65,32,28.337044834611113,1805,47.05603462675482,23637,391.39454197649195,6,2,4,7,7,0,38,Malware
97,21,21.619161637583815,4100,20.358608429223082,29916,363.5869259508615,5,8,3,9,27,0,37,Malware
36,36,24.423263654486092,2575,52.43627852480974,13187,163.26541936786288,9,0,4,4,8,0,44,Malware
83,31,14.804603966006276,4730,31.04859301962709,27337,178.3115986124586,6,5,0,1,14,1,22,Benign
30,34,9.84187753234379,1599,20.818475886727754,17169,231.62899257191833,6,5,0,1,8,1,60,Malware
73,38,5.393500273204532,3615,37.12655441859508,18363,402.7722611794338,4,9,3,0,3,2,78,Benign
74,26,29.63937032988036,4371,53.167856480347105,15665,115.6976978786267,1,7,0,5,4,1,23,Malware
76,36,24.099636780373636,3752,58.35439548890569,22339,262.8274961154271,9,7,0,4,20,2,82,Malware
42,11,11.879637238630652,1611,47.410391086393716,9304,366.0452825154265,5,0,4,0,13,0,77,Benign
51,22,17.553018802318846,2238,10.281144313568122,27017,168.58837837545326,4,6,2,0,6,2,75,Benign
50,10,29.043298061843426,3188,16.735038023297808,7010,147.76690903105543,6,9,4,2,4,1,87,Benign
38,35,21.16100558274157,2949,13.813699321943286,21000,256.0848964248853,5,0,1,6,21,0,12,Malware
55,37,14.00479629337935,2530,15.060687149694237,20537,214.62368714468082,2,7,3,1,22,1,13,Benign
38,28,13.015535515120565,1560,29.151747800988755,28203,359.63826569403955,8,4,0,0,43,0,54,Benign
44,20,11.528420733464769,3546,26.92466574143139,6888,487.8274146085119,4,1,4,1,19,1,80,Benign
39,14,29.711896404025094,1626,15.684249063415503,21752,101.78757437166004,5,2,4,0,23,1,24,Benign
71,10,22.455810520539874,3549,54.11176758071245,6762,460.9519649842236,7,8,0,0,17,0,61,Benign
53,29,26.274714971043927,3788,40.77137881661801,22377,273.289214556197,3,1,3,4,4,0,77,Malware
78,39,30.803613241922402,3811,49.82316544782245,29657,365.6030917070619,2,3,4,4,32,0,85,Malware
55,22,34.605851075906486,2610,28.577469442771545,22571,440.4108131379229,5,6,2,4,29,2,68,Malware
66,17,12.484507595923459,4262,30.511800814378393,21760,329.38346444884974,1,7,0,3,31,2,26,Benign
97,15,10.427074623737388,4782,25.8810605268364,5002,138.92473087653516,8,2,3,0,21,1,26,Benign
79,38,18.859950283818456,1674,31.921330604924556,22067,156.23807028328022,3,9,1,2,10,1,15,Benign
53,26,6.052138384355975,4722,40.51886311775268,25111,415.71201692780846,12,9,0,5,41,0,60,Malware
48,21,28.75153644690585,1048,34.64920039201208,5763,191.63929257769317,6,8,1,1,37,1,53,Benign
89,10,31.512799965031466,2386,51.895850309422514,20754,327.61504645297356,6,7,0,0,46,0,57,Benign
68,12,25.58119096244085,2902,55.00695843049121,29841,271.23220499151176,0,5,4,0,10,0,12,Benign
47,23,13.039850736908281,1626,33.48419266837996,7482,221.45559312365125,1,7,3,0,36,1,21,Benign
48,35,8.694664219663718,3727,21.987399017432473,15921,414.78702564895497,6,9,2,1,28,0,63,Benign
65,17,16.46432563759665,4567,57.25962097296544,22108,392.4866608899276,5,7,1,5,20,1,61,Malware
84,20,30.000068615157602,1276,46.75193215254613,24224,358.44355378866385,7,2,1,4,23,0,43,Malware
98,36,15.43483411358344,3094,42.00635430269399,26730,249.0685473692901,5,6,0,2,4,2,74,Malware
76,23,6.027637208799199,4842,47.2706866811988,23807,190.58812960851384,7,7,1,0,49,0,14,Benign
78,17,13.228411286753957,3973,13.799089119846144,26765,306.3579803992559,5,5,0,3,26,1,79,Malware
62,38,34.698368302271696,1215,13.381316381883625,18054,426.8416401315081,7,5,0,1,44,2,24,Benign
50,12,25.300062669976498,1229,17.65603262904937,7475,330.26598815367765,7,6,1,9,43,1,71,Malware
51,16,32.02564489931383,4710,17.37254837202662,26511,488.05585727799814,11,3,1,2,22,0,61,Malware
77,37,28.245958025033225,3370,31.033523742470223,11049,106.17499522495892,9,9,4,1,46,0,30,Malware
66,28,21.19116545979892,4901,17.87020411426821,14256,499.33871255544915,4,9,4,4,28,1,73,Malware
44,13,9.46066617184941,4492,52.726282213329824,10997,376.5636185434757,2,8,4,1,9,1,43,Benign
64,34,15.45933435067153,3272,38.90484654640129,12424,433.06960687639935,3,2,3,0,21,2,63,Benign
61,25,22.512206758226665,2685,28.413094817512572,11786,233.98094710698211,6,6,2,0,5,2,82,Benign
40,22,31.118970461959762,2310,13.481126911263354,28091,303.3365312346222,11,8,4,5,20,2,17,Malware
39,29,13.06025137594699,1045,39.55138979795626,18413,418.7956991537326,1,7,4,0,41,1,14,Benign
86,28,8.636806080206885,2836,15.826641029606316,26722,404.25978894679463,8,6,0,2,18,1,99,Benign
54,14,21.764969526644524,2037,47.16101252013031,23675,233.61377155171036,10,4,2,3,32,1,82,Malware
31,32,10.29503667554167,1632,50.13790483719107,16084,229.7640940095212,6,1,1,0,25,1,30,Benign
93,14,23.3108530796572,4979,37.198812897992056,26418,365.12448116485245,9,1,3,2,44,1,96,Benign
64,29,12.90564327451196,3422,17.480142957042872,25782,473.4636725887978,6,3,1,5,40,0,96,Malware
36,33,11.92889012901874,3750,49.343136187023276,9465,275.514396269652,6,4,0,1,4,0,80,Benign
47,13,16.975422949666733,1986,25.3913894629667,9946,241.1767197236864,5,3,3,12,13,0,97,Malware
96,11,22.795752726738375,1332,21.132657137672993,15514,457.87481449447273,13,1,4,7,4,2,64,Malware
71,35,21.35953018847939,2879,33.52783205092126,13238,373.2224245826323,6,3,2,7,26,0,36,Malware
68,22,12.342034317049416,3213,56.13231206914589,8661,255.31039188243295,2,4,2,1,1,1,64,Malware
70,39,31.733500233601283,1506,24.868664603726184,7564,122.91049233911781,7,3,4,2,14,0,30,Malware
53,25,8.29645909205603,1116,55.27892504863102,24709,388.59570881911395,0,5,1,8,16,1,43,Benign
89,31,6.184026892230059,1942,12.682665436991394,9927,241.154596276152,2,9,1,5,34,0,85,Malware
75,11,23.081188082185925,1635,14.17618525089734,15858,128.2264791089439,7,6,4,2,5,2,26,Malware
48,28,8.702215041964294,2589,44.92805125676235,22139,344.9156348985507,7,4,4,2,31,1,15,Malware
97,26,20.146724428368834,2462,19.529633072408778,20295,229.20274819753752,7,8,2,8,42,1,10,Benign
71,14,33.553198532288974,4375,25.83103415983127,6452,235.38260332421177,8,3,1,0,17,0,18,Benign
61,34,25.957408143583702,3504,16.818649049028952,11179,291.6680522991571,9,9,3,2,25,0,51,Malware
68,27,23.52369741193281,2991,26.61241345662742,22288,386.989906931382,7,1,3,4,28,2,95,Malware
65,37,22.24415674616842,1868,24.022999694623167,7454,210.53219105451765,12,9,0,4,17,1,47,Malware
65,32,10.386177565987783,2294,46.81688194944918,24871,132.3783663115604,0,7,0,3,40,0,10,Benign
32,30,17.979434738843132,2734,45.10116940945219,9060,269.7702885758025,6,3,0,5,22,0,37,Malware
37,27,15.275705221002875,3263,57.74635882141827,27188,121.97016924655775,6,3,1,3,20,1,89,Benign
99,17,33.59222966666188,1112,46.22108425865204,19747,378.9074039568866,3,2,3,1,46,2,83,Malware
70,36,12.26960694112175,4087,44.740887651069244,16955,483.6973871690297,8,8,1,0,41,1,87,Benign
97,24,19.145491141881543,3263,44.71019445313259,13970,363.50352305925264,3,3,4,4,17,1,55,Malware
42,22,33.1423808982875,1426,54.148372782408806,23174,210.15617990034144,8,1,2,0,46,2,22,Benign
78,22,28.67541957317945,2158,24.811836643777504,19226,172.68095501504138,6,0,0,0,4,1,75,Benign
89,25,33.93545717853269,2066,25.00460545969021,18119,193.11342852003594,12,0,4,6,11,1,29,Malware
31,31,23.249907654409732,3811,47.06069048524684,28872,188.6440012672486,5,7,4,2,39,0,75,Benign
89,29,15.013605642378021,1283,21.43525685750637,18384,225.53220241780627,9,0,2,3,14,2,27,Malware
34,22,29.79949326392177,1833,55.60100020739849,29120,138.93867125125797,3,4,3,4,32,2,78,Malware
73,29,13.743688141201119,4169,36.7390862543443,6601,458.28762305857407,13,7,3,2,46,2,35,Malware
56,11,9.943184057356579,4131,25.006246404641587,8843,454.04819813180313,4,6,4,7,17,0,77,Malware
61,12,26.18866442117022,1229,48.80499648449912,27651,346.09450142727803,4,6,2,5,47,2,13,Malware
50,24,24.168669906030782,2919,25.616031493764805,20744,124.76814674921006,9,7,3,3,27,1,54,Malware
37,32,31.36846707786186,2666,58.163915853593586,8675,421.60029628870643,0,2,0,1,46,1,66,Benign
79,28,33.85774273448152,1384,59.14946048624923,17049,124.71543349529814,7,4,1,6,22,1,20,Malware
96,22,30.71592761673662,1158,43.33981209830981,6005,142.56848950525273,7,1,2,2,40,2,75,Benign
73,14,6.800653927648122,1823,15.681694487511463,5231,230.11855705770805,7,4,4,1,2,2,18,Benign
87,35,24.935402989468045,3518,23.160442496664626,16845,272.58812706622405,7,4,1,5,41,2,86,Malware
32,31,28.541972385921373,4667,35.77084811080277,27960,241.55558268612768,6,1,3,0,14,0,71,Benign
99,15,34.4578617305053,1207,52.57237250489908,21374,166.09191239134557,4,9,3,8,45,0,51,Benign
31,23,16.23983898537901,1173,19.24432484710143,25970,144.85188707270964,5,5,2,4,38,1,25,Malware
73,13,10.096447618134437,2823,15.220172950696616,21230,443.7660906817666,5,0,1,1,3,1,91,Benign
31,31,30.587991853916634,2104,13.723874159451778,23517,245.27249038077122,7,7,3,0,36,2,46,Benign
64,28,14.52400230897666,2041,35.348378118002344,20389,187.43975124460343,9,0,2,0,39,2,38,Benign
59,32,22.946056873815767,2016,54.23504847973529,23074,294.79654264935016,3,2,1,7,6,2,41,Malware
37,16,16.696842926389998,1707,12.117962132194616,22607,114.72936021518069,3,0,4,4,23,0,91,Malware
51,13,17.069787702759836,4362,20.616076699676732,9970,340.1124729329001,3,1,4,3,21,1,87,Benign
73,11,26.973934375323548,2383,44.66285079197509,23587,199.39583473983924,4,6,3,0,5,1,18,Benign
87,36,15.844253760198159,2891,51.29317175718577,20092,339.2785656525298,3,6,2,4,11,0,20,Malware
65,16,25.79225338911461,2302,50.36997646495848,14089,345.6500657783476,8,4,0,0,26,2,32,Benign
98,12,5.429853663569063,4022,49.25340286601655,19867,423.68967654345846,11,4,3,2,39,2,34,Malware
60,24,14.73942170011628,3444,16.489990040667,12882,191.96190224378955,1,6,0,0,45,2,91,Benign
76,10,14.57132094060988,4021,29.861879109145924,13343,285.38585544771206,7,9,1,4,37,1,16,Malware
84,11,27.46505857690151,3813,59.237233141587325,22735,484.75493527671506,12,9,2,3,48,1,42,Malware
91,19,14.436713480768836,4213,59.44437857940441,21555,390.849937633848,6,4,3,3,15,2,64,Malware
59,25,23.999813970952488,1676,40.121369597709396,10524,490.1375232070234,5,7,4,5,40,0,15,Malware
84,34,25.655732063235945,3564,45.463360236056715,6429,470.94628523084157,11,2,1,3,22,2,13,Malware
45,37,24.752766325913456,4322,57.564189814265454,29392,344.2994387225728,5,1,1,2,4,0,90,Benign
41,24,23.098810431459935,1661,32.49639306206052,26241,205.57214235285738,4,9,1,3,45,1,99,Benign
46,33,17.408505480481843,2563,16.843342894189664,27201,402.76966266496663,8,3,0,3,25,1,26,Malware
45,24,16.199149330514313,2260,43.44744377580391,24817,379.2476983249171,4,6,0,0,15,1,37,Benign
41,23,21.93752175127669,4203,58.005115245026175,8199,335.55604814295907,12,8,1,3,34,1,11,Malware
37,31,6.91109307452979,3353,44.86030469331472,15090,379.1316913965204,2,2,3,0,5,2,83,Benign
32,23,31.274595261545784,1357,50.16605635118688,22743,345.4345658181004,1,2,0,5,3,1,46,Malware
45,15,29.759454290910295,2308,31.137440198530754,27257,307.7516092291386,7,6,2,3,19,0,92,Malware
59,23,15.39154151111569,2316,14.823157707242554,12432,266.3821926733373,6,0,4,0,5,2,18,Benign
52,26,22.004573701568937,4234,18.444104327586665,19069,117.88334983097619,6,6,3,6,38,2,67,Malware
34,27,32.9668309455339,4987,59.132741471773855,21483,446.27516764127245,9,1,2,3,19,2,99,Benign
94,29,13.149103922362901,1418,34.65921584971438,18875,446.2162330398983,11,9,0,2,8,2,91,Malware
59,28,27.273658030845603,4810,10.601029508862494,24826,337.61892798756884,1,0,4,0,21,0,91,Benign
50,39,7.481954219630155,2491,57.768364036558694,24433,207.15372206326163,11,9,1,5,8,1,20,Malware
99,26,20.701164424129132,1641,34.888995598552654,18196,111.25241761555698,2,8,4,0,4,0,55,Benign
51,25,31.51907388341893,4955,51.81341991459188,21970,100.57152166678969,5,0,1,0,20,2,69,Benign
61,17,21.551278524472206,2593,37.42290710184467,16159,129.16295588901554,6,7,2,2,36,0,22,Benign
62,16,23.48758480511304,1506,15.085114183738053,21639,243.954530540466,4,9,2,0,6,0,43,Benign
45,29,32.22917879928632,2681,40.77847910659733,22857,175.35837839883112,13,6,3,7,19,2,90,Malware
67,37,26.460819201494086,2501,59.870013815980464,22104,206.0232342550094,4,9,2,2,6,0,28,Benign
43,21,25.876090406727965,2385,11.736889132297154,23384,379.8641509219728,0,8,0,8,24,2,73,Benign
65,18,22.59152066278695,1311,52.0897098757522,8007,483.65990974366304,3,4,0,0,5,1,36,Benign
52,36,23.98965842577255,2657,21.774039782538246,18966,182.71033720801302,0,2,4,0,29,1,39,Benign
95,23,29.11116272049852,3751,29.69331113560928,29330,286.25757365459583,10,0,1,6,4,2,28,Malware
31,29,34.37699249891733,1244,28.635475588644766,25886,496.5917605997641,8,1,4,3,26,0,68,Benign
94,10,28.859760620245638,1476,54.93985971345598,18696,472.6697592936715,4,5,3,0,46,0,36,Benign
96,19,26.226104948809887,1614,35.224309441591906,27574,240.9265212116925,7,7,3,1,19,2,84,Malware
81,26,9.066346508345445,4962,32.358714341721374,17402,227.87561871923327,5,8,0,3,46,2,43,Malware
91,26,29.512411623250795,3483,50.90125544183882,10112,196.86825613489918,6,7,3,0,18,2,46,Benign
52,26,27.07983102196109,1249,12.445356715247389,23115,162.16113993163557,5,1,0,0,6,1,25,Benign
55,13,28.112965862037015,4093,14.322815754761189,26285,284.02083165151134,5,0,1,2,46,2,92,Malware
97,26,11.932894347299356,3524,11.084442843814465,23561,236.448205362699,13,9,4,5,31,0,69,Malware
84,27,32.10331089622783,2595,44.39914520037753,6580,397.935037548158,2,3,3,8,1,2,62,Benign
35,29,7.918441050405866,2773,36.280806853959064,8226,194.74660153220444,5,4,1,4,6,2,76,Malware
64,32,12.608361670758397,2929,53.80110629341413,9590,394.53289560801966,7,9,3,7,37,0,49,Malware
51,11,24.89070314973205,2875,34.926645148630286,23236,215.25863439278976,4,5,2,6,2,0,11,Malware
72,17,25.211433914930456,1510,21.090978638099706,21465,337.0915138590237,3,3,3,0,43,0,46,Benign
44,22,14.399736989024746,4967,50.2573686552208,25234,355.37203855789244,0,4,1,1,37,2,21,Benign
89,32,26.045593313354445,4407,24.716192711631145,8012,368.71257020013314,7,7,3,4,48,1,27,Malware
41,34,16.63791612964616,2669,56.78448910761045,24100,170.1355944149047,1,9,2,0,23,2,82,Benign
78,39,5.0052654757376995,2872,22.521194392612024,28576,213.08454788867772,7,2,3,0,44,1,40,Benign
71,31,9.878183968621506,1773,18.38603264351434,28885,198.4462741620933,9,0,1,5,44,0,58,Benign
67,29,31.47854825654523,2365,34.66619957553439,10301,330.46416440619214,0,8,0,0,49,2,57,Benign
74,31,11.680820351882565,4409,12.525755898512166,22839,130.29856090854673,1,8,1,0,27,0,70,Benign
64,24,8.387310165766277,4551,11.820586424130882,28336,307.30257998434,8,1,0,1,27,0,39,Malware
59,29,25.466018177995835,1923,34.800727262772895,8112,134.98682225721672,4,2,0,0,37,2,60,Benign
59,32,18.221193272292084,4113,20.755344039739377,11588,234.82239597324553,4,7,4,0,24,0,90,Benign
35,18,28.89772809192933,1073,10.467631919759064,28946,374.6824371804462,6,2,1,5,27,2,86,Benign
96,12,30.843348036973644,1808,24.802845571576086,29491,265.0256220047075,6,2,4,4,31,0,69,Malware
36,12,30.379666321616945,3878,33.8683676923296,10381,212.13673575289113,8,5,0,2,30,2,24,Benign
81,11,14.390276575906798,2045,29.714435073021157,19067,346.3428703596138,2,5,3,1,24,2,80,Benign
43,10,20.166378139044923,3267,16.773473308021156,7104,396.10764499284466,7,6,0,0,1,2,51,Benign
44,23,24.504252039408925,3126,38.983741391598876,23437,201.8339739090385,4,9,1,1,40,0,89,Malware
50,26,14.659492618523718,1234,45.516649557381854,12726,219.7599604383509,10,3,1,4,32,2,63,Malware
64,22,6.232979460590544,3204,43.77695810816477,14790,356.1175667804344,3,4,1,4,15,0,74,Malware
95,28,19.869931468907573,3374,29.688096064163624,22328,486.0893040722341,11,9,1,3,24,0,25,Malware
31,39,5.384550003967811,4185,16.8798075585557,29469,185.54861466791027,13,2,3,4,11,0,51,Malware
64,32,33.519368741778415,4873,34.974338674536135,13770,361.69905428448385,9,1,4,1,43,2,74,Malware
49,24,28.900509382190794,4679,54.52158774685414,14106,462.63593642735526,1,2,2,5,38,2,53,Malware
39,36,10.760293295707836,1641,33.43614244706164,19006,284.7867060177445,1,2,4,0,48,0,10,Benign
54,34,13.62715246675785,4993,19.78405248707938,29737,226.73769059812986,2,1,0,3,30,2,59,Malware
95,23,34.48515644058315,1620,14.65266515468652,28848,366.74842608261656,9,0,1,1,18,0,70,Benign
54,11,16.20645662423913,4658,57.196331904943975,27120,112.5727225923145,2,2,1,1,47,0,95,Benign
83,16,28.51167072301677,1984,47.15047044384575,5774,244.0642202133496,8,0,2,1,33,0,44,Benign
62,26,18.40446405257763,2298,25.648348635024117,5056,203.18961072684544,0,7,4,0,42,1,27,Benign
65,27,30.922877723018306,4452,24.76762031025872,28055,189.8486811113712,2,4,0,0,3,0,64,Benign
43,15,26.11260524484527,4091,54.760924336129875,12226,171.9037054107853,1,5,1,0,2,2,57,Benign
94,36,5.687301796734781,4744,18.878411740482555,25428,394.82532063438157,7,9,2,6,11,0,53,Malware
83,30,13.831696578177116,4280,36.75186448282723,5545,482.03991813038573,7,6,2,1,21,1,20,Malware
81,17,21.739769446803574,4955,45.67521375896507,24364,253.90825812877713,5,6,0,1,23,1,26,Benign
32,37,32.78522132209261,3653,29.81951759828448,9906,119.6413227632164,10,3,2,11,1,1,48,Malware
70,36,8.06089683924471,2617,11.995117127154428,14605,387.56472546903115,4,5,2,0,7,0,46,Benign
35,11,23.03487613133201,3911,21.387940685976076,11395,315.2817337854358,3,7,4,3,47,2,50,Malware
54,10,14.065301942379726,4687,55.090406872118685,19501,389.4578455383232,7,5,1,1,27,1,64,Malware
42,25,31.679833460583207,3796,36.15594834197772,26882,359.16166567956253,8,6,4,3,17,0,71,Benign
37,16,27.955088289755395,2795,50.77206232439849,17275,462.17439238539066,1,2,2,0,35,2,42,Benign
50,31,16.09108166027856,4231,37.784277139530865,8388,156.17607709076697,7,8,3,4,16,0,59,Malware
97,33,10.01309491725841,3962,57.18010478561517,24587,167.6647381038966,4,9,0,0,3,1,47,Benign
54,20,5.344939171918933,3946,55.45670377784226,22796,236.62768960925482,8,1,2,0,12,2,25,Benign
97,24,23.63403352015846,4045,34.1444021005201,15821,296.5555263989811,7,7,2,5,22,2,43,Benign
74,22,17.183714228937312,1859,25.913701271817473,5571,470.2855124030883,8,7,4,0,20,2,87,Benign
89,39,14.442694785823074,3620,40.08343936728051,23124,462.7856917399842,10,1,0,3,33,1,45,Malware
41,33,34.565068749105066,3085,43.744384083473676,21109,448.7488477077508,4,8,1,5,7,2,24,Benign
61,11,18.984264066809452,3165,34.91775461503158,8927,189.01077357743677,4,2,0,5,37,2,90,Malware
42,23,27.495178509362724,3437,51.114161054754724,21731,391.87055088547424,8,9,2,3,7,2,65,Malware
60,33,10.322372517537087,4895,19.16642608924414,22228,253.39669763618375,1,5,4,3,23,0,66,Benign
49,15,5.4036577322544135,3727,26.720591531201617,24049,472.47317101643216,0,3,3,0,1,2,82,Benign
47,18,17.526878583440478,1376,44.31881786832265,9592,185.81433455142286,6,4,2,5,41,0,87,Malware
89,37,24.96994504827985,3896,22.334193269377863,27353,156.50318128158375,6,2,0,0,12,2,97,Benign
92,16,20.197960885503782,2897,31.992237234181694,27458,436.95406985340514,2,9,0,3,33,2,20,Malware
35,27,31.71398772873173,1375,58.186677331414636,24974,386.7630380476033,8,7,3,4,15,0,98,Malware
61,33,18.019380535614943,2604,41.29379863432871,15691,428.56867128953195,4,9,0,5,27,2,77,Benign
72,18,14.330084394592737,1594,57.452861732056284,21599,163.17735507125107,2,9,0,5,16,0,41,Benign
31,32,32.48146028622931,3794,46.12207016242879,11613,453.91707509978517,4,7,4,5,15,1,76,Malware
89,13,17.204068359031425,2065,46.233338483358644,16092,371.0481426588546,4,6,0,1,49,0,15,Benign
52,18,13.089435849188348,4682,39.59285868451028,22753,360.6243211594307,7,6,1,0,24,1,28,Benign
60,13,7.929832304302412,4541,17.11042974073634,13477,333.03354523922195,9,1,3,5,45,2,26,Malware
34,21,28.799293196474625,3007,35.98571454431439,13052,405.9505942364706,5,9,2,0,44,0,57,Benign
63,13,29.752743823935294,3505,22.63331002517355,8059,266.2433255522494,0,5,3,3,33,1,73,Benign
39,34,5.99893350695516,4201,59.93362771756401,5050,153.1284983732669,5,3,2,10,14,0,14,Malware
31,39,15.759367952045743,2051,23.348097005061028,10538,315.70594659767863,4,8,4,4,11,0,83,Malware
40,33,27.49629363793879,4816,21.534292173072423,6725,399.2407831094249,0,4,0,3,26,0,45,Benign
79,29,33.39145542464162,3788,41.19415775620223,20410,161.45898115506407,2,5,2,1,12,1,66,Benign
60,23,16.33454851534715,1628,35.54744066098151,9566,189.60826704448084,9,6,2,0,34,1,94,Benign
85,33,31.161602941384807,4984,11.067645662725708,16495,378.6182488264715,8,1,4,3,37,1,52,Malware
38,33,16.811612195965854,3373,16.47665894962349,12857,207.86037363891285,8,0,3,1,37,2,88,Benign
50,16,10.384838817279443,2532,50.55214709137563,15909,167.97634423464038,7,5,3,4,41,0,82,Malware
57,35,5.1033843133060905,3666,34.18459775737803,12826,455.7568309221194,5,8,3,0,27,2,11,Benign
91,22,14.905430694586393,4962,17.300760741150718,18791,164.35814242166225,10,6,0,2,16,1,54,Malware
36,31,16.354251521821148,3372,33.26212814178668,22713,237.65943161893705,8,8,4,5,39,2,79,Malware
45,17,33.35352586662009,2830,22.657454154120185,9533,271.3721169594178,6,2,2,4,12,1,94,Malware
33,32,11.182107572618685,4974,21.179573055617187,24706,290.4559942361585,6,4,3,0,47,2,43,Benign
33,14,16.46692124052514,2183,57.88626382225522,24282,244.52397032819445,1,5,3,0,29,0,31,Benign
69,21,5.7546238946933945,3563,28.10122634288705,20491,465.01539975965227,2,5,3,5,2,0,17,Malware
46,22,27.90619205274159,4732,12.321555233616957,21907,363.45008847050184,5,4,1,0,6,0,29,Benign
81,38,32.4542370876496,1745,58.51633363186514,9601,243.79785968908104,4,1,0,1,10,0,67,Benign
81,29,12.134619418294756,2277,49.74197873860789,24337,243.08788781504796,5,9,3,0,33,1,47,Benign
65,23,17.869853319204935,2951,22.720665328207925,24573,301.180999673899,4,2,1,5,2,0,18,Malware
67,37,8.66337864097982,3295,30.44459173526957,23492,113.46528166785332,3,5,4,6,18,2,28,Malware
79,27,18.705062909386722,4921,53.11447872975642,15130,470.65713553318386,4,8,2,2,49,0,41,Malware
92,36,9.000273909322862,4424,27.870675966163713,6204,189.3237510856169,5,9,3,3,16,2,84,Malware
92,33,20.700454832574565,3445,38.37020210032995,25423,379.03702627555464,13,7,0,1,6,2,71,Malware
91,34,27.038661212966993,3629,36.74284348323063,9082,411.089098802292,8,7,3,9,15,1,45,Malware
36,29,21.600283244425043,3250,30.064727431439984,27840,430.95320607492374,5,7,0,4,14,1,30,Malware
56,13,12.356587351621279,2325,41.975095090685805,29840,166.25692394700383,4,5,1,5,3,2,75,Malware
43,30,15.613879564067153,2171,33.66453686509432,26532,314.67722790229544,5,2,0,2,41,1,80,Benign
34,27,24.157182131168973,1220,11.061524583698642,8334,133.46974485594805,5,4,4,8,8,1,98,Benign
84,16,22.692662533679755,4769,50.71915538239688,5711,421.9169381254221,9,7,0,0,39,1,51,Benign
31,24,9.103243643640004,3914,15.657789137685965,14104,294.5806135833562,12,2,2,6,46,1,66,Malware
91,30,30.34848420698308,2871,33.20449654456817,10710,163.3956235693911,4,0,1,2,37,0,94,Malware
50,15,19.255667367410464,4631,38.995039546374855,14926,387.47157824322545,6,0,0,0,19,0,86,Benign
50,25,9.87107673579179,3310,45.275302709664544,20977,232.46793950079115,1,6,3,9,47,2,99,Malware
39,29,8.684796277241878,3343,30.539826764397475,15328,145.80264150404304,6,5,4,1,43,2,96,Malware
87,33,33.96655323935391,4386,46.77742435152657,5331,284.42952999745904,8,4,2,0,2,2,22,Benign
68,17,13.446053335206381,4067,16.56750423592851,29543,194.0986394838859,7,7,0,0,37,1,45,Benign
34,37,32.257807637491275,3339,42.67227741353895,20790,480.0887342949769,7,7,0,5,37,0,18,Malware
94,30,17.317558963068166,1683,51.31694637928515,8834,244.54466312271092,5,0,2,1,3,2,93,Benign
42,25,16.57764291359571,1875,54.47219864187506,29727,328.98116205860003,8,6,2,7,44,0,94,Malware
82,37,26.02786908948296,2054,38.978324797694455,21177,479.3443993828247,10,1,0,6,34,2,50,Malware
74,31,5.296498633263843,4753,25.644759903751865,13899,257.48847462718425,2,3,3,3,34,1,81,Malware
61,25,15.142685648911716,4115,18.16782558568132,12210,243.25074951038218,9,0,3,2,44,0,35,Malware
65,12,14.079371365754268,2962,27.277937643872242,29996,164.96225615731038,9,1,3,0,37,2,47,Benign
89,26,31.04294282852139,3602,36.99871865772199,10804,475.3214258263061,11,9,0,2,48,0,63,Malware
40,18,20.8737061706235,4205,19.816511199578027,29041,420.29791133849545,1,8,1,0,44,0,96,Benign
92,34,15.937104716727557,1348,57.62574528465465,12733,188.40439560875683,7,0,0,5,33,1,23,Benign
50,12,12.982379308991543,1218,54.85677144364547,5252,233.06977109933277,0,6,1,0,22,0,26,Benign
81,29,22.71529426431887,2022,11.647859743271562,14190,465.96471123278053,5,3,3,1,47,1,71,Benign
84,38,9.550194216300941,1449,38.09808991151944,19122,314.91183832313004,5,6,0,1,1,0,81,Benign
55,16,12.386143055263448,1503,49.46543951233066,10827,322.5337146423519,12,6,3,3,45,1,71,Malware
97,27,13.808364951942492,1085,22.269597996700348,24939,359.25779278055177,8,9,0,2,48,0,72,Benign
63,21,23.237268428208232,4322,36.19481161963719,13484,404.8655271631192,7,2,3,13,19,2,19,Malware
81,28,16.19764877049426,2288,30.29959412046895,29744,475.714218265732,1,1,2,4,42,1,24,Malware
81,25,20.173499003601485,1522,19.82731321090382,29191,420.89002938801,4,2,0,5,37,0,67,Malware
58,31,24.5131479129976,4151,40.73686919379114,12552,473.81967938560854,9,4,1,2,15,1,32,Malware
67,36,33.688148024230614,4692,59.68460877034155,19351,428.24390326089434,7,7,3,2,18,1,43,Malware
71,33,27.94512191308257,3508,28.264363013997244,21420,118.57362424586654,12,8,4,3,16,1,32,Malware
50,26,17.15770341716323,4061,37.618950413223345,6444,147.01384821477677,4,3,1,3,35,2,94,Malware
71,29,27.448261231917705,1629,26.392734081075027,27406,453.9571702585336,5,5,4,0,39,0,83,Benign
42,24,33.490825427576375,3299,53.847430840124844,25775,111.07857961810281,12,3,3,5,11,2,31,Malware
93,10,19.981416369623744,1017,53.23013502118466,27962,417.6698595279722,3,8,0,0,7,1,51,Benign
46,11,17.314907993686692,4327,18.938669397398513,29288,439.9374927614049,6,4,0,1,30,0,38,Malware
38,17,7.340560970022096,2268,54.99744371190303,12793,266.185824832981,4,1,0,0,46,1,58,Benign
70,31,31.771111119525866,2176,17.575435552803356,11677,241.9419011292879,7,0,4,5,5,0,26,Malware
30,34,12.393028423809668,2632,14.771997981266711,28850,177.76168764721984,1,4,3,0,2,1,37,Benign
31,11,6.918736904574186,1499,42.64673078507659,28101,119.56754866494519,4,7,2,1,45,2,49,Malware
89,28,21.11610459773249,1457,29.29520529349475,12861,398.15318252439744,0,5,0,1,1,1,32,Benign
77,18,30.376989378845753,4769,36.53702967309354,28567,129.49083377895465,1,6,3,5,19,1,53,Malware
58,18,17.199051668691574,4613,42.62853909687317,18268,477.86785120356836,3,8,2,2,49,0,10,Benign
39,22,28.492024104770486,1114,12.641861889649244,15634,218.69738511002475,2,3,2,2,47,2,51,Benign
87,15,30.091880218519872,1752,24.647658554549672,11420,417.6977270376927,3,4,3,0,23,1,75,Benign
89,39,18.63210676459591,1768,33.04531558844336,26128,123.87306041472428,5,8,0,3,38,2,26,Benign
50,24,22.72865197821421,3494,23.329370490296593,9378,314.51147386074877,0,2,0,5,16,2,22,Benign
57,28,21.017368956168202,3400,12.448569214276048,23046,239.63981483621959,7,0,1,0,14,0,16,Benign
63,30,33.175875849035044,3672,14.333828661552669,5998,112.00044207125472,7,7,3,8,4,0,35,Benign
37,24,26.76517055275284,2870,50.08739343768667,9302,362.3197417636686,10,8,2,12,6,0,67,Malware
88,27,32.76028432310339,3588,55.5693379606463,12830,477.2650883633979,3,9,4,0,4,2,80,Benign
78,16,11.600299341859156,1321,17.611665121522442,19898,104.30110688122629,7,9,4,0,5,1,82,Benign
46,35,14.307105554980113,4530,22.463097864574287,23908,208.17477047209616,12,3,0,1,35,0,98,Malware
89,20,7.127404195402031,2972,42.612470236553484,19054,381.442297079026,5,5,1,2,26,2,71,Malware
74,17,19.99723870087423,1225,57.71358880462236,11735,448.50148961665195,8,6,4,4,9,2,50,Malware
98,15,31.217710381577323,4827,24.979485456663554,5130,176.31166940003123,9,6,0,0,49,1,53,Benign
61,17,14.80540091392147,1360,52.760681311800056,17423,128.28671381550754,7,7,1,0,5,2,17,Benign
73,11,8.848463208479945,2554,35.30123222251882,16609,103.45656013482834,7,5,4,4,25,0,72,Malware
94,28,7.05338764787159,1833,57.82793195403902,15409,186.08256866247368,5,6,2,4,45,0,16,Malware
37,25,18.425008175709635,1111,16.812933121409564,24400,128.52691682169902,9,8,4,1,18,0,79,Malware
72,16,9.920652338862899,1211,58.68361991039932,6186,243.75283564103918,4,5,4,2,38,0,19,Malware
30,19,15.383120866553105,2256,32.048931391475406,9294,276.0503099815387,5,1,4,3,30,0,36,Benign
80,21,29.599394242473107,1947,57.64691952131309,13135,291.96952235288245,11,3,4,4,32,2,93,Malware
53,26,16.52142148272573,1158,32.93451085257596,26218,156.93172409784304,5,4,0,8,35,0,12,Benign
53,16,23.296127547690674,3619,36.50410670602891,28599,285.5952195306358,8,7,3,3,20,0,39,Benign
46,31,20.064801674684446,2908,50.238750488866046,29373,103.62065670234522,9,3,2,4,31,0,30,Malware
34,17,26.55599878910109,2347,46.1314250369697,16004,195.76843524881826,8,0,3,0,20,0,93,Benign
49,16,9.684948769627063,4164,40.980166020864274,14709,247.63441972372794,9,0,0,1,27,1,85,Benign
50,13,32.61323109450856,2271,30.8490011794778,25582,147.34063037742663,8,1,4,1,17,2,44,Benign
87,12,24.30898392650106,3717,49.62191836998029,21389,425.601838926927,7,7,1,3,15,2,61,Benign
60,28,13.128611947403218,4212,57.411416664466024,22094,180.48495692326165,9,2,1,4,12,0,27,Malware
40,24,8.697611244141772,1910,10.490544847151341,29587,401.95588465850716,8,5,3,3,11,1,96,Malware
81,13,9.49176692438571,4070,39.392254822633056,7150,289.557215782331,6,6,1,0,42,1,69,Benign
44,34,28.47988780688324,3451,53.29904644891742,28226,291.89723725806573,3,0,3,0,8,1,37,Benign
36,18,22.64330159938874,4803,42.65562686727787,19144,358.0777344422507,0,4,2,0,3,0,87,Benign
57,22,16.422748721545503,1403,50.04146289166684,25906,117.7110846531995,8,1,1,1,33,1,81,Malware
80,27,14.9870253856064,2841,54.75305519244927,17458,131.50373600005713,11,6,4,5,25,1,89,Malware
87,30,30.672740132015907,3648,47.54755079265289,10808,230.73739590900564,8,2,0,0,38,0,67,Benign
34,25,31.24287571344383,2690,45.85087006823831,26334,266.7290002006889,0,8,2,0,41,0,74,Benign
34,10,22.437861152578787,4485,58.237294568195914,24666,271.9763188779279,9,0,1,4,17,1,14,Malware
37,13,20.73632196995109,2463,53.184232894578635,12892,370.7548523301872,6,1,1,0,32,2,69,Benign
93,27,29.493441262297146,2256,50.76889347913869,10553,100.2820047344609,6,8,3,3,49,0,64,Benign
39,17,27.480055393831258,1192,14.320168023593807,24988,483.64203683187543,2,6,2,0,22,2,78,Benign
67,29,17.009755499833652,2122,21.951494156970895,12154,169.79496439077795,4,2,0,4,43,2,96,Malware
37,25,7.48216054252571,2974,37.837801216254476,12139,199.4526705220947,6,7,0,0,3,2,69,Benign
54,30,28.055003220883336,4184,45.478005248740686,20479,462.2508738100654,9,4,3,0,24,0,27,Benign
95,20,10.061030868207313,2642,25.160744665023845,25366,102.19656034782089,11,1,3,1,20,2,44,Malware
79,29,5.49130719435435,4607,14.666405656041167,5177,496.52243262358155,6,9,3,1,15,0,77,Malware
96,30,30.299080256119726,4352,25.554959340762387,20488,114.38293425084134,10,0,1,5,45,0,89,Malware
78,30,22.34761536010156,1999,48.551459029025956,15802,148.21820779742384,8,5,2,0,45,2,29,Benign
65,30,31.749981066072753,2739,53.870051467068656,9513,196.04268501955528,10,3,0,2,41,1,96,Malware
97,36,19.53764249592854,1522,55.64518241721714,13745,275.48865604516294,4,1,4,1,6,1,78,Benign
70,28,32.79443302134209,1349,28.943333957207386,16581,307.38061348623694,6,0,0,5,49,0,73,Malware
91,32,15.619152439365912,3363,28.626928743009824,12774,141.88738846746588,5,6,2,4,42,2,38,Malware
39,28,26.735660070028786,2740,30.33537354858955,21625,129.46955944841156,4,3,3,8,2,2,73,Malware
50,27,14.029595277853504,3990,28.79047347107239,14571,112.74361456230722,5,0,1,5,33,1,10,Malware
65,28,5.034909929839353,2944,43.309830375360484,14788,202.70028026968126,9,9,0,0,14,2,74,Benign
41,20,16.392336036468702,4571,27.916163106599637,13028,468.613189438097,9,0,4,2,8,0,52,Benign
31,12,27.132965393277164,2560,11.017196830712292,18749,255.93700755516124,6,6,1,2,18,0,81,Benign
42,17,9.500725383395418,3960,31.95123003439359,18753,405.6029568378197,7,4,0,1,9,2,50,Benign
82,29,20.14406099622179,1651,21.207603308929386,15196,176.0752778155803,6,0,2,0,47,1,27,Benign
61,28,11.36964454552145,1634,11.440356889230998,28779,125.8716902906417,9,8,0,0,10,2,17,Benign
45,19,7.238723642573087,4058,33.54214757670241,6300,321.7119153934651,9,2,4,5,27,0,34,Malware
61,25,23.523559458329487,4507,20.297727959914653,12923,428.8369601482008,11,9,1,2,38,0,49,Malware
61,14,33.55902866910209,4594,32.637090741986704,28862,459.383966665418,8,0,0,9,40,0,86,Malware
40,29,14.321126561537513,2801,23.887499330514324,24779,318.48184141404033,5,1,4,4,10,1,57,Malware
39,18,22.419374010798514,1592,40.18544351402166,22454,217.6129136124124,5,9,0,3,19,0,31,Malware
44,17,33.608101032523834,3491,59.54386934369797,26301,143.80469809490432,6,5,0,5,43,0,80,Malware
46,20,24.514500499840626,4893,37.36159603558325,11673,367.1291416954519,1,2,3,10,28,2,73,Malware
69,25,25.19339906929863,3668,42.344795844638504,16976,212.17472684723407,4,9,4,3,13,2,72,Benign
47,16,10.367855346825078,2231,55.963787887560066,28027,437.58496977927905,8,7,0,3,25,1,39,Malware
84,24,19.7782903655848,4902,28.70002088625458,9287,342.0484473813152,11,0,1,6,25,1,77,Malware
54,33,16.0124824126174,1755,18.32742248927915,19384,443.55142534189036,9,0,2,2,10,2,45,Malware
88,38,19.1287055717309,2299,24.139864146527664,11237,326.6612040020606,9,7,3,0,31,0,68,Benign
51,30,29.024797293256313,1496,30.139747035727463,26410,408.6969450817773,6,0,3,5,47,0,28,Malware
59,29,18.820969632382948,1772,42.25088406279191,8805,217.72206036443947,9,3,3,2,5,0,35,Malware
73,32,6.885520347735053,4368,10.229401471486051,7214,301.2235161530326,8,5,2,3,14,2,66,Malware
61,26,32.166249834525885,3421,52.66916073834921,29505,107.76254916116397,8,0,4,8,15,0,87,Benign
80,15,21.344476623559117,2598,13.804698652491522,29632,343.13269732942223,2,3,1,5,28,2,62,Malware
75,24,32.73483075590876,1183,55.03275744592752,27533,313.49573902418126,7,4,2,10,9,1,24,Malware
50,17,22.170635360828733,1031,57.47172606024494,21621,402.1129289720813,8,0,1,4,42,0,17,Malware
61,16,7.089089479251818,1282,59.5051397056067,5732,391.58238619442625,6,1,1,0,8,2,44,Benign
68,11,21.586081805773137,1835,50.47550922034388,19925,351.04680073396315,7,1,3,0,44,0,85,Benign
41,39,22.27216797478042,3920,17.09277629700763,27547,122.67416544834693,7,5,0,4,13,2,13,Malware
76,22,11.430196380289267,2455,45.308352161259315,25273,461.2038829044309,7,1,1,7,7,0,85,Malware
47,39,19.130872523131302,4590,20.166064530408825,7824,107.20767636291875,3,5,1,8,4,1,41,Benign
50,32,18.78324535620954,1685,54.8563917790202,22611,421.30706416902444,8,8,1,0,21,1,50,Benign
42,38,23.68628447061811,1461,25.830296282767236,27903,291.73854050698793,1,1,1,0,17,2,19,Benign
50,15,12.788422960217611,1870,26.339798853752058,7454,427.19742515585193,6,6,3,1,2,2,98,Malware
37,38,22.45245253844581,4031,55.88266479574333,27607,286.02794948507676,13,0,1,5,33,1,52,Malware
75,14,12.228561279108284,1367,10.661553539185228,17497,358.7751220287256,5,8,0,1,43,2,52,Benign
36,29,18.3933581661172,3705,19.69830757417849,22151,245.3062023127985,3,3,4,0,34,1,73,Benign
52,10,8.68117098011921,4323,31.096613328172754,16575,397.4714944545315,4,4,4,5,43,0,26,Malware
51,38,6.119016435844346,1165,45.036078365509645,13168,201.6704700457991,5,3,1,8,8,1,20,Malware
51,27,14.617619179752017,4686,42.37830830223677,7424,387.7423647500609,4,9,3,4,45,0,67,Malware
58,24,13.237152519492245,4047,43.47059375835745,11183,177.353060430886,2,8,0,2,38,2,51,Benign
42,32,17.2080773609404,2728,54.0011014205332,24808,388.8670734690902,3,0,0,0,28,1,54,Benign
31,19,33.85947860001019,4600,16.05152061466283,25932,217.468522096867,10,9,1,1,9,0,58,Malware
58,12,20.666878843109853,1601,36.10808481093852,28974,211.45270881949443,3,5,3,2,1,1,40,Benign
81,14,21.595301184102695,4442,46.27388445512443,22097,424.5975749914427,9,4,4,1,30,0,88,Benign
56,33,33.24803116362123,4669,41.805922146208225,21469,425.47705467602657,8,7,2,5,45,2,23,Malware
79,38,32.634414127754994,4174,32.415705996963375,22962,376.5609478101426,4,1,1,2,32,2,20,Malware
52,22,31.523358617012537,3641,10.8557292936082,27763,469.56345230297467,8,3,1,1,31,1,84,Benign
73,17,7.939842260891391,3173,13.022613282394232,7016,162.47747733802692,7,4,1,0,4,0,25,Benign
51,31,24.02892231560991,1037,15.947066342691832,16678,207.72852808524163,0,7,3,0,36,2,51,Benign
72,30,29.242969414805355,1347,27.16138764176818,10701,217.6056346480407,9,0,2,0,15,0,11,Benign
66,38,30.067240687312847,2236,15.882672633357345,25098,222.11453496040482,0,6,3,0,14,2,94,Benign
90,11,22.337214275056883,4390,31.304115653130417,17931,231.21279355372147,5,7,1,3,49,0,60,Benign
85,18,5.524866424585073,3021,18.93209952927897,14463,378.8036708477347,6,0,2,2,18,0,49,Malware
32,26,34.21138704925205,3784,48.9583098763103,20002,208.30325733013558,11,4,0,8,11,0,27,Malware
92,36,19.165901082743645,1733,53.57438083561078,20588,214.36886194019257,5,5,0,3,13,0,67,Benign
48,27,16.807876858207948,1425,29.48237539840879,23792,328.16583340638056,8,9,2,0,16,2,94,Benign
52,22,16.84846141031789,2270,35.56658826578194,20203,177.34354202571288,10,4,1,3,15,0,87,Malware
58,10,17.724526401747994,1647,57.67481207804708,27702,245.95500261884902,4,8,3,3,11,0,19,Benign
59,21,12.26542154518259,3333,36.77538776743102,11971,123.17615544644234,7,3,1,1,11,1,78,Benign
68,29,14.820008772494894,4302,59.753660792171246,24235,481.01884322520283,1,1,2,0,27,2,10,Benign
54,29,34.56072829324218,1319,17.106549684602733,6397,226.9230708392945,7,8,1,0,4,1,70,Benign
37,30,16.045040007682825,1511,53.11132102983492,15157,440.01685343243435,10,1,1,5,26,1,24,Malware
87,14,20.80175049421367,4592,34.86015013364827,9156,311.9782376279993,2,1,0,3,26,0,32,Malware
45,17,30.448827979256556,3272,11.135705562483407,24625,191.28486291508085,6,5,4,0,15,1,63,Benign
30,36,20.822834333265906,3553,58.61114707196742,6530,177.3710296011595,7,8,3,0,42,0,99,Benign
34,24,14.733602648545027,4896,58.2523949871679,5774,377.98429795320567,8,4,1,3,13,1,77,Malware
32,36,20.712529307555904,4178,29.163542009144358,23845,485.9475230534568,5,9,0,2,22,2,35,Benign
94,12,8.422589313172924,2722,57.707103554295244,12985,173.2278882116691,2,1,4,0,48,2,96,Benign
33,15,8.900208656983095,2756,17.050482111927288,13307,146.16848667869812,6,5,0,3,40,1,52,Malware
93,37,25.823225966920067,4678,44.00550705603411,12342,254.83973816397216,11,0,1,4,21,1,70,Malware
39,22,32.52381971779237,4778,19.59644934439173,26631,257.52421877811037,3,9,3,0,11,2,86,Benign
50,21,26.77034400465555,2777,22.332361816741383,29040,422.50118947678106,13,9,4,4,2,0,25,Malware
75,28,7.238397219720715,3789,48.96687186013027,20364,287.5557177931822,10,2,1,3,11,1,19,Malware
56,38,17.086868330930173,4402,28.86790422826475,22733,124.98447534092345,12,2,2,1,26,0,64,Malware
95,27,5.076607648041912,4076,10.356375141431059,24129,468.2670766830799,6,9,1,2,41,0,52,Malware
70,33,20.336202299768985,4934,30.711921209779728,18510,249.27515742023152,5,5,0,3,15,0,55,Malware
42,10,10.79613454645554,3515,21.403466031647973,20590,367.41269219768117,9,3,1,0,13,2,83,Benign
38,34,31.0443994618597,2539,44.16649567791456,24231,366.99530862206603,1,7,2,0,15,2,66,Benign
65,36,8.130051586072472,4847,19.722434836175015,13014,122.5368314290487,0,6,2,0,38,1,74,Benign
87,16,5.043001959410912,1937,52.112676421823785,5626,101.44186366291609,4,8,1,1,19,1,95,Malware
83,21,18.534381293412814,1764,23.354650605408214,26969,135.21481133767082,7,4,2,1,44,2,69,Benign
41,19,9.662999117772175,3210,29.651412914150683,10961,482.6124531860509,3,4,0,1,44,0,37,Benign
43,38,27.13959146825485,1652,24.901843039854903,18624,417.597179617445,7,4,2,0,11,1,15,Benign
63,21,32.59804195344185,3948,42.19616739046829,17810,152.80491069016404,8,8,2,3,12,1,33,Malware
82,20,6.258140429077015,3855,15.058177061319835,28975,345.94794595952783,1,1,3,4,23,2,54,Malware
49,13,16.8674633574829,4602,33.90496863491221,28514,344.7895002037168,5,6,0,0,1,1,79,Benign
45,28,34.904449282128496,3129,26.722740760752906,19259,100.22363756116985,12,9,2,10,30,1,10,Malware
99,15,26.980159100020057,1480,54.20689816441573,15613,271.62570739647896,8,2,1,2,39,1,38,Malware
85,34,33.595629311174214,4964,13.67060467871962,29812,384.7101882407112,7,7,2,0,23,0,14,Benign
87,18,9.922498556484667,1515,51.48475324664274,24441,174.7171388469487,0,8,4,0,25,2,21,Benign
33,29,11.641056784758607,2663,18.384023826495458,10867,440.3615327978812,11,9,4,4,48,0,63,Malware
33,19,9.644337217904777,1186,14.428882996497757,27320,364.12195763973256,8,8,0,8,44,2,17,Benign
49,14,14.071071013278148,1145,20.1161429061504,28589,102.76971882582097,5,4,4,0,21,0,80,Benign
39,36,26.731522049871558,2005,15.13264910059052,16023,441.9656720445434,10,9,4,4,28,1,79,Malware
53,22,9.948399822745646,1151,36.049197410106274,27391,107.76001180864098,5,8,2,8,11,0,17,Benign
55,18,20.727021136498657,2386,59.410747645789066,14211,455.17152166394226,8,2,0,5,24,0,73,Malware
66,11,13.076297573431942,1092,11.716367596212942,7006,233.48754302794688,2,7,3,5,12,2,35,Malware
83,27,29.87587337410746,4102,33.05641746597307,14754,379.46010208879136,2,6,2,5,3,1,10,Malware
50,30,5.197772160168171,2849,29.303516455393087,14033,414.97238748469607,12,3,3,5,33,2,36,Malware
67,10,11.693448756160004,3587,26.98032071232002,7203,212.50752798290952,1,8,1,0,13,1,40,Benign
75,33,23.15722272716546,3696,26.593180521668042,20064,242.5747333627905,8,6,4,0,2,1,62,Benign
33,30,7.9013150592152765,1601,54.75063783132311,28167,303.81669732893306,5,7,2,5,42,1,57,Benign
89,21,18.989366478379686,1048,10.948807510420203,8197,333.0766127191634,5,7,0,7,44,0,19,Malware
86,19,18.086218894471088,2902,48.74581936900692,14901,216.81676243086892,3,2,4,6,16,0,37,Malware
74,11,30.575690204652908,4329,22.646658940297083,10666,496.95814753810635,9,6,1,0,20,1,21,Benign
49,37,23.7619157950044,4589,29.164775540878743,28790,394.8018692889088,10,7,4,5,32,2,24,Malware
46,18,24.19106186477308,3588,31.007495642428886,14256,209.66080392801155,1,2,4,1,23,2,75,Benign
33,11,33.554228053674976,4481,25.23658770368717,17473,356.17287650707226,10,8,3,3,10,0,91,Malware
43,32,34.47081125970125,3203,14.677943091769894,23892,274.14848045704593,0,9,1,0,23,2,71,Benign
32,33,24.60184196458516,1774,15.71654244147174,6718,444.13155661802585,0,3,0,2,17,1,53,Benign
87,39,20.660043504561628,1545,24.906556204132215,16524,231.580028310728,13,9,4,2,8,2,52,Malware
84,31,23.237601753946397,2463,51.09045264436253,20765,175.14159526129748,2,6,4,0,4,1,32,Benign
33,23,16.473311151624813,2260,16.731382639370594,7593,118.45450351401476,3,7,0,5,8,2,19,Malware
53,20,34.62369850880232,1649,47.13199165729654,22856,493.7236927471123,6,7,0,4,23,0,15,Malware
63,32,26.150637784905765,4439,24.443486471464382,5698,243.6886694455199,12,4,2,5,34,2,26,Malware
59,20,13.73020383137494,4048,54.17324675560464,12568,188.20738736090124,6,6,2,0,33,0,58,Benign
48,26,6.732988969162053,3023,31.416423770032043,27834,296.7073893709974,11,7,4,5,14,2,67,Malware
60,13,6.341657874559035,2080,18.58616566486878,29712,216.65572881795288,6,1,2,0,21,0,58,Benign
89,22,11.147389415796175,1174,59.292222505525515,6225,193.1600137293735,9,9,4,8,4,2,76,Malware
89,16,11.987391627593347,2237,18.83172596149558,18180,346.55380007969063,3,3,0,5,26,1,74,Malware
48,25,17.45136481861701,3074,38.38099106161347,7702,129.93936296544751,6,5,2,2,18,2,19,Benign
78,10,11.445380349087614,4878,38.46432390480671,7204,303.59717985325733,5,8,1,0,46,2,77,Benign
92,22,23.927312925852338,2941,28.640672558888994,24710,254.97252053787466,1,1,1,0,37,2,70,Benign
51,10,11.337641924317452,2142,57.57442962745655,7228,313.0117194990595,5,6,0,0,1,1,22,Benign
53,20,10.636296168234379,1146,52.193728120586584,15648,228.17624925555816,2,1,4,0,3,1,90,Benign
59,15,19.137109784011095,1867,51.4909780419121,9948,328.1283683699245,1,9,1,0,27,0,44,Benign
87,29,31.660057979714566,3312,58.707596771473895,25186,132.72741774983373,4,1,2,1,16,2,26,Benign
60,12,19.049164621359026,4474,32.855466909815846,8099,250.4635824437447,7,0,3,1,36,1,13,Malware
93,21,17.41546233716501,3305,14.859288781001464,18158,194.99944329845422,1,8,4,5,23,0,87,Benign
48,14,22.342847223791264,2883,48.27279627248969,17899,275.2358853020588,4,5,2,1,32,2,21,Malware
77,18,12.716410362548855,4260,29.04062897259669,22922,259.3344427759166,7,1,4,0,14,1,75,Benign
74,35,15.603096634713033,3874,19.517257590175916,25548,352.47346468667655,8,9,2,5,48,1,79,Malware
84,35,11.415057670013917,1742,34.16236716101267,13793,351.50309126381603,11,3,0,3,39,2,54,Malware
84,21,22.15429983823051,2522,56.285947008358164,15256,265.3458989714669,9,3,0,0,11,1,49,Benign
47,39,25.92162684707646,1709,18.56785095073142,26358,172.64926279861825,4,6,0,1,3,0,84,Malware
92,39,25.210959229717155,4310,52.43494076148709,11978,332.76545944280974,3,6,0,0,15,0,19,Benign
76,37,12.644534538942853,2350,30.910247080755866,17098,486.6061479955222,6,3,2,8,8,1,92,Malware
86,36,28.38944617243901,2093,16.8400990351571,5545,174.17708975529447,9,4,1,0,26,1,11,Benign
74,19,12.678609957497908,2952,52.419115199432824,10932,127.6236715858461,4,8,2,2,20,1,65,Benign
62,28,9.50934653803289,4835,58.48101705957143,11203,205.82447419681063,7,5,2,3,45,0,75,Malware
46,14,15.49426246061583,4776,24.56353579175058,13375,265.16813389370407,8,1,3,0,2,0,22,Benign
99,35,22.93232267512649,4096,25.176810492103442,22221,222.47536872804704,7,1,3,1,33,1,40,Malware
33,14,9.26005456413194,2605,29.527299151996658,23276,433.8838837930697,4,2,2,2,49,0,49,Malware
49,18,24.442613363253688,4227,50.706518223040355,22772,297.21106899483124,3,6,0,0,17,2,74,Benign
76,36,30.892039887604728,2681,10.52085983697499,28549,198.45115266371928,12,1,3,3,41,0,87,Malware
44,37,13.794215307742116,2854,21.19782758687672,19240,480.0796227583999,5,0,3,1,19,1,25,Benign
99,35,18.506198483453584,3266,45.29499055531631,22841,150.02512788849995,7,3,2,0,39,0,86,Benign
76,36,11.849312768755343,1560,30.281972524276306,16462,149.16457675121745,6,9,4,0,12,2,56,Benign
38,29,15.837851872111846,4450,26.514781148406378,24184,198.1139436838297,4,6,3,3,11,1,98,Malware
45,26,5.659117124075222,1891,53.61414444510087,8303,130.70884866130018,0,4,0,0,21,0,16,Benign
98,19,33.61308188638481,4265,55.86669600731197,16827,400.6610738519252,12,6,2,6,44,2,26,Malware
90,30,17.476706396365852,4111,57.39931095830977,28670,225.1243336706553,9,6,4,5,27,0,97,Malware
39,10,28.666103294542406,1596,23.627526632714833,27857,391.93519676253493,2,6,1,8,23,2,26,Malware
79,31,9.279303120695289,3390,55.62563047695535,8286,405.09498707881903,8,0,0,0,15,2,90,Benign
32,37,29.370651323011966,3550,46.848277736364444,12489,195.0074202994515,13,7,0,1,39,0,98,Malware
99,25,30.80441932886603,1449,17.71073742442903,22556,307.34545549499364,8,5,2,0,22,1,70,Benign
80,35,26.464313860630376,3383,40.513501415410516,20767,307.836870488458,5,5,1,4,13,2,82,Malware
48,35,32.096249749502164,3051,11.316740965349561,6711,448.5457649348274,10,9,0,1,46,1,12,Malware
71,24,10.01591388404409,2825,45.41890778854326,10496,110.25234000125441,8,3,0,2,11,2,54,Benign
64,32,19.2944548636586,3806,46.678376132546916,28871,226.72013745952466,13,8,2,4,17,2,68,Malware
75,26,23.60328596048472,3564,49.466925429749864,22412,452.99575213880854,9,9,0,2,15,2,67,Malware
55,35,22.88578912092462,4568,18.626252706121747,27929,194.72128908665897,4,8,4,0,40,1,41,Benign
98,29,30.831228035788946,2249,41.41249704737655,17915,154.75199589858173,11,5,1,4,34,0,76,Malware
93,34,11.47074103918657,2173,18.94283424138272,7250,330.45563798022806,2,8,3,3,15,2,10,Malware
66,22,10.269314976165992,3285,57.33250416945879,20396,222.3507047724032,5,0,3,2,47,0,17,Benign
78,10,12.601357845738544,2683,43.75053463404172,25533,286.91779730791933,10,6,1,5,13,2,39,Malware
50,34,31.746501482386122,3150,14.766292400202786,9383,428.0051062578946,2,8,4,3,29,2,64,Benign
93,17,33.23081247972724,2198,19.351611500291142,12451,308.2787900332251,2,4,2,0,37,2,65,Benign
34,14,22.08890312809992,2009,43.17300490648739,25053,306.3559130641488,3,5,2,2,47,2,86,Benign
99,15,20.041158037115594,4532,33.83352480798043,14260,211.27307027815647,12,5,3,4,3,0,15,Malware
33,32,23.16156824037969,2771,46.81488331054392,29859,417.1462257909786,3,4,0,0,48,0,41,Benign
68,29,23.48922949540082,4105,24.039439946282954,9677,395.9258496191738,1,9,1,4,42,1,76,Malware
64,39,10.109141148304875,2707,42.89587684235384,27474,193.64820586343188,5,8,4,8,10,2,77,Malware
30,23,25.592326448693907,3565,18.848008401521952,8488,228.0018078848553,5,4,2,0,16,0,37,Benign
53,31,18.57053307045277,1439,37.185513168051656,8212,415.45127719661645,6,2,1,1,49,0,96,Malware
86,32,20.521458765441356,2308,57.88997957749931,5916,243.08712073003596,10,5,0,1,40,0,22,Malware
99,20,5.909498130054665,3272,41.41111161454932,23478,261.42384635723954,3,5,3,0,29,0,96,Benign
70,15,27.93669897593091,3612,12.499680875245824,16430,245.764908502261,9,0,0,1,18,1,76,Benign
83,20,30.062838838036452,4328,59.43810688683134,11269,164.65301060713745,8,3,4,2,36,2,47,Benign
75,22,23.582646618036396,3030,17.843316482443278,17759,236.35861403316318,1,9,3,2,35,2,33,Benign
89,21,27.461709058899878,4130,45.90345513485526,26290,421.17412124152327,10,9,0,4,2,2,21,Malware
89,31,20.681180095163057,2967,36.6265019532098,11042,296.4301417508357,3,0,4,0,25,0,18,Benign
86,11,23.550601369356666,1245,24.718034390215188,13812,283.28699331038786,8,5,4,1,25,2,10,Benign
60,30,16.837150953897158,2542,18.865524271385453,19705,162.5404705103319,5,1,4,1,28,1,29,Malware
53,12,28.756227951875378,2237,18.885118213835785,11731,171.02793541221138,1,4,1,0,37,1,65,Benign
65,32,19.048127907934777,3975,52.91998406040803,26177,117.18006574004764,9,2,4,1,43,0,90,Malware
59,13,25.40638713256648,2613,53.645625708171174,16539,105.58221260928948,8,5,2,2,47,0,41,Benign
53,26,23.64288135858514,2724,33.2572760812356,21448,295.20561522915284,6,8,4,1,19,2,78,Benign
59,37,26.069435551572493,1952,15.181073146248693,8698,263.692942085186,0,2,0,0,17,1,93,Benign
36,37,28.5564762537567,3866,54.20825519233949,5201,210.15102872462916,8,8,2,0,22,0,99,Benign
64,31,20.381404447789855,3263,34.350824308754454,9237,496.018616140566,5,4,3,1,18,2,62,Benign
84,15,29.391978477670058,4474,31.938121143345686,21334,259.1984782618023,12,1,2,5,26,1,37,Malware
43,16,19.917717118148268,1282,30.36785122188101,24553,415.5387596526464,1,9,0,0,15,0,16,Benign
39,24,33.699029685918106,4902,28.25070869296028,7864,184.21823733262272,10,9,3,5,29,0,17,Malware
45,20,27.580152458443827,4644,36.300270180429706,11360,198.81648344349986,10,9,0,2,7,2,32,Malware
83,33,10.134249492381926,3620,40.22706133058521,20326,327.35654687389734,8,9,0,3,18,0,16,Malware
99,12,29.88753414090294,4286,33.321610178647795,20945,101.6113078808774,7,8,1,2,11,0,33,Malware
73,39,21.547629824199024,3429,54.832408172752224,10412,106.97018476356001,6,2,1,0,8,2,57,Benign
74,15,34.53382873921596,4116,25.883061426474864,29059,156.88748845981127,6,8,0,0,39,0,96,Benign
85,35,26.56457131020582,2940,38.91559283933907,14349,189.24841641238524,6,5,4,2,40,0,91,Malware
86,11,7.5317223971057325,1171,24.99769600969926,23693,311.13980631990876,4,0,1,6,25,0,97,Malware
50,38,16.848812828310464,2244,47.66750118962671,11427,374.4917723264506,4,0,0,3,14,0,86,Benign
97,23,20.518262080197996,4456,15.106054966411783,5101,224.75146559521028,3,2,2,5,34,2,71,Benign
79,18,30.170408094794055,2118,19.434949839766627,5376,195.62837440151367,9,4,0,10,10,2,17,Malware
62,27,26.88036602989318,2882,50.060070496347535,13397,429.1244713973284,6,5,0,2,16,2,54,Malware
36,28,16.08080211834917,3091,19.159879760976935,16916,165.11079387227034,9,4,3,5,29,1,96,Malware
99,21,24.602980625078867,3275,41.287317309737006,20372,371.33062202315205,9,7,1,4,6,0,50,Malware
44,22,22.30732723695138,3621,58.51217259520985,15249,472.53220656634835,0,5,3,1,38,0,28,Benign
61,35,8.781578268572208,3364,36.14453068829829,8663,192.8843640970962,1,1,4,2,8,1,28,Benign
49,21,12.045760789958015,3778,19.36982231700346,18478,134.78614620645985,11,4,0,8,22,1,19,Malware
44,21,15.233669381429431,4406,26.034552284631875,27678,491.9035576064042,11,6,1,1,44,1,44,Malware
77,27,10.864502190905087,1600,51.17290382271191,6060,208.30951844850065,11,1,1,4,49,0,19,Malware
50,18,9.504015374900767,3671,27.583045655998685,26977,210.26528362400194,5,4,1,1,37,1,81,Malware
71,26,6.7459331039086115,4790,46.17556795149068,26947,293.5089165351988,6,4,0,0,44,2,53,Benign
55,30,31.193076968267903,3023,48.86750314420051,20701,192.42306361845846,7,7,0,0,23,1,21,Benign
43,25,13.66830253894561,1466,35.05914236225821,10124,497.14894217342766,6,8,2,6,3,2,67,Malware
86,26,13.709618118006986,4950,49.16066921831945,14081,117.1863543478176,6,2,3,3,45,1,33,Malware
66,30,11.186844122904663,4889,25.84515022141072,22946,280.58923157292327,9,3,3,0,26,2,16,Benign
87,33,19.26192115591649,2738,35.80798233582029,24579,319.3386940252001,9,8,0,3,41,0,95,Malware
50,17,20.42725903767117,1296,44.32791319860702,17690,286.7803431788996,1,8,4,3,35,0,75,Benign
98,20,11.2484407587524,3592,18.40365736521902,5810,308.209189145148,5,2,1,9,42,2,29,Malware
32,33,23.257110135909517,3536,23.681098369109485,14250,495.0316576868258,7,1,0,0,44,2,24,Benign
66,11,26.68999878781247,2019,42.60183016968261,15038,450.76063354804967,4,6,0,1,38,1,28,Malware
78,17,16.215202578963556,3262,42.76800599147767,9412,223.37747171844464,4,3,0,2,2,2,20,Benign
48,21,22.56355090572316,2547,34.665132322648944,9398,320.5908196763088,11,2,1,11,20,0,11,Malware
41,30,20.06905715493339,4073,49.779267839106026,14317,100.12440501152034,7,1,1,0,18,0,50,Benign
90,10,10.866451950683064,2898,34.10274510024878,26815,263.82760054948744,6,9,0,1,41,0,79,Benign
70,32,26.900329663237336,1660,54.066113270686664,25561,165.54968914478735,7,7,2,8,14,1,57,Malware
62,22,29.04359083472142,1653,46.79517154359727,5657,384.5442363102639,13,6,3,3,28,1,50,Malware
79,31,24.463793467615027,1801,25.734743165167064,27720,188.4358310534446,9,4,2,4,30,1,30,Malware
97,30,14.716880833131539,4278,29.762700424227774,5052,399.5582582046433,1,6,2,0,44,2,74,Benign
62,26,32.80377483227903,1340,43.38433428849228,26494,225.26393359202916,6,0,0,1,16,2,24,Benign
53,23,18.66075163985373,1703,54.722630941174565,17632,470.33144852455035,9,8,1,9,36,1,62,Malware
90,23,12.976354561552935,3454,18.935436635175435,22492,278.1666406805385,6,7,3,1,47,2,59,Benign
90,25,17.247038624658693,1852,35.733176937099,5986,435.80708786953966,8,3,2,5,18,1,28,Malware
57,26,25.762252757246294,1305,15.939221066218836,27410,351.26640121560524,5,0,4,5,7,1,26,Malware
87,15,30.377953569777475,4578,23.97275776600656,29431,490.9592859613881,2,3,1,4,11,2,69,Malware
72,35,15.697264978486178,2933,44.299067964662115,26120,397.0891002848338,3,0,1,1,15,0,27,Benign
70,37,11.978733380281241,4540,13.886731762408086,13402,391.08132892455427,4,5,3,8,46,2,69,Benign
68,16,23.794793955056146,2787,43.117929094442374,26343,205.94639297972742,9,7,3,2,12,1,35,Benign
78,35,32.636453003188564,4787,55.04055604726485,5775,301.9439003890161,3,4,3,2,25,1,83,Benign
46,35,10.498800906782648,1873,58.46851455092331,14106,216.0454754742554,10,8,0,3,2,0,43,Malware
99,10,29.090581468980997,2581,20.831610051275774,17470,107.71737480736148,1,9,1,1,11,2,91,Benign
99,34,19.298215444624525,4957,47.44489783039379,28823,384.2341330604934,4,1,0,3,40,1,70,Malware
94,24,28.985375118862752,1494,56.318522435276485,5505,194.33459988170748,1,1,0,0,33,0,67,Benign
34,29,20.16623449319873,4332,14.5684655424718,8298,258.929612137115,12,3,0,10,12,2,72,Malware
31,30,16.31983322906658,3625,30.701180424460265,25572,213.8555148695465,5,5,1,2,4,2,67,Malware
51,27,25.902230006289525,2685,55.9704883436083,25809,179.8543425854602,6,5,4,3,41,2,64,Malware
86,39,32.01881883784692,2605,20.139374912741506,15429,126.84772975350138,12,5,2,4,20,1,29,Malware
95,37,14.607551911105432,4435,56.68803418939209,20957,235.15596350851453,11,5,1,9,37,1,69,Malware
45,35,18.822444049831155,2537,36.359603554388926,16105,132.69796940848101,2,0,1,1,26,0,70,Benign
80,22,11.882018800895676,3588,14.994654126877784,24385,316.12765616128917,7,0,3,4,3,0,51,Malware
68,33,10.502283908520523,3815,32.49386583777575,21148,107.8496415045885,5,2,2,8,43,2,58,Benign
69,39,28.336704271765253,4644,26.31305977335331,21644,476.0079518571439,5,1,3,0,2,0,26,Benign
67,11,11.019923500653272,2635,24.110208027590417,6951,486.5900077810706,8,6,4,3,8,1,91,Malware
89,28,28.799545140033498,1895,37.07377878168418,7370,221.8615393185476,1,5,0,0,25,1,29,Benign
88,24,17.876511555207934,3502,34.1796345375935,11153,204.07785632258796,2,4,3,1,47,1,76,Malware
39,21,34.851461702231475,2167,34.0983579810046,20300,141.76207988072048,7,7,4,13,24,1,31,Malware
93,24,10.920242545738677,4263,14.407086555155765,13279,461.9675706322675,9,1,2,4,19,0,49,Malware
92,34,7.78933977538478,4936,50.11590905135683,27867,334.7455701199617,9,6,0,0,32,1,62,Benign
78,27,7.262992088104868,4424,34.07196576778976,16581,344.0499691992426,4,9,4,0,1,1,69,Benign
93,23,30.06254014172602,4853,51.04529143509371,27052,458.34258504079924,4,3,3,4,2,0,90,Malware
61,15,18.1332893317503,3346,51.22973207754752,7734,464.3147175426394,4,2,4,4,12,1,96,Malware
36,21,5.093730489421149,4531,25.85676624240216,7256,431.33666788420436,2,0,4,4,43,2,44,Malware
50,29,31.243140875100078,3474,10.217315190380617,22456,409.37662443986443,6,9,0,0,41,0,41,Benign
49,32,31.307630207309135,2861,55.56228387290592,25305,450.8964889199935,1,1,1,1,34,1,98,Benign
55,39,29.192500220563726,4894,48.03473465431201,7969,450.38824267380903,5,6,4,0,38,0,91,Benign
97,39,12.449554490745275,3763,15.362597841173555,20977,247.4579425087598,11,2,0,4,46,1,58,Malware
44,15,16.18258160201519,1756,45.08635170015506,27326,489.35648799159367,9,4,0,5,26,2,86,Malware
43,35,27.34778675586451,1030,11.001163433444031,15502,383.65288526415566,1,2,2,0,20,1,66,Benign
56,39,19.68059376222756,3379,11.387953461034924,21362,248.0837736050648,6,6,2,3,14,2,70,Malware
69,18,9.614797301706574,2993,36.291161979892124,8277,276.81980691020357,3,3,1,3,37,2,56,Malware
87,39,12.283947935830172,4482,14.801871461817331,16760,374.8524233125885,9,7,3,1,43,2,91,Malware
57,34,34.177686102546716,3099,58.21682612424594,8969,244.43956385387168,5,9,4,4,8,0,19,Malware
55,35,9.530393522813187,4455,54.691561332513125,15909,430.6230848080065,1,7,4,3,5,2,40,Malware
92,13,26.782422700345656,1242,42.49060156239424,12920,159.22544847659054,9,3,0,3,43,2,28,Malware
95,26,19.340549199786167,3822,13.185448541915665,6488,463.0377194843851,7,1,0,1,20,2,81,Benign
54,11,27.458049786564793,1685,26.241762890353257,15259,220.4790047346436,5,6,0,1,7,0,57,Malware
32,25,24.83339723433179,2635,28.586149895302196,15807,161.0851141372524,9,0,2,0,5,2,81,Benign
73,33,18.17501571662978,2440,34.04399179143498,16209,443.2097125784093,9,8,0,5,47,2,69,Benign
71,23,15.617324740492013,2498,18.44514370032261,29343,195.7852955743151,5,4,1,3,48,1,90,Malware
35,35,27.630777630683767,2415,38.875582139859794,14323,437.3582952198405,9,9,0,9,41,2,15,Malware
68,17,14.694236187794793,2412,31.788532395461164,7187,218.50576137947044,9,3,3,1,23,0,88,Malware
81,23,28.633144402657052,1572,57.364848169642926,26594,473.5457150616627,8,3,0,4,23,1,66,Malware
52,11,25.395291989973558,2991,56.809761481260956,21654,187.6310559205245,9,8,4,0,23,0,74,Benign
79,25,22.330075106995068,3919,38.273697766998616,28761,127.85999642880053,7,0,4,4,17,1,46,Malware
72,13,16.06402654706892,3747,42.21746679952676,21047,474.61246533695555,5,3,0,3,41,2,59,Malware
48,10,11.152440732991248,4540,16.88982338868712,14788,166.25029689746117,1,5,4,1,19,2,34,Benign
98,32,26.312594037219917,2431,21.16616194200858,16718,477.6530166889101,8,7,0,2,29,2,15,Malware
80,29,7.740476815117427,3566,55.03577021009548,17571,429.5909400473346,6,1,0,11,4,2,96,Malware
40,36,34.11626768467279,2212,44.95829614478675,21749,132.77015588665398,12,7,2,4,5,0,64,Malware
41,23,34.362437438464625,3642,19.471509864153877,15723,278.0540795771742,2,8,2,3,10,2,95,Benign
37,17,8.90667847874416,4422,38.510515303661144,29578,129.35986325404625,4,7,4,2,14,1,70,Benign
53,34,8.118059689169067,3330,56.73806252447245,24435,231.91462584472453,2,4,4,0,37,2,33,Benign
70,37,17.381501812490903,2659,27.25855530809518,5783,240.6012312959947,8,0,1,2,42,0,39,Benign
65,34,33.910498167815064,4228,19.291018775954264,15403,339.85333213102945,11,5,1,6,35,0,60,Malware
84,12,17.009326976933387,1598,57.101263845454916,25867,490.35822713724497,9,0,0,0,4,2,52,Benign
38,14,15.914063252970045,3195,33.06326801460496,12138,167.90537604302364,6,3,1,0,6,2,35,Benign
76,15,26.107551769963138,1069,30.862099933138325,12159,231.66038589952484,0,8,3,0,47,2,10,Benign
44,31,10.361937097856812,2393,23.37835998963751,10485,334.8409976858122,11,4,2,2,11,0,89,Malware
77,35,15.899704507212544,4659,54.579264747357215,17361,168.56834212783886,9,6,4,1,23,0,56,Malware
71,17,13.739223388234635,2649,52.28083834447875,21621,384.28386490348765,10,8,1,1,20,1,28,Malware
89,15,23.046038678918784,2538,30.149519971837705,17075,261.4638863545482,4,3,3,0,18,2,45,Benign
99,15,9.882586586424916,3281,11.530663994853942,15177,479.82891825412685,2,4,1,2,14,0,73,Malware
41,13,21.46103766818709,3726,32.332571525306975,12058,351.94837808629046,4,5,4,4,1,2,71,Malware
31,16,30.726397698105345,4682,19.042900829002665,20884,245.232284484038,3,0,1,3,41,2,14,Malware
36,39,20.425116401228056,3683,17.13670350744406,19569,387.78924842750143,3,9,2,1,38,1,57,Benign
32,39,25.504898512942557,1466,29.65468059477118,6462,435.5018311959805,5,4,1,7,23,1,36,Malware
32,33,7.257440530337986,1556,14.95384686723136,14413,420.19190561180073,2,9,3,2,31,0,91,Malware
56,28,18.47016737741129,1893,57.87322534658325,23050,205.10575765147354,8,3,1,6,14,1,85,Malware
69,16,7.846795023075559,1835,12.37695908906409,16628,266.7933408595436,13,0,4,1,7,0,79,Malware
62,12,22.983850273599707,2310,30.068481369936357,11296,280.871064412202,7,3,1,3,49,2,68,Benign
30,17,13.431631135214555,1617,18.135135101584744,6656,255.3533568689502,8,4,3,6,6,0,10,Malware
37,10,13.617974929752439,2317,44.440566076437804,6131,224.345433142327,7,8,1,4,48,1,52,Malware
61,10,7.303002114349422,2504,13.940572460728086,5810,401.0991197125391,10,0,0,8,23,0,10,Malware
77,23,14.307135843222031,1133,37.34027871043172,5055,104.88969737260443,5,5,4,5,40,2,45,Malware
33,15,20.20031531321292,1007,48.65507476009688,24907,217.41769154350834,6,7,0,4,13,2,37,Malware
99,19,22.53980309515284,3075,57.50299175244854,28943,156.64690278916146,4,8,0,6,22,2,18,Malware
48,34,6.999966538274699,1782,44.92637814847063,24046,151.5077263599789,9,4,4,3,18,0,61,Benign
61,37,24.543775571482104,4806,14.974587881729175,8279,210.78346675899144,0,1,4,0,33,2,31,Benign
38,23,19.66627282260484,4591,14.426027485707051,6533,404.8612364460194,13,0,3,4,11,1,52,Malware
41,13,21.107240237427042,2333,46.579902426903296,9011,487.76874763137346,2,4,3,0,7,0,14,Benign
40,15,29.98390021303384,4717,20.766470250173434,22317,305.8473866164395,5,2,3,6,40,0,87,Malware
75,25,15.266793359145996,1540,32.36196543166244,22046,235.58872703076713,2,5,0,0,44,2,89,Benign
45,37,10.22153334095104,3674,58.831055067567945,25229,431.66818652443476,5,8,1,1,46,1,21,Malware
30,30,21.554305271208623,4565,50.99533992019378,19635,126.84137010729977,9,0,2,1,29,0,48,Malware
92,37,33.35065752605716,2057,52.32966786501003,24407,137.2671767516113,3,3,1,0,1,0,93,Benign
50,10,20.536088575433936,3054,53.03849523640393,10967,238.1465258997067,3,3,2,3,39,0,62,Malware
59,15,29.957365223585192,3087,40.977267006077895,29719,279.3633997885404,10,6,2,3,49,2,96,Malware
42,18,27.71096163383099,4401,47.19669619312392,29291,419.13514771254967,4,1,2,12,25,1,63,Malware
63,24,20.549923610294947,1908,27.948045731714362,17516,470.10557573431583,7,7,2,3,34,0,55,Benign
33,21,24.426643329602676,3109,59.922311328642536,20624,312.5106139967136,8,5,4,3,26,1,27,Malware
57,12,17.200405522899757,4157,23.981108482732253,11609,298.2578678285099,7,3,3,5,44,2,16,Benign
88,20,20.918860672915812,4796,39.50037016517598,11280,185.20440763161366,13,2,4,1,15,2,78,Malware
56,24,20.21857265871904,4187,24.103083916059667,13431,280.47261747999335,4,9,0,3,29,1,51,Malware
98,12,26.27331088873319,4648,15.603552528003657,7004,469.4576925096181,9,6,4,1,25,1,61,Malware
54,23,17.299439580688478,2320,38.379290742183834,16961,257.1598145093486,6,8,3,0,6,2,75,Benign
32,11,7.993013678664202,3426,27.667433543306988,27976,184.27299512038496,11,1,1,2,27,1,10,Malware
97,38,28.661285684408686,4753,39.160963376169384,10434,234.91801168205723,6,7,3,2,4,1,26,Benign
54,13,25.545590099846226,4699,37.93392383324964,9246,305.83784505406936,9,1,1,3,4,0,86,Malware
49,35,33.50370366372096,1321,37.112836457178076,8396,339.43401223982835,5,5,0,5,44,1,82,Malware
63,28,17.861485275435882,4699,16.16505610232647,12570,272.9719518560677,2,7,2,0,43,2,85,Benign
55,21,7.346169707332841,1732,32.00903871751785,13544,403.414471816121,9,0,4,5,42,2,56,Malware
34,11,8.648569590897289,2418,50.60019696993959,23358,333.7813528426827,5,6,2,4,37,2,81,Malware
90,26,28.19958629609234,2380,25.75717477723179,9561,366.01925360467493,10,8,0,5,28,1,34,Malware
38,12,7.0327184833580585,4633,32.19157526460326,6063,445.16756984449216,11,5,0,7,36,1,67,Malware
79,19,32.23478434787856,3886,34.691579516013405,19989,446.2754281090611,5,5,1,2,21,0,85,Benign
35,25,13.44950333885556,3466,53.13656562958724,6395,181.40332492083922,3,8,1,5,3,0,85,Malware
89,31,31.966371217379745,4549,42.779988461300945,22914,349.33789793305993,4,1,0,2,17,1,42,Malware
73,18,28.205205464028385,2359,15.010126741865701,5052,386.656344416664,6,3,3,5,31,1,55,Malware
40,20,31.1360310887507,4662,53.25854929025106,24535,158.34118130434047,9,7,2,0,25,1,91,Benign
95,30,11.421190753098973,3067,51.603298774104495,27248,437.10793482356735,7,4,4,0,34,0,45,Benign
76,24,22.870804874407046,3459,47.68229902995877,27054,172.18794480453252,3,8,0,4,47,2,49,Malware
32,12,7.807673962172678,2914,33.30290091594188,7786,419.71176930994284,3,2,4,0,49,2,13,Benign
59,25,11.068423026181279,1548,47.87726917429034,19675,164.58630264937977,6,5,0,6,24,0,49,Malware
50,39,14.297066820118054,2282,33.937103132137864,6144,396.71141472440047,8,5,1,0,34,1,11,Benign
57,30,27.224377745300693,1604,46.831176716358144,7112,159.2591915546655,3,2,1,0,23,1,21,Benign
91,30,5.7414313816544995,2722,54.00550824862681,18751,251.53172434338748,2,5,0,1,12,0,61,Benign
62,30,32.09351848616409,3404,54.52707925652984,5295,157.40645338882877,10,0,4,2,49,2,54,Malware
64,37,7.124105411387651,3248,32.72892870937273,19540,208.28603853065187,10,4,2,4,24,0,28,Malware
81,21,16.294705860338816,4482,52.96713396760146,9742,493.80591094139385,9,1,0,5,17,2,28,Malware
63,32,7.432688849857524,4359,15.072869025385657,22964,143.07026242775348,6,7,0,3,5,0,99,Benign
70,14,28.069035293101212,4119,15.090970874339051,11278,262.5859305671553,12,6,3,4,10,0,94,Malware
80,16,9.239449202082703,3812,37.413347343374,7425,370.76773635420915,9,6,0,0,43,2,55,Benign
76,18,31.54270730787373,2581,42.59223092281345,29531,137.83942815891433,8,9,1,3,15,1,95,Malware
87,30,20.906659597745783,4441,17.649688798920135,12219,143.61319496781334,7,3,3,5,14,0,46,Malware
86,27,33.454184583661885,3278,33.609002240299645,12011,157.30514900954984,4,1,3,5,45,0,21,Benign
52,30,13.71082738424586,4166,14.718133390796153,7627,357.9945512132093,12,2,1,4,39,1,93,Malware
77,17,18.62948455635173,3350,40.10497427766552,9805,463.7347671916826,5,9,1,4,16,2,45,Malware
51,21,25.82740886988734,4289,52.75470183764239,21365,430.3957815874606,2,3,1,0,23,0,74,Benign
46,29,29.957399377128816,4623,46.88194880097619,27530,493.2220957429967,4,2,4,1,49,1,67,Benign
98,11,17.640712632368203,3434,28.914577621463565,19199,331.2551538397575,6,2,3,3,23,1,16,Malware
40,19,31.772976149814927,1714,59.68968983185608,29002,484.59092184727433,2,0,2,0,16,1,72,Benign
44,28,8.539616249731857,4699,43.14674882330684,13701,221.9736660861808,9,0,2,5,33,2,21,Malware
64,18,26.260541564302862,1924,50.76242172212395,12935,268.6018375384263,4,7,4,3,16,0,41,Malware
62,34,15.445969466409812,4162,43.484869364586636,23275,258.41654718645185,5,7,2,5,2,0,70,Malware
45,33,8.04006452397791,1057,59.47081455435633,22845,118.94299211156172,3,0,3,4,30,1,34,Malware
63,17,16.599936704060113,1433,51.06798836088865,11920,431.88210741622333,6,3,1,0,34,1,81,Benign
95,33,31.406468734567035,3569,35.97116089477203,19261,109.88727547694745,9,1,3,1,40,1,88,Benign
69,33,34.4160161386592,3815,28.34397814187949,23383,391.9505004340047,8,0,4,0,35,2,50,Benign
57,33,16.783995713014477,3876,44.10774145744212,6970,262.8259130621056,10,1,4,3,27,0,89,Malware
76,10,31.592491634191255,2784,39.51109044035044,6551,102.49908643076364,1,0,0,0,48,1,16,Benign
68,15,20.28963248725635,1482,41.46752955137727,25235,215.9787611451198,5,4,4,3,36,0,55,Benign
99,21,26.510451129918245,1366,27.150588314187846,21485,238.45107836753093,9,9,4,0,30,2,57,Benign
49,34,6.361142668214695,1888,31.436421028527725,13083,485.88098842400615,12,5,3,8,36,2,98,Malware
30,33,21.7193591595207,2852,37.904828744532495,22844,364.43163904298245,7,7,3,4,33,1,71,Malware
92,28,7.104858086329713,4478,51.964170096092154,16284,317.4286366024561,7,9,4,0,1,0,42,Benign
96,36,13.058538712813979,4589,48.145445888145154,21916,150.82022568106322,3,7,3,9,33,1,78,Malware
33,26,22.00442977606036,2354,15.932793525139518,5091,256.44173580512677,12,3,3,2,2,0,75,Malware
87,11,29.214912992650415,2723,22.277712500969592,6819,114.3057414401472,8,2,4,0,12,0,66,Benign
54,20,21.82680931411732,2258,11.332886246651372,22540,404.674167388947,8,4,1,4,15,1,43,Malware
76,27,33.085746233456305,3930,10.398028398279571,9934,165.11068087749914,7,7,4,0,7,2,87,Benign
67,32,29.309975227275064,1410,21.218773464012088,13696,337.77428037856043,10,4,2,4,3,0,83,Malware
44,37,9.687204383153079,3230,49.96604740046648,9936,379.75661530252745,4,9,3,0,7,0,48,Benign
92,31,16.668754568838118,4358,55.237382908719354,26166,246.60365108279424,1,6,0,0,45,1,94,Benign
50,20,25.054562819203365,4194,29.588418294929905,11868,353.0372608397767,0,3,4,0,7,0,71,Benign
86,27,33.152180948278705,3205,38.15992983033393,15387,405.693144658673,6,1,1,2,49,1,65,Malware
82,17,34.63147606234013,4394,45.30263009776904,14125,173.64951804239527,11,8,1,3,16,1,34,Malware
75,24,27.895593138884216,3060,57.646834962586325,22267,340.3441315349939,9,9,3,0,47,2,46,Benign
43,18,22.21307916738092,4898,55.64661186487158,24088,393.5532541763476,3,1,4,0,32,1,65,Benign
46,24,27.698290692139757,3613,12.859615169068997,27825,242.81923576665037,3,1,4,0,28,2,48,Benign
68,16,13.197092583918431,3919,22.40829216046404,25443,164.99646324661808,3,7,2,2,3,0,87,Benign
38,29,13.50809081778898,2812,12.457227197758854,25702,214.4464084497694,11,9,4,2,36,1,78,Malware
35,22,24.630480384869696,3602,40.827121049452565,23493,473.2298667359316,6,5,2,0,48,1,98,Benign
52,22,31.155067291997312,2802,45.52466582363195,15838,242.97918190637483,3,4,1,7,49,0,54,Malware
88,10,34.09428467529061,4692,25.414170617825572,17692,143.0802351035528,12,2,4,4,24,0,75,Malware
75,29,15.240038024936547,4906,52.69259540666073,12072,133.09060305973156,5,6,3,8,40,0,29,Benign
67,13,28.896608693039607,1677,32.640637520574884,29002,172.19802629753752,5,7,2,4,48,0,19,Malware
43,33,30.54592415862481,3910,59.91907575485063,21773,151.0049342759007,5,8,2,1,22,1,15,Malware
91,13,23.695197290941785,4991,10.019984629466247,23032,298.0174639828545,2,1,3,8,6,2,42,Benign
64,13,15.427756466892887,1617,15.474485420927833,13957,239.02057767024357,3,7,0,1,9,2,87,Benign
48,22,23.572656958214033,4634,25.08966214676702,13539,436.56226187330566,9,4,3,0,36,2,35,Benign
59,11,22.533467129345382,3251,11.275379897685658,16765,452.43141297248707,6,0,2,0,41,0,95,Benign
54,37,23.195765173894728,4004,49.116972886912535,14537,289.3117551551119,1,9,3,1,12,0,70,Malware
69,35,23.57780641363164,3349,12.638589393564361,20423,455.4108418258378,0,6,2,0,15,0,87,Benign
43,32,30.411745726150848,4114,47.44898166469136,20513,280.184655492404,2,6,0,0,6,2,45,Benign
55,24,10.10244539801991,1794,12.62842293947747,16197,356.78484957814345,1,9,4,0,46,0,71,Benign
51,13,16.01881842845504,3644,22.63636323265228,20754,165.01393305910034,3,2,1,4,15,1,32,Malware
77,36,22.580051820521344,1728,52.06384078292648,27399,121.03302472875019,2,2,0,0,12,2,89,Benign
80,15,13.499832158348791,2693,57.55476471188621,13521,164.03407056191895,0,3,4,3,14,1,98,Benign
32,12,34.34459366252118,2885,30.726317133025614,16726,200.73809433816257,8,4,3,6,2,0,92,Malware
71,16,12.894507788069875,3553,58.49694821562757,8793,400.39275721613814,8,4,2,6,18,0,51,Malware
48,15,19.088866419270957,1638,41.34404618792713,11064,169.40209698458824,8,4,0,5,27,0,84,Malware
57,12,31.32095137139205,1190,30.79175612164657,19427,152.26187821441283,0,5,3,2,44,2,39,Benign
74,13,7.401909879806787,2801,50.14006719839585,6245,471.0437516517795,13,0,4,4,17,1,73,Malware
92,19,29.620640062827555,1898,24.766426007010057,7237,375.52096893757675,6,6,1,0,44,1,34,Benign
48,39,22.1302510692401,2996,23.289813068010922,24003,289.3222342913122,11,3,0,2,25,2,26,Malware
76,30,5.954061224590113,3107,42.82738384555371,29780,137.98735728630342,9,4,1,2,43,2,99,Malware
43,18,32.087386759003074,4866,29.52436809840475,20105,440.71636462854246,9,7,3,4,6,1,15,Malware
67,39,6.175905063672291,2489,16.79590134724898,17376,143.30337231554577,12,7,4,4,36,2,20,Malware
82,15,20.456533888138786,2402,13.34821176449544,29299,344.4186126971423,9,4,0,0,43,2,10,Benign
90,38,6.470937390970434,2452,49.39212881242386,21746,367.0705970485948,8,2,4,2,25,2,86,Benign
65,29,7.136002954234945,3109,43.79553659011723,16634,260.0555220599949,1,9,2,3,37,0,25,Benign
69,36,31.61612942773676,2943,30.589911230330166,21715,464.4866900018301,7,7,4,0,49,0,84,Benign
59,20,27.974766408873307,3349,54.811381758552834,17995,120.28024468360776,6,1,4,0,44,0,95,Benign
38,16,10.908235197346745,1637,30.542837622129976,12593,427.2467623194757,7,8,4,2,16,1,76,Malware
93,27,23.614039196427616,1998,45.514773573269174,11987,321.51775930327995,1,5,0,0,8,2,36,Benign
62,13,28.840387052936467,3219,55.45576376036464,18766,344.48148976304634,0,9,0,0,28,0,89,Benign
81,14,31.68771924100594,2528,52.03577293542217,20030,494.7302249929401,7,3,0,1,43,1,36,Malware
43,13,19.04920780517439,1062,35.55523881697895,5421,333.05912124712904,10,3,1,7,7,0,11,Malware
82,13,31.924996322036126,3819,44.031819622336634,13954,418.8111942249572,5,2,3,0,28,1,91,Benign
88,36,20.235502181526847,1015,30.68328883636845,24167,161.4123062879083,11,4,3,3,31,2,57,Malware
70,22,25.646841265330732,3738,42.3598586147057,26674,423.7158368439271,1,5,4,0,30,2,34,Benign
97,25,34.37088078275417,1841,22.877621917269792,5248,404.4291628896666,7,9,1,4,3,2,45,Malware
97,34,12.078553675835803,4951,31.737105688477666,11324,487.24402934707393,9,2,3,0,45,0,92,Benign
37,23,10.055638282474344,2124,20.477286880091953,16738,474.2842539877282,12,8,0,3,5,1,98,Malware
31,20,15.260564749336105,4247,11.909247633977401,5482,185.5946182045622,1,7,2,0,41,2,94,Benign
70,38,9.93197068160928,2216,39.426992528768615,26887,285.9732517057313,13,5,2,2,35,1,47,Malware
84,11,13.524884171146226,2996,53.22146726753988,16667,464.5932712691414,4,4,3,5,4,1,49,Benign
45,31,27.28955970111812,4884,11.278913731159575,17050,356.3060278830578,1,2,1,2,25,1,21,Benign
91,23,19.32572107763862,1898,19.801487036464795,16424,285.48015770914805,0,2,3,0,9,2,38,Benign
77,33,16.251238834847058,4344,33.009252963521,25798,143.57550464033227,10,7,0,4,47,2,80,Malware
59,33,16.061720158273793,2490,43.29484084211266,17818,240.7030268944918,4,5,1,2,41,2,38,Malware
41,36,10.835899247001596,3980,18.56145968349432,26616,366.0959796614316,5,9,2,2,33,2,84,Benign
64,16,18.42234362860986,4844,12.834741448531215,15139,410.7657927801988,10,5,4,3,5,2,46,Malware
40,35,23.739066760645287,3222,35.95243588634446,25245,278.866765603701,0,3,0,3,39,2,88,Benign
93,20,9.174645035546712,2257,50.93548565286544,11706,122.33779720443319,12,2,1,1,6,2,99,Malware
79,13,34.18438584410644,4883,11.761745465638565,14559,353.2688729078122,5,5,4,0,8,2,75,Benign
50,16,18.298435292802008,4287,27.468472517951295,13314,468.6345568899533,4,0,0,8,27,0,71,Malware
98,38,33.43882750254184,2514,43.17573713966676,22133,298.56429956219336,1,4,2,5,44,1,38,Malware
77,25,9.039767798725556,1416,16.53710030512335,17606,471.36988051571717,0,6,1,0,35,1,77,Benign
49,35,28.016478595180406,4830,21.79733884463784,6597,241.6402894650168,1,0,3,1,24,0,83,Benign
96,15,23.529141516306346,2556,36.7746321893133,11388,454.5463079745677,12,9,1,1,35,2,97,Malware
73,36,29.601923586301123,1450,57.6615848182109,13735,414.5359010528735,1,3,1,0,27,2,78,Benign
62,15,23.020337688656156,3883,24.367130912187804,10576,484.6966199760011,1,1,0,3,40,0,14,Malware
90,11,33.88509899728418,4826,34.37637106103551,23584,416.4084940841712,7,0,3,1,32,1,61,Malware
38,33,23.80795492789573,2823,29.996543153220912,24087,228.59189985218745,11,0,2,1,15,0,19,Malware
97,17,28.53812376033404,1279,54.869833601504,13206,460.22701091972704,8,6,4,2,46,2,44,Malware
64,39,31.32745317600102,1243,13.594493201555782,29337,367.8924305844556,9,5,2,7,8,1,72,Malware
94,36,26.4375041363138,1674,38.30737956703821,29820,164.8277302964949,10,6,3,4,31,0,84,Malware
37,16,20.72709969689481,3193,52.3059849594972,23998,118.38603189574405,1,0,4,0,44,1,64,Benign
74,36,13.184512362902609,4138,59.405878853129586,6478,246.3382416593141,6,9,1,1,8,2,26,Malware
76,34,30.63477840187008,1102,44.936274876090366,14574,414.745659892671,10,2,4,5,39,2,54,Malware
69,33,19.41734758066035,3357,28.996773783326226,29627,347.2858381787677,0,6,1,0,30,2,74,Benign
83,23,23.62124679005177,4993,30.591217626697194,15250,310.8508638917368,5,9,3,3,24,0,65,Benign
75,18,7.376796136427595,4708,27.584110987138196,26302,101.49105383610326,10,9,2,3,38,2,79,Malware
76,24,19.920539693805495,1116,40.180654990347676,7274,274.20028083949694,7,8,0,0,2,1,61,Benign
44,34,25.94472932059535,2495,46.97028853591255,7161,163.08935549009954,5,5,4,3,47,1,70,Malware
48,31,22.5221572980131,1762,50.97337817944655,24992,281.82695884527516,11,7,0,5,32,0,70,Malware
55,27,18.45664568137115,4392,30.829655484158593,21987,496.7081287951346,12,8,0,4,48,0,44,Malware
81,21,11.702819502490076,4506,45.83542511295196,9043,451.8155292479716,0,6,4,0,7,0,22,Benign
51,32,14.290106002704787,4441,55.81112960148882,12254,224.25224164263244,3,8,0,3,33,1,60,Benign
50,28,26.018730744869032,3785,56.041239722535266,18561,337.4029571851727,5,9,0,5,23,0,10,Benign
80,22,11.725720965181967,2723,45.201450135732124,26753,300.8380933655671,7,3,0,4,29,0,32,Malware
67,16,23.651798459266455,3234,41.8451096406268,24876,152.01880208587312,7,8,2,5,46,1,86,Malware
49,34,22.692128376686096,4659,36.57630377625034,16784,495.9226063260738,1,8,1,0,32,0,43,Benign
58,19,34.11252438160591,1784,19.159883409106428,14196,270.07006264531634,6,1,2,0,45,2,89,Benign
80,39,6.8234552745400965,2492,16.181482630270924,11754,302.26361482873176,10,8,2,4,49,1,73,Malware
33,19,8.243678218881845,4732,34.28555033946901,18859,359.03972492437595,6,2,1,2,48,0,20,Benign
84,11,20.18250396937271,1706,17.972207810372964,24518,176.61781325224717,3,6,1,5,29,1,74,Malware
57,23,20.81329476060904,3923,38.8499962834668,19673,188.89064094384122,1,2,0,1,12,2,31,Benign
33,22,6.197829764155137,1795,42.285136515060906,22198,177.02337007857494,10,4,2,5,38,1,50,Malware
51,31,29.77566262578356,1472,36.280779876002036,13723,253.78621738661136,0,1,4,0,2,2,34,Benign
74,38,19.841704943086874,3603,11.821335625630683,5758,179.87078258308813,1,9,4,0,7,0,16,Benign
96,15,15.399312399215862,4525,12.886397940116609,21389,470.5583871769557,5,9,0,4,40,2,94,Malware
95,18,14.565613118446276,4517,15.667059234074273,13776,385.7256185400963,8,2,2,2,8,2,35,Malware
63,22,30.84221544662544,1681,17.68229024941695,8676,459.13422768919037,0,9,0,0,19,2,91,Benign
84,18,10.901985992845411,1093,59.49413068846666,22918,439.39365212407927,0,3,2,0,37,2,60,Benign
30,22,9.812531162978278,1735,27.224750843156123,18084,381.2607806253726,1,9,0,2,9,1,33,Benign
67,14,11.395355876698495,3837,24.598668682064307,22868,197.09847563006372,2,5,1,0,15,1,19,Benign
35,23,23.750676429558908,3041,12.613331783211454,7266,346.12754571458476,10,5,4,2,25,2,22,Malware
54,14,29.327925668852274,3085,41.76601953427983,7414,174.51954425410693,3,2,0,2,12,0,27,Malware
46,18,14.929360813645387,3829,42.609539256564034,18176,152.99041940411104,9,2,2,6,3,1,20,Malware
90,17,10.203859943444387,3529,18.772434478933235,21944,353.0300967810425,6,8,4,4,11,2,67,Malware
41,16,11.275825028858616,4818,55.962077046230654,25843,349.85023741532393,13,9,0,3,32,2,41,Malware
35,17,23.57551335553553,3158,50.024677329756365,6318,162.6488568077953,4,1,3,8,24,1,30,Benign
56,31,12.381056786426896,2913,21.5159658403754,7552,240.97107897917257,8,3,4,0,9,0,50,Benign
37,12,31.318406940541003,3457,34.29248654582687,27704,126.51246954273162,7,4,3,0,21,2,69,Benign
94,32,8.11674063242942,4239,32.9195428099425,10418,386.293245474421,2,7,2,0,32,0,99,Benign
86,33,5.971056020165606,2589,27.42602221711604,18595,494.9982605590175,6,7,1,0,6,2,55,Benign
69,24,7.6513473788271185,3444,50.881735641280656,24244,395.9624621700137,5,5,1,3,20,2,65,Malware
43,17,30.36929361158961,2150,15.463224281057549,11720,437.6608678301765,7,1,2,1,38,0,17,Benign
64,10,24.53688558996983,3013,30.765711991389637,6077,290.53729691388776,9,9,3,7,44,1,26,Malware
77,16,33.73233899351751,4858,31.40155652746085,26823,138.23363246670013,2,9,1,0,16,0,45,Benign
85,28,15.088896238092728,1041,33.43628023070899,7526,390.64260900212116,7,0,1,1,28,0,95,Malware
78,11,11.380343840290983,1040,53.06749955493143,20901,202.60808005232587,5,6,3,2,22,2,82,Benign
42,23,21.859257179412474,4633,20.908343510075063,5721,255.31758130301182,8,9,0,2,43,1,14,Malware
90,27,21.134848373802456,2510,15.146158675613638,14436,381.23969998473734,9,0,1,0,23,0,65,Benign
78,39,22.730719645859654,4970,40.8904231410554,10801,461.91381047823296,2,2,1,0,33,1,68,Benign
75,24,15.426015879810464,2694,18.69172374890236,27437,294.4996195996999,7,8,0,10,7,1,23,Malware
91,23,5.176908201103602,4915,13.746604292730987,6345,484.64222923826463,5,5,3,4,12,1,54,Malware
37,33,6.050949588218505,3446,31.332461028552675,5745,307.96141131760163,5,7,3,5,19,0,84,Benign
72,34,24.914793842675387,3229,20.982321542907048,18326,149.00417938525624,8,8,0,1,47,2,60,Benign
49,28,20.69774144466444,4252,28.060830943399182,13124,307.37349833015895,4,6,1,0,14,1,67,Benign
68,39,29.630337789538206,4749,22.98555400512287,10599,444.2510823751869,7,7,0,0,25,2,80,Benign
78,28,14.012295763603909,1743,14.631823136170787,5877,315.218053249728,8,3,2,4,29,2,48,Malware
93,31,29.464167116935254,3765,38.01736014621008,29709,399.1021391449669,5,4,0,1,7,0,94,Benign
91,36,17.7647424035463,4938,11.350920901974284,9813,319.18304474315016,5,6,4,0,20,0,66,Benign
83,35,7.900951566390118,3511,58.318767399719974,15616,318.4218241491601,7,8,3,4,31,0,38,Malware
38,26,34.337346877720826,2073,27.06652608674831,12764,213.90436051890612,13,7,1,2,37,0,84,Malware
66,31,20.3580778743656,2431,44.75787552449019,12309,180.50419382229865,9,6,1,0,42,2,22,Benign
78,37,23.88435541887039,4472,50.518143627372496,15891,211.56751833786154,4,3,2,2,38,2,53,Benign
70,28,25.123915594687038,4217,23.955239776977756,14654,276.3351563695253,6,0,1,1,36,0,49,Malware
46,36,15.872367566806421,1297,47.43693545550341,22731,423.8360442826794,3,0,2,4,38,2,52,Malware
50,25,27.42584959586412,3192,51.62104277123548,6364,431.59644292154417,1,4,2,2,36,0,98,Benign
80,29,31.107993960530514,1015,22.065861690580675,21348,165.35112642908723,8,6,3,7,21,2,59,Malware
88,34,16.615609292415762,4156,59.624733844803636,20538,321.14196566172336,3,7,2,0,20,2,65,Benign
68,28,24.710026598946445,4287,11.034434142104468,19289,266.41108918537117,8,6,3,0,41,0,71,Benign
84,10,27.713714719316282,4553,20.85002401177705,9261,328.37429025526535,6,3,2,3,47,0,64,Malware
70,28,10.703776930672438,2075,49.00103781384964,28592,359.04935480681064,5,6,0,3,49,2,39,Malware
68,16,14.977882531879024,4619,19.70655125278764,9082,211.84479708754236,7,5,3,3,37,2,37,Malware
42,38,8.263875391428645,1106,44.912993165310326,22963,467.6969527766366,8,7,4,1,37,0,77,Malware
93,32,23.066253927446102,1218,52.776520249145186,26983,474.179262000807,3,8,0,5,33,2,50,Benign
40,20,29.028130874625685,3982,57.960713631713006,8419,142.1430970197116,9,0,2,2,30,1,93,Benign
48,14,23.32515969754801,3384,33.71237577001348,23401,381.2073924464876,11,1,4,3,18,1,21,Malware
40,39,10.39351492931132,3968,58.55545614910587,25401,113.29282467797937,5,7,3,2,2,1,86,Benign
75,26,21.39105473078412,1370,30.58111483408393,8037,118.62551916291375,2,6,4,2,44,0,99,Benign
74,20,30.04802445579229,4045,20.906401983719288,19501,483.1199656332088,3,6,4,0,10,0,47,Benign
30,33,14.081743882346574,3857,35.69609265423627,22145,377.9412539481262,3,2,2,3,49,1,62,Benign
69,35,29.979545067579213,1253,42.49116221557463,18397,229.81665193921995,7,6,0,2,9,2,32,Benign
48,17,28.53869851309964,2428,32.89816580249719,17164,367.95106709835625,4,3,4,1,22,2,51,Benign
90,19,5.652224235100246,3627,38.348622198339584,20180,438.3340202614726,7,9,0,0,23,0,93,Benign
41,21,12.18364442256506,3008,30.82045938635943,17838,448.3613905645215,10,9,4,3,42,0,76,Malware
90,19,21.288272173931773,2722,36.238097701062486,21982,108.20791160966614,5,1,3,0,5,0,20,Benign
62,22,26.52852110057778,3683,57.62978359732808,8743,427.29120296410576,7,0,2,1,47,1,19,Malware
74,35,31.415915769584874,4101,34.9915576268166,13608,441.28108602397305,4,7,4,5,17,1,86,Malware
98,27,24.231269548036828,3232,22.65898164046301,16625,338.2280819594105,4,4,2,4,34,1,83,Malware
37,19,16.410325137486176,2312,47.937331075628535,24801,291.96153742000894,6,9,0,1,44,0,40,Benign
54,28,10.538816202119461,4430,26.879222889077468,20505,144.3995668790506,9,3,4,0,8,1,53,Benign
75,29,27.801075663872943,3521,50.81035854106953,19027,195.84553586755965,10,8,3,3,39,2,46,Malware
59,26,11.203446779723603,1984,12.842099449194258,11210,296.1940478661696,8,4,1,3,23,1,34,Malware
76,29,25.862915644047494,4636,26.608898855434568,23948,446.0318844694041,1,9,0,1,13,0,30,Benign
78,25,10.436348521136221,4471,14.717995413031971,29525,421.2537427197292,2,1,2,3,42,1,24,Benign
76,14,7.731615509283934,4760,14.265891212291573,6082,298.37183236749456,8,8,0,1,45,1,20,Malware
47,12,12.533006711196036,4031,42.91947795862186,5587,414.2508091321916,3,9,3,0,18,2,84,Benign
95,39,13.547894165753428,4204,29.26674006768037,15999,406.29335000658074,5,6,2,2,26,1,54,Malware
97,36,24.4162740348473,3549,53.573947099255626,28567,331.6061405466429,9,8,2,3,16,1,17,Malware
62,24,9.826501032261767,4574,35.82025689367646,8658,188.1301813727867,7,4,2,1,46,0,35,Benign
65,35,32.90920738960665,3921,24.767161058614136,20845,239.2015075039398,0,6,1,0,38,2,30,Benign
48,11,21.630850590268203,4148,46.04444439810974,15415,165.62582007696727,10,7,1,4,43,2,61,Malware
57,22,19.727951924493965,1349,41.20083957928499,17609,102.8602025691037,2,3,2,0,9,1,59,Benign
69,31,18.040835429251032,3107,49.97973104146017,26964,132.21017253657462,5,7,1,1,38,2,33,Malware
44,17,21.99804040850573,2478,42.17941381709425,15375,403.8502537572499,4,6,2,1,6,0,91,Malware
70,32,5.673409014853469,1878,18.350670854946014,19763,113.3944603069991,6,2,3,3,5,2,35,Malware
68,36,34.702591237372474,3512,43.5155018833533,21148,259.94105552565,7,7,2,2,10,1,50,Malware
31,39,21.72573128582798,1310,29.577459880790514,10913,494.3121326687811,0,3,1,1,23,1,60,Benign
92,26,6.055850064205334,2114,33.1571515128784,15213,418.09568712408804,1,1,3,0,6,1,25,Benign
58,13,22.699328140987994,3978,56.078228786867236,26410,400.2470420156656,2,8,3,0,13,0,50,Benign
95,28,18.112362748690366,4012,27.99820231488735,28438,209.88350718926142,10,7,1,8,9,0,61,Malware
80,31,5.721130899992266,2321,40.59795714954194,15561,356.69208624434333,4,3,2,0,38,2,66,Benign
39,34,32.732862564724186,4396,28.174086670611977,22164,299.4847390737532,7,2,1,3,32,1,93,Malware
43,18,5.3170061622144,1279,14.736374267889587,5170,349.52976052733993,4,2,0,2,16,0,60,Malware
80,32,22.33615030633464,3758,32.676267102415025,10019,274.3264475973988,8,5,1,2,17,0,68,Benign
68,24,33.85372242878672,1966,39.853075222982596,25608,312.3852161212559,8,1,3,0,32,2,88,Benign
57,37,12.128134909490779,4189,30.375164601879938,24111,495.3584996070726,5,2,2,1,32,1,77,Malware
32,18,12.6253722273079,1694,29.53330923390922,18729,231.72514200318588,11,0,4,4,4,2,49,Malware
99,33,5.012693856804571,1909,51.01892569471985,7108,186.58110939373188,0,9,2,3,12,1,25,Benign
56,30,6.990535159639427,3614,11.48425861447351,20476,279.3977771322892,5,4,3,2,28,1,85,Malware
31,18,6.346652347312643,1270,24.779269837005998,14850,309.7282042436212,10,2,2,5,6,2,44,Malware
67,23,29.679688510652763,2540,50.58786326886058,14987,134.25153449749035,8,6,3,5,4,0,35,Malware
32,32,30.10212709834757,2124,56.02650743055819,11616,422.38880887142807,8,8,4,7,47,1,82,Malware
45,30,26.80100252553568,2411,30.61497929204141,7785,268.8211150779571,6,4,1,2,8,1,89,Malware
69,25,15.582350375512764,2309,54.43971215980382,5396,265.27473353241305,7,1,0,10,29,0,68,Malware
31,33,29.637633496665266,4027,19.946506106251633,13031,363.5359378733053,6,1,2,5,27,0,88,Malware
70,32,21.19323560728646,4124,21.071353393008632,24388,409.297733339453,9,3,4,3,22,2,93,Benign
41,34,14.129308294397697,2753,52.30956882924018,16961,494.37610791125473,9,9,2,4,46,0,12,Malware
64,35,18.11830307343171,1840,55.16288706703091,12764,169.40787939810207,6,8,0,5,47,0,14,Benign
94,26,6.97303309503727,2821,21.140288398133375,13846,238.2222733814304,8,1,0,0,47,2,49,Benign
84,22,33.347260602497414,2003,12.966209498430555,12644,167.30290749460556,3,4,0,1,3,2,64,Malware
74,18,23.573492520555202,1239,14.516206852764387,15068,452.34201129090354,10,6,4,2,49,2,86,Malware
91,24,26.937024347917184,4285,23.069041768818163,29843,319.39729546487325,8,9,0,0,9,1,57,Benign
78,16,25.297501112596297,2639,48.072453857339745,19411,440.97603828211345,2,3,0,0,26,1,80,Benign
54,10,25.03249953562942,1360,35.49959138981414,6092,494.0901164189397,9,6,0,6,12,1,62,Malware
52,10,5.517829564917203,4435,32.77944211213848,14660,320.08267233379036,0,6,0,0,11,0,81,Benign
53,14,20.7611383935454,1733,39.20699655830005,14513,147.26072767628676,9,1,4,1,12,0,36,Benign
67,33,29.651306858766024,1851,54.51115567310931,22881,244.50708835867076,7,1,2,1,38,2,82,Malware
57,18,6.335565542347998,1859,14.521518978282879,12327,114.47571890746553,1,1,4,3,26,2,45,Malware
50,21,33.68497051664812,1700,44.736206381829064,9993,439.72037877449907,0,8,4,1,47,1,45,Benign
83,15,17.724790490179675,2350,56.33954228277026,8079,107.15477664276011,7,0,0,4,19,1,48,Malware
47,37,13.696864761541136,3883,20.66750208792,14700,336.87399605197646,4,5,1,1,16,0,84,Benign
65,22,20.954640849258283,4547,51.88861579809172,14013,142.45331436294313,7,6,2,2,30,1,66,Malware
74,35,29.036425635291085,1822,44.90123553797511,17167,103.02313655766491,3,8,2,5,5,2,45,Malware
82,37,19.24265185305913,2634,10.723426803657235,7135,202.46017690456188,9,2,1,0,37,1,16,Benign
59,17,24.353170297591756,1096,21.58058401810641,22548,320.7408772150249,8,8,2,1,9,2,30,Benign
89,24,19.9974316360058,1326,40.29223804479404,23956,130.03516488182188,8,6,0,5,31,1,24,Malware
61,15,23.938167699234775,3120,35.120016974560585,26305,345.9551531920779,2,4,0,0,2,2,55,Benign
96,36,9.140927455899098,1993,36.3968126263433,26054,368.7968884549622,6,4,0,0,16,2,97,Benign
96,15,6.159901585342999,2279,21.596521230341132,18654,487.8792400453808,7,6,0,2,22,2,56,Malware
57,13,9.107042170921781,2766,43.75017353543133,5686,459.8148321552491,5,9,3,3,24,0,68,Benign
73,20,13.575144339917863,4241,23.320918546838847,14166,326.71644103153403,4,5,0,5,42,0,70,Benign
70,30,12.600681873443204,1993,29.471748323922693,13697,417.34592348399747,4,7,3,3,42,0,50,Malware
92,39,23.45526048981941,1332,28.44579579400381,23154,245.45643265879679,5,9,2,2,16,2,63,Benign
52,27,18.67668272402723,2180,43.601251105994926,20958,334.28488642542266,6,9,2,2,20,1,32,Benign
77,12,6.16435943080541,4490,14.51263808416087,21457,261.3416679746009,7,8,3,0,13,0,82,Benign
61,12,6.045977189510767,2964,20.27709505200926,26285,234.81670468482304,5,5,2,7,46,1,21,Malware
86,39,7.717640063619973,3505,20.024853534253392,21964,391.0557943499774,3,2,4,2,17,0,17,Benign
62,21,15.59243472202598,3781,15.421233705785506,29798,218.66821771469836,7,8,1,5,21,1,31,Malware
53,36,5.1854885289118835,3923,20.379748941822953,17199,252.22090800203088,2,1,4,3,20,1,59,Benign
68,30,19.81961796290421,3905,40.35301339616772,22280,246.8686284323118,4,4,3,0,23,2,43,Benign
63,39,15.820089929279082,1098,46.60840854370941,7433,448.1613708744924,11,9,1,8,16,0,93,Malware
85,30,21.66323907322479,3779,43.01517234845613,8952,168.16178798040045,9,3,3,13,23,2,22,Malware
57,15,26.624756842484025,3972,33.759406899044116,12452,252.5903167862586,11,1,0,3,11,2,29,Malware
66,30,12.529184464395632,1243,12.621728554803182,7169,455.14791669152885,5,5,1,0,3,1,17,Benign
36,37,9.71250942886729,4842,57.95035053433875,19086,106.12177035143336,5,9,3,3,47,1,79,Malware
97,15,13.341606678901627,2500,18.403823041874595,22848,479.14679813124536,10,6,0,2,18,1,34,Malware
66,17,5.052895458557165,2464,43.42106852028354,5822,459.56016791819343,5,1,2,2,45,2,23,Benign
85,24,8.600388665773423,4265,55.644530774105554,16526,267.1392585636461,9,2,3,2,27,0,68,Benign
94,27,27.52491091059003,2398,44.888854799049426,7139,361.2101121864518,4,4,1,3,49,2,60,Malware
94,29,11.684205272008555,3709,20.90248200944751,15575,496.4266642488018,4,8,2,5,27,0,62,Malware
76,38,34.82898901412116,4053,25.789814938201154,26065,321.9793508247107,3,6,3,0,26,2,25,Benign
49,25,10.034945640944276,1366,11.51029335055476,20270,138.75947657824335,1,2,3,2,28,2,76,Benign
48,15,28.663151466964802,4226,40.637912042105675,13505,441.4564054121646,8,9,2,5,44,2,47,Malware
58,37,26.151334154766037,3546,40.64964904407833,7649,153.66064582288325,6,3,0,2,33,2,83,Benign
89,30,14.663964284489229,4605,46.27502906881897,15081,202.9086622423852,2,6,1,0,37,0,54,Benign
47,26,14.922174306978956,2481,10.549814463781068,26473,449.40614122369465,10,0,0,4,19,1,25,Malware
64,18,21.906547429013138,4699,50.89206444122333,25263,202.41168473497453,0,3,1,1,9,2,34,Benign
72,28,30.571222924476753,3160,46.935547870015405,12053,398.0343722610996,4,0,2,2,8,1,87,Malware
40,27,16.585608323583934,3992,17.044330476204443,6489,279.0694715035452,7,4,0,2,20,0,61,Benign
78,34,6.835396427552196,4794,27.38133046344893,6664,403.89957825292714,3,1,4,0,28,1,55,Benign
67,32,16.232575307068903,2047,41.92624464521084,20760,192.94089801567503,2,8,4,2,24,1,17,Benign
93,14,11.219380197282241,1282,34.78984374701639,15800,267.8262099835607,11,2,3,4,21,2,82,Malware
98,37,33.17621051195052,2315,15.754713195063122,7532,227.26453543662802,6,4,0,3,45,2,65,Benign
37,15,25.918230391278428,2386,14.367268756829496,22039,199.61761679281392,9,7,3,3,10,2,22,Benign
63,21,6.5249799264004595,3448,49.07281495540458,8718,225.7719462958704,7,7,0,4,12,1,87,Malware
77,20,13.789656117878193,3615,17.798355900890492,25366,229.19687955938875,1,8,1,0,18,1,72,Benign
85,25,6.506478947624208,4337,18.60463369652218,24058,482.15127746253097,2,2,1,0,40,2,24,Benign
94,29,29.90050011124358,4125,51.54615626783788,12444,313.29213304564115,3,2,2,0,23,1,62,Benign
60,26,32.18889205721483,4920,40.606981728160854,11209,284.820875331013,0,3,4,0,38,0,64,Benign
33,29,8.368388175172232,4691,40.23578040769862,12866,301.3274279614076,9,5,4,6,32,2,14,Malware
79,18,18.208701380260884,3761,33.967288568167,9015,498.4523904293675,10,6,2,5,40,1,48,Malware
98,10,32.95649845509278,2737,38.44975072011455,27360,361.4356419565014,4,0,2,3,30,0,22,Benign
59,35,9.356350601440116,1421,40.08848451859055,21584,381.3946565855152,9,1,2,2,11,0,76,Malware
88,12,13.757107719689447,3896,58.39131174217901,11611,225.44873181612985,3,2,2,3,13,0,28,Benign
96,30,14.128239505179677,4966,21.14866537337896,13329,288.6150839871478,6,0,0,7,39,0,40,Malware
74,32,5.901749366059955,4545,20.728120985022954,16255,173.62615579965387,4,2,2,6,31,0,62,Malware
33,18,6.08819704069972,4801,12.860924385265784,6075,374.07578227626647,3,3,3,0,16,2,75,Benign
55,31,33.58378481248739,2266,42.90993994046612,23132,237.79781030128797,9,5,2,4,30,0,89,Malware
56,28,22.13277826958762,2377,37.45210904111309,6475,399.31534630474744,1,4,0,5,13,1,14,Benign
75,22,14.199449642858536,2411,15.561960192331988,11945,185.26452405397524,5,5,4,0,28,1,39,Benign
93,32,16.360239821197535,4249,28.226946755909363,9957,261.4012112806016,9,8,4,2,35,0,58,Malware
80,23,26.445287865350725,1474,18.933160266560193,16605,288.4737359845635,12,0,4,3,18,0,67,Malware
79,29,15.995516106638611,4644,26.574087020043077,25288,166.61014150808037,3,2,0,0,29,2,27,Benign
35,28,11.832812092798648,3452,57.563208469730505,18627,127.8364377764997,7,7,2,4,19,0,45,Malware
88,39,8.055120247993983,3083,44.16594194402644,16338,226.82707892738887,7,8,1,1,4,1,47,Benign
44,32,26.867990351541113,1357,10.378455039757098,5448,317.95685741047237,11,1,4,5,37,2,59,Malware
59,36,10.416950500256743,1557,22.62540368920618,5068,361.07157942709597,4,9,4,1,36,1,58,Malware
71,36,7.089448097788927,4678,10.518077353888952,28480,270.1085372914521,9,4,1,8,20,0,37,Benign
66,16,17.80863336489431,2350,45.74342493843404,9908,300.1110452420182,3,2,2,4,14,0,65,Malware
71,13,6.187128854340614,2067,33.471090102773914,12369,317.27718976386456,10,9,4,2,19,1,42,Malware
64,21,33.9499417502866,3367,59.70093459071946,18302,304.76432841943074,5,1,2,0,39,2,11,Benign
35,32,23.81878902724519,1737,46.67916305113291,29125,136.1314222094502,9,8,3,0,7,2,11,Benign
97,36,9.580904313396825,3705,35.8956471353941,22574,262.00041308585094,10,4,1,5,27,2,41,Malware
47,23,10.173622593453825,3519,50.23527141040676,6740,181.732569330863,11,8,0,13,30,2,21,Malware
58,11,22.094854408185363,4340,45.240182561703804,24576,313.4943897159017,8,0,2,3,13,2,48,Malware
88,10,15.696972720133807,3572,22.188808881799357,8892,403.23050091250286,4,3,1,0,33,2,60,Benign
76,37,28.22800232563141,1024,36.512913741375826,19252,331.79451972221733,8,0,1,0,34,0,15,Benign
46,27,21.3741945685675,4844,37.79993624170355,29672,188.72874058674103,11,4,1,5,36,2,24,Malware
51,29,18.000016265748236,1639,32.56158493039017,17664,183.1027542390073,1,4,0,3,36,1,56,Benign
97,17,33.88940744195815,2574,18.9596311427681,11043,114.79925216628457,7,6,4,0,24,0,54,Benign
98,12,16.72187168629067,4228,21.16845258289435,22460,270.5523528612362,7,6,3,0,34,1,54,Benign
66,35,17.018327713920307,3923,24.052370047798078,21392,273.1446144649725,3,7,4,4,33,2,24,Malware
78,15,24.973172631823672,2208,10.512757468908188,5250,194.57453813440935,12,5,2,3,25,2,19,Malware
42,31,29.284357523665047,1173,55.84719460847547,29935,405.70338707290415,6,9,1,0,22,0,88,Benign
63,22,23.78644972575636,2417,44.304799579173945,7396,254.594678641378,0,2,4,0,11,2,21,Benign
82,18,25.958306661632854,1185,44.48086578922354,5123,367.76055923015963,4,8,0,0,1,0,44,Benign
80,18,16.187947056998333,2304,38.61653069045607,17921,356.0281328895114,4,4,0,0,38,0,13,Benign
32,29,19.38490509434779,2000,44.46554040805296,14020,341.8961825581499,10,8,3,6,28,2,19,Malware
71,18,10.9110525940389,4657,59.09312749368182,20739,463.2264641935893,4,4,4,1,25,0,93,Benign
61,24,25.407394720955704,2318,29.258016881724664,12672,106.35604631548765,5,2,0,5,16,0,52,Malware
80,22,11.643558212801285,1527,45.62627934382819,18406,127.21492433737747,2,6,0,0,47,1,40,Benign
75,31,5.037703861814336,4259,27.976450218876412,7077,388.8562601399949,5,8,3,0,9,1,40,Benign
50,25,33.012863594202535,4483,52.7144399373413,21979,241.41036759165752,0,0,2,0,21,2,40,Benign
73,11,14.180457236436615,4019,52.90143034450175,8086,494.6089581290169,8,2,4,5,14,1,29,Malware
40,35,10.898961273980069,1683,55.11332127117425,28348,186.56508901302487,5,6,2,3,33,2,82,Benign
97,23,13.044401928973278,3233,10.273166212093917,6744,173.3676152367015,7,8,1,5,21,2,86,Malware
30,36,14.913430928559427,2567,24.909572249804743,5022,335.2887298376471,8,3,2,1,42,0,46,Benign
92,15,19.236392793445212,1574,16.696217560079802,29901,211.77011155546842,8,4,0,0,21,0,68,Benign
53,11,7.080550130557899,3034,32.69930989450784,9972,236.1971940276085,3,7,0,3,2,2,33,Benign
42,17,6.5801946861635265,2884,34.772482133964886,21015,468.40972959313734,3,3,2,2,19,1,98,Malware
40,13,13.787322966142177,2324,22.795202141482775,29538,110.4970674590906,8,1,2,3,20,2,68,Malware
80,30,13.872983935912874,1308,46.17232460225352,20020,312.50376796688624,0,6,1,0,3,2,97,Benign
46,33,8.52938683442705,2212,23.488485859448467,5262,233.959771207814,4,1,1,0,35,0,82,Benign
53,23,17.143747829616025,2841,52.694568764167926,16692,238.39679038131564,13,5,4,2,19,0,38,Malware
48,20,13.520860046083468,2434,18.882968407089344,20142,199.12352395532645,2,6,0,1,15,0,83,Benign
66,33,5.781666583852103,1537,28.36176473826418,6585,153.94003471126624,9,7,4,1,18,1,87,Malware
37,37,31.571623412633326,4458,41.111887921215256,21816,113.79266469002363,6,4,4,0,22,2,95,Benign
57,23,31.58057054130771,1857,40.26675352316266,13751,495.0782024959816,6,0,2,11,29,1,54,Malware
34,21,11.275467587404222,2574,13.901455600257176,17336,364.1464100453684,7,2,0,4,17,0,21,Malware
46,25,9.886166844930436,1192,52.31293060954741,27695,410.882122664145,9,9,4,6,11,1,17,Malware
65,15,21.418782930409453,2186,39.90324667148876,23872,126.00091971997585,7,8,2,3,2,1,69,Malware
48,29,23.922605089442925,1052,53.49297743535842,17881,105.93496540191083,5,5,3,9,10,0,76,Malware
93,10,33.726276723412184,1474,53.381778911393425,27078,340.11547492777777,3,4,1,2,47,2,35,Malware
40,21,16.320453699194374,1173,37.29593451875155,17515,389.53255569340735,1,0,2,2,22,1,29,Malware
83,16,23.546010285936752,2219,55.539072865571896,27455,257.946506490146,8,3,2,5,17,1,90,Malware
74,17,31.345431374129287,4282,52.4203899406728,21597,255.10204347357103,9,4,4,4,26,2,40,Malware
76,18,18.4986135734255,2813,57.90614722808855,14857,253.79180853102304,3,1,2,3,47,1,86,Malware
41,11,8.670372534719782,1699,52.524919927970316,28407,161.10233918440838,2,4,2,0,46,1,51,Benign
50,26,16.32341857489923,3437,51.06019255005747,20513,401.5654044802942,3,2,4,5,3,2,59,Malware
40,29,9.09700780109901,4379,33.46802403384557,12921,186.07709293615545,9,7,2,3,38,2,41,Malware
34,22,5.4991839260585085,1456,20.60155301889639,8478,229.76419839051644,13,9,1,1,22,1,15,Malware
85,14,27.546591690470787,2354,55.5354366537743,21248,368.5038950262334,9,0,0,5,20,2,41,Malware
49,19,12.152711014860667,4797,46.127459322303785,7797,100.04188431925742,4,3,4,5,41,2,41,Malware
70,21,5.060211375169221,2518,24.087393209926013,17754,406.50287438399175,3,8,3,4,35,1,52,Malware
75,26,31.172970726054352,4400,27.049786137782124,7391,459.63789930670316,0,0,3,0,15,0,41,Benign
41,30,18.313665154727175,4100,44.30392559286103,26749,120.64695010530717,8,5,0,3,38,1,10,Benign
99,15,12.165796388996757,4754,33.89086541768354,14275,336.64952258411387,10,5,1,5,10,1,20,Malware
46,12,12.883699170662577,3169,14.074128092318414,10761,263.38358792573615,4,1,2,0,33,2,21,Benign
48,37,12.216136799151508,4529,17.07239728728285,18149,131.3853565573889,6,0,3,0,23,0,30,Benign
55,24,10.83668483567816,3465,47.282434175615556,12216,372.89239492811765,2,0,2,0,6,0,30,Benign
77,16,30.236786737228893,1158,26.428476424091542,6950,344.9274490669345,2,9,1,0,31,0,19,Benign
81,39,10.109949031096086,3645,35.382471420101965,28207,357.0641308865672,0,4,4,0,26,2,18,Benign
99,15,21.85564051638196,2837,48.33107391267629,18564,425.3981460148177,4,4,0,1,13,2,21,Benign
84,13,7.3196073401656205,1515,47.558779685302625,5847,214.7675902439313,7,9,1,3,16,0,41,Malware
62,28,33.48564128535801,2025,18.350751344363694,26886,370.82722857375273,2,6,3,0,36,0,94,Benign
91,14,23.099417133377653,4716,14.919693219951764,28860,397.3270778333109,4,8,3,2,29,2,27,Benign
52,12,32.0945753360688,4373,39.5576146482545,9671,167.5259858399756,9,3,0,0,23,2,59,Benign
44,35,16.936333384264856,4150,47.081643696561976,13736,482.82675002497666,0,3,4,0,12,1,48,Benign
56,34,29.32016170287234,1658,17.45199609977052,9153,235.99241787525312,6,6,1,0,36,1,78,Benign
93,18,30.609634383479335,1677,28.59776436636374,23495,385.48329059267115,9,8,3,1,45,2,14,Malware
80,15,26.0884787353601,1314,53.513899798382035,23556,401.60805051435295,7,6,3,0,25,0,80,Benign
82,22,7.78842399361119,4821,57.21115707801605,13571,301.6123677225503,4,7,4,2,48,2,65,Malware
80,36,5.482402592177179,3375,32.703488047484214,18265,151.48692245234,3,9,3,0,24,0,87,Benign
76,31,10.056790161686653,1275,13.97579670154165,14353,210.26517296703065,8,6,3,0,27,2,31,Benign
33,37,8.542902709000353,3763,22.88482281011887,5065,193.69878093149046,1,8,2,0,33,1,88,Benign
36,39,26.75412992599531,1451,21.64849601577665,26682,307.4569319670353,3,5,0,2,19,1,40,Malware
64,29,21.71020462068028,2588,21.94818602705285,19301,204.5075483988028,5,8,2,0,1,1,27,Benign
77,13,20.778525936368176,1485,34.694085268962496,22181,318.70819078311916,0,2,3,0,29,2,17,Benign
74,11,12.586019009844216,2130,39.16128258457856,15008,215.28270175481322,6,3,4,4,29,2,42,Malware
48,35,9.638226102111249,1566,16.125479433996766,10290,100.39165347076002,0,8,0,0,45,0,24,Benign
92,13,11.196439093066877,1245,54.467800326416715,5631,245.3026935130446,5,1,1,0,43,2,16,Benign
67,17,17.008310222434403,3982,40.99869116405574,8258,342.7403412756611,8,1,1,0,17,2,44,Benign
96,22,27.204296202828587,1888,39.862586513400274,12101,409.47871061492515,4,9,4,1,39,1,45,Benign
88,19,12.635498496094097,3211,59.36394991921421,29802,111.34578439198997,7,7,1,1,30,0,49,Malware
98,27,25.958390037761603,3574,41.40719887465627,12433,203.32520027063708,7,9,2,0,25,1,86,Benign
42,18,19.745354612145302,1000,56.44795746505925,13383,494.18484801906703,3,5,3,0,33,2,50,Benign
76,39,31.56322545532379,3910,24.312848617989587,7799,204.72615541222,3,4,1,0,34,1,20,Benign
90,10,11.987436826671,3184,22.006474517324875,27109,410.8790626153739,8,1,2,0,41,1,96,Benign
60,22,18.525700478528268,1150,35.825934341222656,6149,303.74944736301774,0,0,0,2,14,0,60,Benign
51,27,7.899943014970132,4251,35.430447381833304,24387,148.86959362214145,2,2,4,0,48,2,32,Benign
72,24,15.054594278669619,4993,21.324182474194842,8545,357.36005159802136,3,5,0,8,26,0,55,Benign
96,11,20.206413320966092,2767,44.98278284499739,17631,486.536340901748,7,4,0,2,18,1,13,Benign
83,20,26.982206430073774,4051,11.481690961834664,5019,454.7316130995994,0,5,2,0,20,0,51,Benign
39,38,10.942313601758952,2510,44.53152362747263,13624,376.1171151354826,4,6,1,9,7,0,43,Malware
71,23,11.542763852193975,4771,32.858894306165006,5999,304.8593067774825,5,6,2,6,30,2,55,Malware
93,31,23.94733521563148,4089,44.45037554225395,24042,227.73320221981925,5,2,1,3,49,0,16,Benign
50,24,16.473733503629347,2248,33.85403153207595,7534,242.78665062657575,8,9,3,0,29,1,46,Benign
95,23,19.462846016970435,2128,58.86668914423475,9425,238.48269635483513,9,7,4,0,45,0,29,Benign
70,25,30.08404606336222,1998,26.73424755515589,23074,468.83279230749025,8,7,3,3,2,1,38,Benign
53,32,19.972499031935754,4789,59.12864685011941,12474,184.52498361137484,10,2,1,3,12,0,45,Malware
64,38,24.574981418275133,1697,13.24869712394877,11328,251.21193667358588,4,5,1,8,21,0,80,Benign
85,24,24.703251249799166,2088,44.18803873787783,13526,272.7852942495098,2,8,0,8,10,0,65,Benign
59,28,29.10835828868055,3380,32.7109603392456,7553,263.56039815010837,9,0,1,7,34,2,14,Malware
86,36,24.144184654730726,3419,51.10688127648501,23894,101.67929913620783,10,1,0,4,38,0,66,Malware
76,18,6.944294769615875,2230,49.480803485849904,11052,208.3894307662363,12,1,0,7,33,1,24,Malware
64,14,15.265189480605205,4300,50.01050914379687,12138,299.4274210222475,0,4,4,1,6,1,73,Benign
48,14,34.679485505276304,3628,14.736929965125984,15242,404.19732605747356,11,5,1,1,21,2,54,Malware
37,20,10.895308664237563,4213,51.118284993064734,15908,327.7895941522349,4,2,3,0,28,0,63,Benign
55,37,22.601872352440658,4789,20.702007872188048,19275,253.94480183384718,9,3,2,3,9,1,11,Benign
59,29,30.288219196317847,1685,11.284013192951738,23255,366.0563507594808,11,9,0,5,21,0,65,Malware
36,34,22.59675682242062,3756,20.88693598422057,22988,366.35728314996396,2,1,2,0,42,2,49,Benign
96,33,16.168107743800316,4402,33.96425523499164,14748,199.16987309952236,6,2,0,1,10,0,10,Benign
94,37,7.406856881531172,1927,47.105567995571604,12143,141.50965886906053,8,7,3,5,29,0,25,Benign
65,13,15.849947076082849,2842,20.931624041642685,15537,421.2734033385763,1,4,0,0,16,1,15,Benign
54,29,10.462025347228687,2732,15.650377404513568,15357,311.912951733477,3,1,4,3,48,2,81,Malware
66,27,33.8258844884594,1739,42.29836275119711,22025,170.60990477887592,5,9,0,4,19,2,89,Malware
30,34,26.45095524674859,1270,59.19490181800088,21068,204.8284263115221,7,9,1,0,32,2,56,Benign
44,12,27.48149463079587,2972,40.0435151042809,28686,406.56979703361486,9,1,4,1,12,0,85,Benign
66,13,18.07907798001134,1710,44.55286820617109,12370,361.30895384282223,4,3,0,1,24,2,15,Benign
42,23,8.298944843951185,1324,38.058372187321,24490,478.0666256144434,9,8,0,3,42,1,57,Malware
37,16,13.00149458501963,1989,49.11742221142519,24373,285.9789659392363,3,5,2,1,1,1,11,Benign
34,35,12.791333121989904,2550,58.79022101047224,26302,120.87465194895302,12,0,0,5,47,0,84,Malware
89,17,19.603380524046308,1797,37.20646147020924,15496,380.1691469690529,5,3,4,2,43,2,70,Malware
30,33,18.829393600800714,2869,30.839525587136293,20740,201.96430198750318,4,2,0,0,42,2,20,Benign
65,25,18.002246521155207,3967,53.01715305800632,15421,229.5418213830319,10,0,2,5,33,1,19,Malware
64,29,19.87932400078223,4799,58.4864171879995,9303,178.6593015067072,10,5,3,2,46,1,84,Malware
95,24,34.61069245944425,3594,16.459082043478396,14070,223.57415982020873,6,9,2,7,13,0,84,Malware
92,16,13.9506089195865,2092,38.908548273693896,16904,431.7921902453938,10,0,2,5,29,0,71,Malware
52,35,23.45807481030763,3955,49.62299962729987,12742,330.68532200434754,3,0,0,0,2,1,17,Benign
38,26,12.185232321209146,1211,36.66697025781954,20798,143.66149730894898,1,6,3,0,40,2,19,Benign
63,31,18.998187977785463,2581,30.459848409647435,23773,334.6414693566259,1,0,4,2,11,2,61,Benign
75,31,11.001476994391247,4453,42.76149105677103,6612,353.42534222151886,6,2,4,4,11,0,13,Malware
33,31,21.74576705899273,4831,23.506404725667416,17670,453.92947651714775,1,4,1,0,31,1,12,Benign
59,21,12.950353594510027,2443,27.45668714691847,29016,443.8581774390492,1,2,2,2,5,1,54,Benign
32,27,6.1036675015649235,3644,59.613832944067234,8464,125.15004649591508,5,5,2,1,49,1,39,Malware
43,33,29.4581327441846,1047,41.82326671872477,28364,446.67923799055865,3,8,1,1,3,2,84,Benign
89,23,8.847653363612526,1230,53.64636491555373,14366,120.35389360374845,8,1,0,8,18,2,56,Malware
74,24,16.041163973507167,1578,50.388425651857176,27123,161.64879368505703,10,6,4,4,30,0,43,Malware
63,24,19.315328273336085,4548,42.613627719701206,26610,144.62000083037006,4,3,4,2,21,1,76,Benign
74,14,17.97440001265782,3997,52.03645412293866,26642,172.67889624890682,6,5,1,0,11,2,66,Benign
90,25,26.76997291070027,2112,24.357924771678547,21663,421.304797694276,5,9,1,3,13,2,30,Benign
45,14,22.90329787792833,2754,41.855822440614915,11215,374.44773786137586,7,9,1,0,13,0,50,Benign
95,11,13.86113548122458,3979,39.53017447619904,7670,374.7849749313292,7,5,3,0,3,1,84,Benign
69,29,6.551089995220105,3099,41.120980039667245,27241,468.85104747158783,6,7,2,0,16,0,84,Benign
46,37,28.02785354759529,4605,18.431596357338762,20285,256.7404129759875,4,6,4,0,26,2,97,Benign
63,34,15.57581380035265,1421,23.86215199990342,23537,101.31497724488541,8,4,0,1,14,2,62,Malware
45,18,31.691742229999075,1610,24.332915939626957,12668,355.9073808275901,9,6,3,0,4,0,49,Benign
89,31,16.85170320809751,1445,40.09730812863816,11302,447.2297545702595,10,5,2,4,37,0,86,Malware
95,36,26.529758184131218,1960,58.6273440219893,10269,490.50407222441794,8,4,3,5,26,0,98,Malware
95,18,33.186941097040375,1130,57.70337755910741,25493,245.55709212638814,4,8,2,5,38,1,78,Benign
42,13,24.534573519064395,3647,21.35947764948483,7052,428.8608753772379,9,3,1,0,15,0,83,Benign
85,24,17.404667401925145,2671,25.242262153338626,8066,439.6910857354642,11,6,0,7,21,0,77,Malware
60,20,22.021978063578285,3421,11.803094613958356,16902,157.77513643489704,5,6,1,2,41,0,98,Malware
63,10,21.303355656256777,3598,29.940779492969707,14049,352.59942210226615,5,2,4,0,13,2,31,Benign
68,27,22.544601099600882,3577,51.73370608401818,16992,169.2560396563477,5,7,4,4,13,2,32,Malware
96,38,9.404599569240375,4176,55.787586949307,17753,278.65232726147747,4,8,4,3,38,0,33,Benign
37,10,25.955296472039297,3434,21.82482397839718,28630,451.70676768227247,10,4,4,6,18,2,83,Malware
84,17,9.351298150075616,4729,23.28972367444196,12772,415.78684486299096,2,0,3,3,48,0,76,Benign
56,34,5.43850652952842,1335,21.04249082543768,19061,328.1357828126987,1,0,0,0,16,0,20,Benign
82,25,23.743403020521907,3783,27.505178378728935,19512,423.4836657372529,3,4,0,2,48,0,69,Malware
68,35,8.507407165267741,2140,50.23796992952723,10886,161.1310035376065,2,1,4,3,11,2,43,Benign
94,37,28.112349101338197,2024,42.34287349422301,17419,177.9677470346516,3,1,2,5,26,1,25,Malware
46,31,30.978978605024615,2652,49.297045893185,13968,183.54591662277508,7,5,1,8,41,1,35,Malware
59,27,33.34210370851779,3943,39.15155531676531,20651,410.40542215856976,1,4,4,0,1,2,52,Benign
82,31,24.934308887191747,1537,22.88665390295734,28929,456.38620181590466,2,1,2,1,32,1,28,Benign
42,18,19.460446786769126,4507,21.399709010627205,17631,325.13452817614757,7,4,0,2,45,1,37,Benign
50,21,15.568432421173974,1495,10.45003529318749,24832,483.18864989427016,4,3,1,3,1,1,57,Benign
48,28,19.727752819589924,4083,49.049106843703626,12313,391.21210048218427,4,5,0,6,48,0,61,Malware
82,34,10.710566850809405,4365,52.35606130823589,29206,325.47353353609157,3,0,0,2,7,0,94,Malware
48,27,15.452679433672792,1507,48.414129981420814,6555,344.63621074109165,5,2,3,3,14,1,90,Malware
86,36,26.537915745034933,4924,13.720102886424536,27073,439.81366129856696,4,4,1,9,41,0,59,Malware
54,14,11.522689134026395,1680,48.1110813584933,24751,136.07228296835765,9,7,3,3,18,2,51,Malware
60,36,12.92201407020995,3612,12.288372657513467,21961,167.20699479935394,8,1,4,5,13,0,90,Malware
84,11,27.47984767123546,1780,15.279653285319558,10516,206.51799351003265,8,7,1,4,25,0,63,Malware
52,16,10.335078074816623,1759,32.023768646633364,23906,457.9103423961209,3,7,2,0,13,0,81,Benign
61,36,12.37662759420133,1127,33.807350446242005,10693,477.97798844826207,8,5,0,0,36,0,96,Benign
91,19,5.526426884679511,4147,50.80593183093482,19235,242.46821938746476,6,4,0,3,17,0,36,Malware
39,24,26.601547986053202,2292,43.97634460204553,5045,469.54289040449726,1,6,3,1,37,0,56,Benign
83,34,23.537106966993015,3193,17.666008931560814,15126,318.73912038685955,5,5,3,2,49,1,35,Benign
81,16,25.831563575346237,4986,21.307339161440066,10724,289.3094976715037,4,8,3,5,30,1,92,Malware
49,37,11.429832858599394,4474,24.283759412934337,5980,433.10587117183996,5,1,1,2,17,0,43,Malware
61,14,25.62129172183614,3546,16.183631872742918,26931,318.43337475433987,9,5,0,4,10,0,24,Malware
43,24,22.8912985307977,1965,24.382244317961536,8294,281.7929195471523,3,6,2,3,16,0,13,Benign
79,29,15.983689376660099,1559,46.42990777698665,27372,106.38540170813387,13,0,1,2,46,2,10,Malware
57,37,18.134774349032142,2222,22.07007350536415,23498,105.15906496156329,3,8,0,1,34,0,49,Benign
82,29,22.037615098202245,4654,51.76798235301932,24938,351.03656004978455,9,7,4,0,23,2,83,Benign
53,24,19.798765282626704,1923,33.47584975626039,12729,129.36677233876645,6,4,4,4,15,0,70,Malware
51,19,24.254841979081135,4574,26.146788062219443,16916,394.7781234945053,7,4,3,2,7,0,45,Malware
59,33,10.429387328179853,2627,30.620905227443654,21641,348.9365853168007,7,8,3,0,35,1,27,Benign
92,35,21.221298647485906,3450,45.474837029674575,9043,283.09181308486177,4,1,3,1,18,2,12,Malware
33,38,18.508384485936226,4023,35.839635162299516,15202,383.9214572446747,8,5,0,5,15,0,52,Benign
88,35,18.830614820419946,4280,10.363933198752903,15785,497.22853778777943,2,3,3,3,43,0,55,Benign
37,23,19.08146151747786,3389,56.11619232925375,11951,198.54270945300817,6,3,2,4,24,1,89,Malware
41,35,31.444158914669515,4922,13.299800150092587,21636,322.8222800589042,4,7,2,0,39,1,37,Benign
60,35,29.558823234098465,2071,56.93106744071929,27084,437.1423624828756,3,2,4,3,9,0,74,Benign
63,19,23.887098835116102,1540,11.407641181002733,14404,106.74996181590384,3,7,1,5,9,2,61,Benign
78,26,26.494608068071063,2199,48.54896674787242,11296,181.4033314810049,6,9,0,0,33,1,88,Benign
86,30,6.284079082043199,1510,36.73373540916441,19026,308.3834624639559,5,4,1,6,34,0,21,Malware
55,23,27.31975158139006,3066,35.2863090302053,23508,320.8984099730002,9,1,3,5,23,0,34,Benign
47,11,19.58494065360946,3542,13.638925127200228,28230,134.5333056209431,6,4,0,6,45,2,89,Malware
67,25,14.532426936443827,1354,21.937250516895816,26047,262.97181026656506,9,3,3,5,32,1,45,Malware
79,22,9.193308978144287,3606,48.8773658532596,27258,307.9139031944724,3,8,1,0,21,2,30,Benign
37,36,7.256263710559754,1344,54.5629914961247,23586,269.19027952413785,3,5,4,1,22,0,19,Benign
70,18,6.346570564901693,2083,36.45593405264898,24225,380.23850232151733,9,2,2,8,2,1,85,Benign
35,16,9.853885246707224,3735,27.667169818129768,5270,408.54555545774696,7,1,2,1,44,0,87,Benign
98,25,5.90431384393225,2790,12.997160403210541,26893,284.1046477027108,9,6,2,1,9,0,72,Malware
73,19,26.979267273275628,4987,44.10892630331702,24523,270.26389113524533,3,0,0,0,26,0,60,Benign
93,33,12.45842357065219,3276,23.92233053431413,15371,382.14546831444915,7,4,3,3,20,2,36,Benign
58,31,16.062212807960275,1146,12.75068574960734,23077,322.120943554849,13,4,2,2,41,1,27,Malware
57,18,29.68148641447649,4369,43.292586454931104,14036,448.17577864558757,4,3,3,6,15,1,62,Malware
40,31,8.43972489573772,4404,34.28598967668792,17507,292.4584605658692,8,2,2,0,43,2,64,Benign
94,32,30.067820907086382,4822,10.598107485086196,8623,329.7309902688651,5,8,1,5,40,0,84,Malware
48,16,24.186210516508645,3379,15.546201955317354,26378,151.52208125628334,9,3,4,1,36,1,88,Benign
38,25,15.260885438138093,3480,44.96009646229721,28464,434.39889673797427,2,8,3,0,21,2,14,Benign
56,18,8.534216392030528,1398,13.183566653289427,14294,268.916852673521,5,6,0,0,15,2,46,Benign
63,36,7.744780920227374,2723,53.29815324214951,5750,387.62531711572865,6,8,2,2,23,0,61,Benign
73,33,15.065430382379619,3883,25.566313870996634,29123,271.79309963245237,8,1,1,0,5,1,69,Benign
97,38,9.210259181541375,4406,14.433323521821231,15559,100.40489189477024,7,1,2,0,34,1,34,Benign
44,26,13.031308894258244,4280,47.98786890840327,25797,260.1641001065608,8,7,4,4,24,2,42,Malware
80,29,6.588674013539736,2434,36.22136172265119,13014,159.0008780314264,7,8,2,0,26,1,24,Benign
42,16,22.850252650900966,1586,25.33200161896488,14964,259.4460317206668,4,1,4,0,8,2,10,Benign
78,20,9.358283508614136,4766,30.304917083463398,19129,228.53757609106395,9,5,3,0,8,0,47,Benign
99,17,27.701969393768813,3646,11.070619780241294,23470,181.01895147024055,13,5,4,4,42,0,54,Malware
85,16,11.545249288339164,2294,43.13492687697145,16462,149.50883886650965,11,6,1,4,6,1,16,Malware
80,37,28.939297380145575,4251,28.288684448172226,20278,391.4244888997624,3,4,1,0,26,0,21,Benign
66,28,10.696459586776031,4486,45.701878486406486,17392,401.9441209198675,0,2,3,0,43,1,77,Benign
46,29,26.640996911038958,3804,41.40855729762736,27085,205.999002086863,8,9,0,1,34,2,35,Malware
87,21,14.99224038875592,3393,42.5627092954869,25249,298.0760898867276,4,2,1,1,44,1,19,Benign
58,16,22.49359984667025,2542,49.64463555022162,13698,285.6283789840925,12,5,3,2,27,0,81,Malware
62,17,6.159854429652153,2804,41.557903918812556,5328,242.0990284228007,2,0,3,0,15,0,59,Benign
89,16,19.857333030627725,4509,30.93629646209462,19643,211.05487271870197,12,7,1,6,18,1,34,Malware
84,15,9.460636841061897,4084,29.49637808673178,29797,174.4126970726775,11,6,3,5,2,0,73,Malware
39,34,19.589606817470795,3035,15.97910533824279,15895,449.1570480274571,5,6,3,0,25,1,63,Benign
76,18,9.240773926584492,2427,48.972170657812086,25271,433.3249950629378,13,5,2,5,48,1,52,Malware
52,36,18.112673604181126,1737,48.05542208773109,20386,266.8717640946866,13,2,3,1,9,2,36,Malware
50,22,8.318624606968651,4849,22.314918354276173,28200,388.48050261102026,11,8,1,3,16,0,25,Malware
42,16,11.598545532028872,2777,53.13409563490723,11316,299.3328329596875,7,9,1,0,5,0,70,Benign
62,17,22.85236806511564,1379,39.45016288953141,15962,134.15330611709135,8,5,1,1,25,0,95,Malware
53,31,34.29981911630426,4763,33.93434211972836,17131,428.95620337722045,6,5,2,1,44,1,76,Benign
40,26,18.47554305175916,3468,10.874815081274793,8093,187.7086176056394,2,5,1,0,23,2,47,Benign
46,26,25.615210778285075,2203,29.137059293215813,11953,382.7270042912573,6,5,3,0,4,1,73,Benign
97,25,21.182740131331254,2661,42.033538411783155,18856,310.95918596606634,3,5,4,3,31,0,52,Malware
76,31,19.950738028833133,4058,14.487391884419173,22004,376.21598792580005,10,3,2,6,44,1,91,Malware
54,11,6.941125905195536,2306,32.97836544437742,24849,288.48122228958505,4,1,4,0,19,0,23,Benign
50,39,9.328922068258382,3465,59.6717975680798,11190,381.0244593907947,8,0,0,2,8,1,73,Malware
41,17,31.49173187697702,1355,45.82693186045338,14823,113.12502117803449,2,7,4,0,38,1,72,Benign
66,26,17.304929451254097,4773,37.34354437508022,26628,116.34117564036481,6,4,3,2,47,0,78,Malware
71,22,23.42997429754373,1015,36.651644246953836,16598,458.5359860862039,2,2,2,0,36,1,58,Benign
46,27,20.84699698144875,1314,12.188254112909721,26798,399.87760638862284,9,8,1,1,41,0,81,Malware
77,33,16.366471386537043,3580,57.865721870396804,15029,431.38700795316083,8,2,1,1,17,1,61,Benign
57,37,16.634496278327934,2039,56.40888301425215,9935,282.63415476852566,6,4,4,5,5,1,91,Benign
70,31,21.663950177260183,4536,44.12023553377232,14752,283.858744753151,0,1,4,0,19,0,32,Benign
76,37,9.234254044272308,2486,14.950582484077497,21270,313.6016142204292,7,5,4,2,16,0,41,Malware
47,19,16.61777120763302,4852,20.39169483747191,11713,197.46481870394018,2,8,3,0,11,0,57,Benign
42,11,18.409267082082174,3592,19.195476793779264,27458,393.4009993954245,1,0,1,1,2,0,21,Malware
42,11,34.55378671028373,1693,35.978924255060946,28065,431.7817613602242,9,2,0,2,5,0,67,Benign
60,36,15.543643078571531,1068,20.39019372509928,26800,462.88963706215844,3,9,3,4,35,1,33,Malware
31,23,24.337366876426067,1410,44.79002807720991,13235,306.81353935019945,2,0,1,3,17,1,12,Benign
45,25,9.122464994794045,4123,37.26149429846945,17884,265.8306022909367,6,4,1,2,37,2,95,Benign
38,16,6.964441454906574,4136,10.882908852132774,21237,432.3732977379849,6,4,1,3,15,2,11,Malware
67,30,31.14626042003691,3859,47.20286185178258,25853,401.0663120257499,5,3,1,4,23,2,97,Malware
83,30,26.922047072170596,4997,19.441436832697427,28140,446.90928788367705,5,4,2,4,43,0,17,Malware
85,33,14.52497862783707,1918,51.24425598403384,6027,362.29242298096347,3,7,1,5,18,0,10,Malware
74,21,20.137340086916872,3894,27.752271856148948,14024,453.32532138914667,6,7,4,1,37,1,55,Malware
63,37,9.072325533555157,1739,26.93098399908182,16585,135.6166664181285,1,5,1,4,3,1,13,Malware
38,32,26.214808819425805,2490,10.590866788910526,19092,371.82463107419835,2,3,0,2,34,1,81,Benign
37,37,7.109917762623169,4805,59.38644914615086,17659,135.51803539488873,5,3,2,2,24,0,98,Malware
36,23,27.710991708236058,4343,40.600216958593194,12800,399.5630573174058,3,4,0,3,2,2,41,Benign
65,34,21.405095308099597,3486,31.136508309299533,22772,351.37754805317593,4,4,0,0,20,0,25,Benign
47,13,13.365515902602942,3577,14.831070223066952,22296,106.39680863263061,6,1,0,1,8,2,40,Malware
32,35,30.877230621843704,3777,44.95740320755084,29023,339.7043944293778,9,5,3,0,45,1,14,Benign
57,13,34.58215611016563,1272,24.13652349959694,12672,158.51192342346954,4,6,1,0,43,1,52,Benign
99,27,12.630473035929139,1458,59.41404091877645,10432,156.9645679116279,7,2,1,5,28,2,22,Malware
73,12,29.187384487577976,1819,57.527367957466154,26575,160.18520466264712,11,9,0,11,9,0,17,Malware
50,10,27.50498949129372,2196,46.76483394013943,14461,293.529440898737,10,3,1,2,30,1,20,Malware
57,26,27.415703633170082,3615,58.55359651414845,22141,146.20810161275003,7,8,3,0,11,2,76,Benign
83,16,33.71706834452082,1860,15.281693122688141,13043,150.2622993810911,5,3,1,0,21,0,42,Benign
83,39,19.59851276905977,2973,23.99576802682726,10192,202.46719445355058,12,9,1,5,15,2,13,Malware
94,25,25.22504121669964,2544,22.662164439558953,24217,100.34328953110409,7,6,0,1,49,1,31,Benign
50,39,29.716320908774122,3544,13.600632922965126,12695,210.3159067829465,3,1,2,0,27,0,67,Benign
42,14,19.386093351290793,4984,58.61132989857279,8061,347.3631067208131,3,4,2,1,44,1,69,Malware
86,28,19.442936084360177,1794,12.998704332344692,23471,340.62822423814623,8,5,1,1,45,0,90,Benign
78,16,14.55964262202054,1804,52.834445199716484,24494,487.81345926585846,5,1,0,0,26,1,35,Benign
83,23,28.424771384814022,4605,48.40807122884196,12028,147.85203159191096,9,0,2,0,22,0,24,Benign
39,11,25.585873390566697,2095,28.793354373572974,17853,446.22853258623167,10,8,2,7,38,2,41,Malware
82,12,18.5341969850315,3981,10.940368131489949,24627,256.4759039586354,7,6,4,0,7,1,62,Benign
73,26,17.5800997219621,2890,10.304795249093475,17589,254.81451518465826,7,7,2,4,4,1,70,Malware
76,25,7.177689295073559,4039,20.199692034696163,21287,239.52435344973745,9,4,3,3,49,1,13,Benign
82,17,5.195034404852466,1839,34.69382900168965,12657,149.8946125771834,5,4,4,5,3,1,92,Malware
75,27,20.866818995955303,4243,32.89549890925757,28983,291.402014839579,0,0,0,0,25,2,26,Benign
42,24,17.524785570547984,3682,39.26462882824637,6724,414.9511877388056,8,2,4,0,21,2,90,Benign
66,16,28.88110279705293,1602,48.5979654830381,14125,450.1729628590792,6,6,2,0,24,0,21,Benign
53,36,21.279621689213645,3783,28.867730743010284,5554,485.1437032509451,0,9,4,0,1,0,88,Benign
31,18,33.10118130146677,4363,18.01818477546587,29579,414.11699428018096,9,8,0,0,7,2,20,Benign
43,15,10.884223965829957,4937,50.0024458414212,6284,349.23668226190756,12,7,1,2,25,0,23,Malware
39,27,34.704510211551195,4323,26.63453406656054,17260,299.0135118823988,2,4,3,3,46,1,24,Benign
64,27,13.93757582936319,2432,24.344094889667538,26360,449.95890064055834,8,2,1,0,5,0,22,Benign
54,34,24.272719207199177,4038,48.21560192146177,20929,395.80544274326417,4,8,0,5,12,0,43,Malware
32,35,20.055611408499537,2833,56.70697190415722,16812,164.50327038860564,9,3,1,2,36,0,14,Malware
46,33,15.787292037477481,1366,55.748064100537846,19058,373.0201971184826,4,8,3,0,20,2,79,Benign
41,23,9.179275497963399,1255,16.872121292858928,11158,272.41543917200477,7,2,0,1,12,0,56,Malware
83,23,9.045024543566349,4596,35.157907673464976,29663,338.3198709687259,2,6,1,7,28,1,52,Malware
53,23,26.34517482134586,3487,14.64351418640867,27487,459.3412335269716,7,0,3,1,19,1,33,Malware
58,34,16.329241489289338,2358,58.04879794531999,17386,361.0282194935616,0,9,4,0,47,0,53,Benign
72,13,33.83893922398828,4701,20.761394293841967,26487,475.48971407051204,0,4,1,0,38,1,58,Benign
54,13,14.76945459519014,3482,19.871478738288737,5216,446.54787010563035,1,8,4,0,7,0,42,Benign
89,24,34.50571165243889,1689,54.444283650323975,11553,151.5605004653791,11,8,2,1,4,0,11,Malware
94,24,11.162697697857881,4532,58.39252775609825,13382,104.66076551158156,0,5,4,0,23,1,43,Benign
57,27,8.084431586931606,1307,44.88161296476283,23117,253.76456345955253,8,5,4,5,29,2,91,Malware
45,23,14.377092005688715,3035,16.050251684961246,9712,446.1319953434837,4,2,2,1,41,1,72,Malware
76,35,31.567543682857668,2696,34.29278052703369,12194,192.0503970840675,1,8,0,5,35,0,95,Malware
87,10,20.65555833485854,4166,50.830254703080186,6205,376.5599687597984,8,0,2,0,16,0,76,Benign
56,19,9.069503178116243,1408,38.62385918541226,7642,290.3981476892043,10,6,4,2,41,1,89,Malware
82,38,11.074971488122852,4951,16.62974273641673,16422,398.4311041716267,0,2,0,8,18,1,19,Benign
71,29,14.337819864486898,1825,18.59438747516139,27757,165.99075159118289,9,1,1,5,37,2,24,Malware
88,19,22.705002134381232,2191,53.20708379174025,17817,195.6364155933553,10,4,3,3,31,0,85,Malware
76,19,14.971368196328621,3134,36.35145818437417,8355,197.0097877986667,1,4,0,0,44,1,85,Benign
63,36,27.411622462679816,3050,45.291838688335616,20863,319.3863254032843,3,1,4,0,36,1,48,Benign
66,33,23.4888066855589,3419,28.65312631165324,18526,215.84978312201076,4,7,1,7,11,2,60,Malware
35,11,31.2147121206002,2551,36.624279145942076,7164,424.6889491338753,9,1,0,7,23,1,24,Malware
36,38,20.028854790780926,3689,58.855157019384585,5099,238.7176876416678,4,7,3,0,23,2,29,Benign
54,37,14.935292423032035,4094,26.485151848406904,21983,364.34045951615497,4,5,4,0,12,1,80,Benign
62,36,34.88814703409612,1097,43.73942637541372,27168,479.40075443872206,10,9,2,5,3,2,99,Malware
84,17,15.668999654220672,3717,18.62527785976149,11438,342.7694870723283,4,3,3,5,20,0,72,Malware
87,10,17.858079193415364,2774,16.086994263016663,20536,196.86140888553712,9,2,3,0,23,0,62,Benign
36,10,29.27381676074265,2545,49.18200556295149,20491,432.18266925419096,5,8,3,1,35,2,23,Malware
86,13,7.659087016792778,1320,52.20541049935828,17083,105.01700827873357,0,5,3,0,33,0,22,Benign
41,16,16.59470318175544,1533,43.415584767470776,10842,202.61486457241688,3,4,1,0,2,0,87,Benign
45,18,7.571302803148519,3867,17.909791877223753,20939,254.9961954191136,1,9,0,3,44,1,93,Benign
72,25,9.179176000182737,3414,22.02939828212693,28564,178.39154454714787,9,2,3,1,43,0,53,Benign
36,14,5.139224764940208,2207,55.55878540475558,15432,341.60723701560437,6,2,3,0,37,2,48,Benign
80,11,5.286328777471256,1416,24.435202439987815,12742,323.2002467761007,5,5,4,1,24,2,75,Malware
61,37,16.40863668508556,3776,50.943025809855875,8910,262.5986273755078,4,9,2,0,19,0,89,Benign
37,32,29.274914148433286,2237,24.29686444552008,16773,217.75177866175804,1,3,4,5,25,2,91,Malware
74,20,22.610130817750793,1847,56.97312846617173,14368,273.5628973448088,1,3,0,0,5,1,69,Benign
88,27,24.047421324129303,1669,55.72264564185015,18334,216.48090268509415,5,7,1,3,10,1,42,Malware
33,34,20.577477127546594,4281,12.163158681439398,16632,188.5034033113409,8,1,2,5,29,2,73,Malware
96,34,29.59379432511676,2943,48.52069934337043,27204,240.50805292373857,1,5,4,1,47,0,56,Malware
58,28,31.411361755585226,3180,18.473088011720353,19645,340.93423278031594,6,8,4,0,8,1,98,Benign
58,22,30.492221844361257,3100,20.763581295319074,18932,359.3563426876252,1,2,1,3,18,1,41,Benign
57,33,29.363963174091168,1740,32.99226061657379,20760,218.93886442545036,2,4,1,4,40,0,19,Malware
73,20,10.481392206898514,3742,38.8159074874725,6376,478.95921453183234,10,6,2,10,29,0,73,Malware
33,29,22.816286760956633,1022,26.2899859485246,17353,204.78369196704156,7,0,3,0,13,1,86,Benign
38,28,22.464895882951105,4177,38.76916827771046,16916,384.85284407131866,9,7,1,0,33,0,12,Benign
34,26,20.83832011242923,4674,18.532918567056832,26043,132.5920227592,3,5,4,1,41,2,69,Benign
85,14,19.424383678902977,2654,11.116882719051853,13371,365.9378184393521,7,3,4,6,1,1,96,Malware
79,22,7.675114315591505,1459,38.56121941808816,5725,283.97949946355413,12,5,3,5,41,0,35,Malware
44,39,8.06489701718666,1649,35.87076299811594,22424,327.64313785735817,5,1,3,4,18,0,78,Malware
61,36,32.0684471132187,1481,44.48269820379625,11269,173.62906380554617,9,3,1,1,16,1,90,Benign
57,29,23.90559317363596,1119,42.49110309839123,21465,273.4255874318524,7,7,3,0,24,0,41,Benign
51,10,12.869516434940191,1672,54.87431901169777,27119,406.5111426228614,6,3,4,2,30,0,43,Malware
46,19,13.379011676403687,3255,32.9734310080773,16210,406.83393312063305,2,4,1,3,41,0,85,Malware
88,17,23.3058449494589,2884,10.418473734647101,22589,195.02238449263842,8,1,2,3,6,1,47,Malware
86,33,17.20804923906986,1317,41.5326340798427,19773,241.03971004521162,9,2,0,1,35,2,94,Benign
55,38,18.239725129552838,3385,43.756621480160916,18255,101.52542215684059,2,2,1,0,25,0,31,Benign
54,17,6.8194997160025705,3202,36.07474946979849,11673,135.9848697352704,8,1,2,5,18,1,39,Malware
39,28,9.162175613292343,4846,44.46524351206078,27156,150.69214105950195,8,7,4,4,5,1,62,Malware
74,15,16.800512796909878,1867,26.179190661807635,19222,217.46053035836002,6,2,1,5,39,2,93,Malware
40,21,25.990592598043055,4226,17.440415159553957,11142,403.60619469698673,6,0,1,12,11,0,95,Malware
82,37,6.440761627997395,4913,43.227683197820326,7981,304.10005286239476,13,1,1,10,46,1,11,Malware
97,16,15.036733784932498,1393,22.259321460776434,17844,417.04325462089975,10,7,3,5,49,0,80,Malware
57,25,25.852158558035477,3552,32.81579546421024,26690,401.9622830388173,7,0,3,0,35,0,47,Benign
94,18,28.761523713508737,1970,34.58113653058243,8446,334.85528380307017,2,0,4,0,46,1,66,Benign
78,30,10.7066211228594,1312,33.859977523419424,7288,299.9440804784314,7,0,2,6,10,2,42,Malware
76,34,26.944613956803714,4869,39.92245718399779,27240,472.52834461971196,4,9,1,0,18,1,58,Benign
81,31,33.66235082237088,2282,11.472685446292942,23765,327.70808904576603,7,7,0,4,23,0,37,Malware
83,19,32.204364502893455,4228,59.484124746504406,13239,293.1295938462838,9,5,0,5,37,2,72,Malware
89,19,28.681282321325266,3061,45.815523696928565,20470,447.6483238159344,8,6,0,2,24,1,63,Malware
86,19,26.369800581240145,1076,31.269389089938134,9008,128.57548590092233,6,3,3,1,32,0,15,Malware
76,29,12.054149240593109,4410,19.566501514512215,20954,362.41052780716166,9,7,4,0,33,0,71,Benign
60,38,24.01709681144337,1408,14.008866122167815,12271,145.21090006389574,4,1,1,1,41,1,45,Malware
75,25,24.29821981430888,3441,43.609521031306095,10193,427.9286511544418,4,8,4,2,44,2,83,Malware
55,10,17.204639962780636,4918,25.847780747927914,12734,417.06647401985555,1,3,3,0,38,1,28,Benign
34,26,19.79046385102813,3267,21.4739229124934,23748,301.4400137012986,2,0,1,0,8,0,15,Benign
81,39,25.8208546452412,1743,28.99771935561667,19337,364.4176600343971,1,1,1,8,45,0,43,Benign
83,35,33.56304607131266,1432,39.646154390385504,29305,409.04867652166587,1,7,4,4,15,1,17,Malware
62,30,13.859186253230948,3853,43.58526083420006,23177,293.3215480065467,10,8,0,1,38,1,15,Malware
79,38,12.390894558723186,2478,42.258503467726506,8540,462.38316551573087,11,4,0,7,39,2,50,Malware
67,23,23.05420676896615,2677,53.16327917459868,14225,274.8120037034517,4,3,2,0,32,0,98,Benign
56,28,8.923973343240798,4834,20.93787155350576,12425,456.8090060690779,12,9,2,2,43,0,24,Malware
44,30,22.475984914634417,4997,41.837308159856775,10752,333.09761953936413,8,6,4,10,40,1,31,Malware
90,30,7.665544552142924,2831,15.055718809304704,28360,270.4973055758162,6,1,1,0,31,0,13,Benign
50,26,19.717516388135262,4211,37.39673449495889,7774,101.63901372504101,7,6,3,5,41,0,82,Malware
75,23,23.61243124140601,1987,39.19792012448356,5475,218.22236822258998,6,8,3,7,4,1,95,Malware
98,17,7.103289178185256,2521,20.81186494670868,25724,447.16859693666333,9,1,2,1,14,1,65,Benign
35,30,11.208594558458879,3701,29.58465649956184,28888,271.4851156254781,10,7,2,4,14,0,27,Malware
67,30,15.061228546385747,4712,51.35964447919012,15931,268.58741086961487,6,5,3,0,42,2,33,Benign
91,18,16.057960855584767,4907,17.420452687648172,25967,295.76427242684167,6,5,0,0,42,1,76,Benign
91,17,25.283139297624754,3864,31.72530988079201,15017,214.52161260903114,1,3,4,2,13,1,27,Malware
75,22,20.870640216785723,2553,56.6366535605726,29272,296.62050790298804,8,8,2,8,31,2,98,Benign
42,26,16.463254109159806,1754,35.20544638498005,16948,250.3052465760307,3,7,2,0,18,0,93,Benign
32,28,18.520287630249502,1675,46.25668559166435,10023,463.7770121730053,6,6,3,0,20,0,48,Benign
35,37,5.389300119507176,1831,51.34330197777755,10581,325.58670847862163,12,4,0,5,24,2,98,Malware
37,16,28.1157583792289,2119,20.188718742274624,10485,433.6603876569699,1,4,3,0,16,2,70,Benign
73,26,6.230140660843474,1027,20.91086177664662,8566,374.7496382305362,11,1,2,2,11,2,86,Malware
62,10,29.879524787676978,4035,47.929572804919175,27744,185.04119362243915,3,4,3,1,22,1,87,Benign
79,14,21.229895642441903,2253,47.665336908820045,18525,447.0662438803557,3,2,4,2,36,1,53,Benign
40,34,20.83457573673551,1415,13.009166031980953,18246,134.90831895540953,5,6,2,1,16,1,37,Malware
57,15,26.137358833195982,4527,26.124912034748217,22732,279.45514422915574,9,8,2,0,3,2,39,Benign
99,35,30.78678597960396,3072,29.9266245954219,7357,195.6621702128179,5,9,2,4,14,2,60,Malware
70,11,33.27938439438993,2710,51.452020173557685,15277,315.02216905288185,8,5,2,0,35,0,42,Benign
45,36,21.301096617319544,4475,31.093112771486872,10000,220.01983177791863,0,9,2,1,45,2,91,Benign
97,34,9.519746959667547,3720,56.29644452016219,10214,389.1305036898495,10,6,1,4,41,0,73,Malware
77,25,31.358927785190215,1541,59.830388857032005,27292,474.76748046152164,9,6,1,0,19,1,61,Benign
85,31,6.220160551103447,1164,49.03630828471748,18859,383.63599128609474,8,6,3,3,11,0,37,Benign
93,14,29.220115121594244,3255,43.31933447836287,25992,242.1241467103222,0,3,1,0,34,2,82,Benign
88,14,25.412648792769442,3996,29.594858299356137,16734,340.02798466318154,8,5,2,0,45,1,23,Benign
91,21,32.14182822268838,1984,13.35197230260167,23830,455.4104367192484,5,6,2,1,14,0,78,Benign
40,12,31.923894507423405,3661,38.65693781980653,14792,208.01135591476225,10,9,2,2,2,0,63,Malware
47,39,6.59462256311239,1372,28.085245277199547,24461,147.28190549530828,8,3,1,5,44,0,58,Malware
48,25,23.283392215270162,1617,27.544903791617177,27439,152.30559544439677,8,8,1,3,45,0,16,Malware
84,15,8.740143655046053,4913,44.38546263547178,13098,297.9412041373391,10,8,0,4,14,1,53,Malware
55,24,7.354058352321642,1068,33.181967929831785,15428,392.85450445193715,1,3,2,4,26,1,69,Malware
35,24,18.448314374921914,2543,47.604692238572504,14878,362.90309683456263,1,7,0,4,13,2,10,Malware
33,38,7.927926195462219,2658,29.908661134268957,26139,281.55580019387276,6,7,0,0,19,1,60,Benign
58,25,26.837071493377785,4424,17.543169274328132,17315,391.71921607254524,8,1,0,0,14,2,47,Benign
88,29,34.06822131522799,1100,33.067376309512326,20012,353.58798245640685,9,5,2,0,42,2,75,Benign
46,22,22.087488733492783,1000,57.550625716268165,7001,351.29230224033904,7,8,1,3,42,1,77,Benign
72,21,12.055066086850598,3398,50.076231455827916,13326,180.95055891768195,6,7,2,2,25,2,83,Malware
95,19,30.296191745761863,3054,20.287462753668336,6789,225.03337321051276,9,0,1,3,11,1,68,Malware
63,23,30.59310124790078,1317,29.565025082247132,15734,237.76973011568407,10,4,2,4,35,0,71,Malware
37,11,26.98357917093183,3670,56.38960476102689,18011,423.2763033135581,6,4,4,0,42,2,48,Benign
42,38,23.453965544400525,2878,16.184952936328326,16543,410.04419638614445,10,8,4,1,34,1,72,Malware
37,12,31.03377364255172,3556,22.6975120932468,28631,201.06910296596175,2,1,2,1,40,0,41,Benign
94,18,9.898750459926772,1185,23.111132293594817,29332,122.06090972399193,12,4,2,2,4,2,30,Malware
72,20,32.948003790321344,1727,38.54664378309917,24291,407.1135236825822,5,0,2,2,48,0,94,Malware
68,20,33.41609447631705,3509,30.536665985566138,27918,263.94647151772733,7,7,4,2,33,0,32,Benign
88,34,31.159771219914,1342,13.993533699814993,20374,187.92126759611367,0,7,2,0,10,0,24,Benign
73,31,12.519861041344011,3682,41.45907272885428,28126,146.80674822843818,2,1,3,4,38,1,10,Malware
38,19,30.745351589318876,1712,14.95389322600751,12062,105.12586023540038,4,9,3,4,45,0,38,Malware
66,35,19.929146355130754,4079,40.3207465989539,23654,271.09185392555446,5,0,3,5,23,0,28,Malware
65,23,22.847907122024758,3623,35.35041901130129,16866,235.90552575473018,4,2,2,8,8,0,42,Benign
57,18,30.218018675124355,1135,34.683433036265626,15219,378.58806028291315,9,8,0,6,39,0,97,Malware
71,29,5.887485336357125,2922,13.374812264961491,14019,490.6661728749633,8,6,0,8,12,0,79,Benign
72,36,15.888277765269372,1382,41.9610223441768,12986,182.7130478464616,7,6,1,0,18,2,19,Benign
71,30,29.47080131733397,1185,31.566012929466538,14535,197.21445614957497,4,9,3,0,3,0,55,Benign
95,19,29.41864351405169,3686,30.555306114284328,28657,234.92103074575857,2,3,4,3,49,2,56,Benign
84,31,30.460637806487984,1927,39.82256982092684,11396,286.3750539533221,5,4,3,0,4,2,64,Benign
77,38,10.076477004184738,4443,40.31240299732737,25678,379.07947813621416,7,6,3,0,21,2,27,Benign
51,18,26.1765985468388,1963,10.751664788099426,24511,240.81260873544267,5,1,1,1,9,0,80,Benign
56,38,9.395100215162557,1560,16.261295060160332,28455,141.68021718831164,6,2,3,0,49,0,19,Benign
96,14,28.55294026853076,2189,21.82591104223603,29982,392.13665489909624,6,2,0,0,44,0,68,Benign
42,17,12.353780133635226,1897,43.898866667298954,22845,417.85667120714123,10,6,4,4,28,2,43,Malware
74,20,27.134531827608377,3686,38.83705635148037,23158,199.05946223516565,12,6,0,3,15,0,51,Malware
39,10,18.650048555839177,2928,47.88145661923769,10576,154.7024974969226,9,5,3,6,27,1,51,Malware
38,30,34.587903936583174,2837,47.03039027719285,18788,311.12042058630016,4,0,2,7,4,1,76,Malware
83,19,22.396814922478427,3368,52.65914346030753,14562,183.3257203485386,4,9,4,10,26,2,16,Malware
56,10,23.977380926608586,2712,28.840743063620696,13677,249.66537333945143,4,7,4,0,2,1,24,Benign
63,35,16.044905415538622,2738,27.253193309165137,28380,410.9444880515402,7,9,1,5,21,1,44,Malware
30,39,27.035604735422993,2180,51.55077015267316,5362,187.84281727383552,2,9,1,3,18,0,62,Malware
61,31,19.84656923314505,1857,21.88007669335923,13133,422.50370444748444,1,3,4,5,2,1,10,Malware
96,16,5.541999052875925,4802,33.05861868368035,8801,369.6079951265242,5,7,4,7,7,2,23,Malware
49,37,23.257447936269354,4045,19.716282601112486,5211,187.89034549516032,6,6,0,6,20,0,99,Malware
64,23,29.913787712880843,1284,55.69203710696068,9796,310.56184041843335,3,0,3,0,44,1,31,Benign
46,14,12.10405310181352,4872,30.390150654831267,13014,345.62830500250686,1,6,4,8,16,0,93,Benign
47,26,11.631912652555538,4099,20.624344911541417,28404,180.1104151254574,5,3,2,4,14,1,71,Malware
74,31,23.266585493578113,3398,44.6006695284456,7661,157.97973432500675,11,4,3,10,32,0,45,Malware
82,35,29.53937829276482,3130,22.23223391052393,17430,312.46717377050584,2,5,4,0,15,1,25,Benign
97,30,12.488610135307276,2647,57.17518015851117,16548,377.53646645426437,6,4,1,0,30,0,72,Benign
94,15,32.96787953729117,1665,28.38085074047057,22477,286.0275360286193,3,1,1,2,48,2,15,Benign
30,25,32.82162070044647,2393,43.23203560509185,19159,128.01569941276813,3,7,1,1,47,1,31,Malware
87,20,11.016100157238,3588,27.262246557870668,12744,470.0850826787192,10,7,2,1,7,2,16,Malware
55,19,12.91353236170447,4466,50.36227914967368,26437,377.98617834180425,10,4,0,5,24,1,26,Malware
49,24,26.017964328444844,3024,54.84613705113879,14925,348.47851431475794,4,4,3,5,17,2,89,Malware
39,16,33.55199327073278,3527,49.395917970739305,6551,357.4508047722709,6,6,0,1,17,0,59,Benign
88,32,26.29648066328944,3260,52.424950936376,14525,259.44224036322777,9,1,0,9,39,1,68,Malware
70,11,18.34700149461614,4685,15.0940413968818,14056,493.76019972244075,10,4,0,1,5,0,51,Malware
34,21,10.070040392795093,1929,56.203233851653316,25539,153.07168468740477,5,0,1,4,1,1,49,Malware
94,28,18.830295465188634,3407,41.21503644376402,9617,395.65655099329064,5,3,3,0,43,1,23,Benign
46,21,23.203033759116632,1213,53.46087660830998,29884,268.35038410683956,3,7,1,0,21,2,82,Benign
51,25,14.92855756869951,1303,44.22183820927077,6543,452.4384190432505,1,0,0,0,30,1,89,Benign
70,15,20.307734636002692,4226,20.092383427185517,22789,386.9045096868191,7,9,4,0,4,2,62,Benign
97,12,8.906423849861177,2403,40.47775508228382,27868,324.9008893438769,1,0,2,0,5,1,17,Benign
98,11,18.56564313537759,1199,14.547311986157048,10721,475.07745375527213,8,3,2,2,41,1,87,Benign
40,29,7.7232745678866195,4751,44.78615151090793,22956,464.97734437589475,12,9,0,3,21,1,68,Malware
85,14,6.472662498469718,3285,30.450057054028637,23385,120.93359838089825,8,4,1,5,20,2,75,Malware
80,20,30.717197467979815,1670,17.586658655010446,22491,177.03521869575712,9,8,3,0,20,2,97,Benign
50,35,11.152447524382247,2728,58.9614907934207,13175,370.41863396183146,3,4,1,11,37,2,81,Malware
55,34,22.254659873838,4238,55.05422121053406,24689,468.73577060243383,7,0,3,1,17,0,80,Benign
48,12,9.469482752299772,2249,54.677185670162686,26241,272.1320010140571,7,2,4,4,9,1,72,Malware
89,12,12.87582712727874,1878,49.441015317612646,17527,115.3220981441632,9,3,3,3,32,0,88,Benign
76,31,15.840182593084531,1250,44.59905625717588,28655,357.3189039920149,4,6,3,1,49,2,96,Benign
55,14,9.310293090643107,4351,42.75397401461226,9320,177.87479889645743,1,1,4,0,23,0,68,Benign
69,31,6.37886891033331,3523,15.304691885192764,26896,320.92869332667357,6,3,2,1,20,1,20,Malware
34,32,31.31479406054033,1497,55.02831176592271,15668,253.8733034498213,7,7,3,0,9,2,82,Benign
50,20,5.354985076393164,2987,54.05641981523052,13593,323.2108156408125,2,4,4,2,26,1,43,Malware
33,12,6.8396294850520345,1977,47.39263132624267,19849,472.9745277853599,3,5,3,1,17,2,42,Benign
52,22,29.152164824843076,4804,56.36574795375613,24631,294.3202361771888,7,2,1,2,20,0,38,Malware
44,30,13.460250103191681,4606,37.6541725698996,16263,113.81152950884928,9,3,4,2,31,2,87,Malware
37,17,26.684609033440918,4044,32.382116735877766,8856,332.3671945117775,8,8,0,4,18,2,61,Malware
70,29,9.386772476537413,3748,58.397370108313936,16893,230.29821207012716,10,1,3,5,21,2,70,Malware
48,19,12.118452457901581,4482,33.2065593898828,14999,411.25395375832204,6,2,3,4,27,2,48,Malware
75,11,22.183295497909803,1783,42.06622205335788,14581,287.97138811787016,10,1,1,1,26,1,72,Malware
57,13,34.659075154678504,3476,28.65310734292195,10292,396.5482951326569,8,1,1,5,44,0,91,Malware
97,27,7.203334104776696,1538,41.8163113009864,25783,463.5283981393255,10,8,0,3,39,1,84,Malware
44,28,17.016637939454966,1900,46.00494978128438,23782,244.9095965089804,4,7,4,4,15,0,44,Malware
66,13,6.292429100177745,2466,41.23277626442752,29667,495.7511649563214,7,6,0,1,44,0,27,Benign
30,29,10.976793279679246,4015,35.72814706080989,21368,159.92514637591407,4,8,0,5,31,1,80,Malware
96,35,32.22413080515514,1209,25.00553988126164,16424,357.5726727572754,1,7,2,2,19,1,28,Malware
53,18,7.89380311369309,4618,42.19228380681117,20076,113.90704125249793,5,8,0,2,40,1,51,Malware
56,25,30.70567764126901,2733,55.421444763068145,10222,185.22266634045437,8,1,3,1,45,0,73,Malware
69,35,10.334097143302436,1490,10.345629558483369,23563,353.51143658263004,8,6,0,1,4,0,16,Benign
92,15,30.853545396131118,3518,16.696451371484518,6312,118.47669582443868,9,8,1,2,37,1,11,Benign
90,34,21.140658894070256,2709,15.988657924992786,24556,140.71483411534348,6,8,1,3,47,2,55,Benign
65,13,31.346200226805305,2753,56.1602651446427,10932,216.4042379660856,13,7,3,4,7,2,41,Malware
53,18,9.551109339545611,3615,43.13738444813074,24476,330.25485439290037,8,0,2,8,48,2,31,Malware
53,36,27.86109653923478,2918,57.58940532350753,13440,106.39302215645965,1,2,0,7,17,0,87,Malware
33,22,25.4209578824173,3034,39.140663660621414,24016,292.94170303112486,4,7,4,4,10,0,76,Malware
96,18,21.288001621788876,3711,33.08664485796268,8384,350.29749949804193,10,2,1,3,43,2,82,Malware
63,15,29.31762033232919,2929,49.617145590718124,25647,261.0091155329318,3,3,3,3,14,2,61,Benign
86,30,24.44828073281119,2486,18.047113373761228,18885,127.05592299156305,4,9,4,4,45,1,24,Malware
78,28,31.311407738232486,3597,29.06690581586607,8704,344.34985407856846,4,1,0,0,18,1,79,Benign
82,23,16.431864403566983,3003,33.31371202671119,18527,342.334158765787,10,2,0,2,49,2,98,Malware
52,30,22.697695348214452,2500,24.922919725605908,10628,302.4169420138012,8,4,0,5,9,2,57,Malware
98,24,31.11802527727135,1197,28.564280620423922,22581,377.258190238216,4,5,4,0,16,2,49,Benign
82,12,11.44442192312404,2967,13.905259346220912,15183,183.12069326131373,11,5,0,2,9,0,69,Malware
91,14,19.572240698505627,1520,19.899179472477897,19871,371.4162969402231,4,6,2,0,11,0,13,Benign
70,30,33.822254651860064,2522,26.77483601654642,25887,164.58189586010104,11,9,4,5,27,2,30,Malware
86,27,19.208054044840534,2534,49.79452166165672,13692,257.0774524139148,4,7,1,2,30,0,76,Malware
89,23,12.584883355866209,2713,19.124867742143195,14353,127.02665851143924,8,5,2,1,14,0,69,Malware
83,25,15.532287162297147,2348,27.332018699211233,29674,427.6509328320827,2,9,3,2,14,0,76,Benign
99,23,31.552523581203396,1687,13.246014409846758,20171,315.29336840597637,3,5,0,0,29,2,48,Benign
86,18,33.64649116302651,1466,37.855217241330294,24512,488.4196809454753,7,1,3,1,11,1,76,Benign
39,24,33.50322928058418,4844,40.56254440704639,7294,476.93064043083245,12,2,1,8,15,0,35,Malware
69,16,25.968271759057135,1595,53.27582317310835,20019,499.42445449274067,9,5,3,0,44,2,83,Benign
36,23,20.288056664738374,1138,50.955799925098205,8914,140.5064681128959,5,5,1,4,14,1,78,Malware
67,15,10.480668047220256,2014,24.268897734194027,29682,342.6321514146648,9,5,3,0,27,2,67,Benign
90,30,8.696630362113936,1241,16.84768445949299,28372,263.03008465366423,2,3,1,0,3,2,23,Benign
32,24,6.7929982292403865,3363,17.80415911052019,21282,313.0658349614496,5,1,4,3,12,0,19,Benign
80,29,5.531447285269078,3714,58.448197152022225,29621,223.5069464013273,7,7,4,8,14,2,18,Benign
76,17,31.34350166317046,1732,43.66129070036787,21358,119.22753522337194,13,1,3,5,41,0,12,Malware
97,11,29.272589474100332,1134,12.128539390161965,15635,383.1001078427979,3,2,2,3,17,1,84,Malware
67,17,22.034641415014125,4259,16.83896275225473,8131,486.3268295332681,0,0,2,0,17,1,76,Benign
65,10,34.96169763613142,4761,34.290003255047786,18891,312.952730433762,11,8,4,5,48,0,57,Malware
70,35,33.59156216604923,3626,20.39144021465599,16760,231.8319801847581,0,2,0,0,34,1,47,Benign
98,26,24.65326912144119,4140,50.182949250000945,8798,475.3112994927892,6,1,0,0,30,0,48,Benign
42,28,18.937237011207603,3486,38.66085587846824,26621,245.8666117899424,1,5,2,0,23,0,50,Benign
87,14,9.565121483393888,3124,40.631610389464925,19572,465.8116770961531,9,7,3,6,36,1,52,Malware
79,39,20.46781415763057,3447,33.14127740246059,16481,442.27634193002825,12,3,2,1,25,1,87,Malware
59,31,9.732310186565819,3421,22.803138771315773,26108,311.48440229949665,4,0,4,3,40,2,76,Malware
91,29,16.95353912738567,4083,39.470180660127326,21209,370.7490666673829,6,6,3,0,32,0,15,Benign
54,25,33.27944325298253,2510,45.848502308036586,19019,380.1269774462442,5,2,4,3,23,1,55,Malware
56,16,15.259369680069122,2818,28.547403881508345,27919,356.43668201090304,7,4,2,1,41,1,87,Malware
80,16,9.583618209304014,1757,35.247181530891766,16413,164.29998198878346,10,1,2,5,16,1,25,Malware
86,27,22.47189812708644,3796,51.98419852360166,24701,377.1104846827282,10,7,4,4,32,2,34,Malware
76,27,23.07092522382416,3811,17.434088091123016,17788,101.2872336446735,3,2,3,0,43,1,53,Benign
68,11,10.814127274037475,1416,37.261220963705014,15009,384.01472735170523,12,8,3,7,10,1,36,Malware
45,24,10.897597627458808,1206,27.420633091461408,25428,321.93445385008033,8,0,1,3,34,0,95,Benign
51,23,34.68649373974481,3388,45.13973791086153,28742,203.90416885713537,7,5,4,0,33,1,63,Benign
83,27,12.29843218586636,2643,10.940512158119732,23605,421.50573789753935,0,2,2,0,28,2,65,Benign
50,38,30.145761043507523,3768,43.52366499015943,21244,262.11157555060834,12,3,4,4,7,0,84,Malware
45,18,19.109714766379383,1310,15.14488670080937,9267,294.310873846453,11,3,4,11,40,1,52,Malware
88,23,18.04967716738184,2331,13.238387649682899,14149,111.06982194685386,2,7,0,0,2,0,68,Benign
60,14,13.848872484912572,4364,46.231165047930645,28203,260.52787430661044,8,8,1,2,35,2,92,Malware
71,20,28.214773906769924,3672,42.01710764520367,26288,166.94511699326392,4,4,3,2,48,2,92,Benign
61,17,31.419826353246645,2399,54.746796544632936,26102,210.45732473389745,5,9,0,0,7,2,89,Benign
88,14,12.833823846772408,2550,35.982747790032256,26198,200.85579947469574,2,9,1,2,13,1,81,Benign
63,38,7.85290008047342,4411,36.50122127635835,12237,118.4083174936375,10,2,0,1,3,1,65,Malware
38,20,9.107586586568296,1082,45.350891778827524,7984,284.19781809904714,3,8,1,4,25,2,17,Malware
40,14,28.78410604298732,2600,26.169878817662557,27020,309.0369652519555,2,0,1,0,7,2,60,Benign
39,26,18.074807339588773,2475,11.845622771096627,24640,328.42505147252666,1,0,4,0,44,1,38,Benign
46,31,8.957439752321687,2026,21.502291285952893,9473,284.8879081969419,11,2,1,1,27,1,23,Malware
97,13,15.208646192588736,2479,21.90067059481833,29548,447.81075760682944,2,1,2,1,22,2,21,Benign
77,24,20.42706448559159,3920,26.782942513909692,12179,115.07189804345708,7,7,2,0,28,2,22,Benign
81,28,30.561550515350245,3283,57.173136652023146,22816,345.5234423173041,5,4,2,8,5,0,21,Benign
54,31,24.25229762675525,3436,50.2421399331574,14966,446.4526718561132,0,9,2,0,2,0,87,Benign
50,11,10.280984032400022,3440,56.797812260259604,5417,116.4160963649442,9,0,0,5,48,1,19,Malware
94,33,9.761081370750093,2664,59.93047950565002,27858,298.5227997696958,7,2,3,0,36,2,53,Benign
92,26,17.370026468999676,2782,31.688950204352224,5982,335.61087715275926,9,2,3,0,24,1,68,Benign
80,21,7.255785431052692,3794,21.35366583401523,27807,176.3622998306712,6,1,1,3,32,0,17,Malware
65,34,27.66731585851619,3077,38.000208062762454,22522,201.00004353275972,6,8,3,1,22,1,33,Benign
95,33,17.043614609113163,2606,54.056720697405936,24312,414.23733501734085,5,0,0,2,42,1,46,Benign
44,26,15.290713183441708,1981,33.28659305072891,14425,326.95911268380814,0,9,2,0,6,1,52,Benign
68,19,20.273249971743077,4219,35.269965128612675,9542,226.31147889682518,3,4,2,3,23,1,98,Malware
99,37,26.268704112885434,1604,16.721955296391336,22214,405.9020889109081,5,8,2,3,46,2,17,Malware
30,34,22.080408334791564,3330,31.022774628388053,17285,398.6862296816983,6,2,3,8,14,2,73,Benign
52,27,29.072083451659612,4800,29.349740490428907,21216,238.16071412335563,3,9,3,1,15,1,86,Benign
68,28,23.880876916103524,1237,27.58442514327248,18492,295.4590521797096,5,2,4,0,43,0,76,Benign
86,27,28.639108022247914,4810,54.36493349620999,12632,365.8075734150388,3,6,4,4,6,2,82,Malware
63,22,25.903468206940246,1730,12.965071660616648,20387,237.29968715280637,6,0,3,2,22,1,49,Malware
70,23,10.793685207912095,2342,58.607359144867345,25672,351.6037644004708,9,8,2,0,44,2,83,Benign
42,33,6.570633505573963,2994,10.412341263656801,24244,200.4294922927092,2,6,3,1,24,1,55,Benign
99,25,32.10190401510145,2360,57.27970069749045,12105,216.8083309953036,3,7,0,3,14,2,92,Malware
35,27,33.369684961462525,3078,37.40237514192718,10375,224.26905734977754,6,1,4,7,25,2,27,Malware
81,35,26.807968898944164,1977,45.12226222000579,29174,474.4219081662055,8,2,2,0,27,1,91,Benign
32,27,26.726174680878472,1914,19.35664248475616,7471,433.4688568430598,9,8,4,0,38,2,81,Benign
92,25,13.104412414823285,4697,42.71057695083035,11234,326.0663902356672,7,3,1,0,14,2,17,Benign
78,26,21.273251266454984,2637,54.09788342638663,18082,325.54888376461565,7,4,1,5,21,1,68,Malware
76,16,34.767189911138246,2628,16.97400699168258,26220,122.45860882205695,8,8,1,4,17,1,45,Malware
84,21,30.684307942100585,3254,16.354080613664497,11288,359.80322530820456,4,9,3,0,14,1,30,Benign
93,11,14.1318305765599,2981,25.19889545747364,19787,231.24794293129943,4,7,4,1,33,1,12,Malware
94,19,14.031375970936711,3950,18.08629462376991,28979,344.91974485203184,7,4,0,5,42,0,97,Malware
96,14,19.507318734441775,4300,15.532292404667356,25721,436.0934991084945,6,1,4,0,49,2,25,Benign
44,30,17.137959985033536,1582,43.91595179926459,14701,118.19932234399393,4,2,2,1,9,1,92,Benign
61,12,16.13459138840524,4413,20.69133069562454,26534,342.8254013643724,3,2,3,0,42,1,64,Benign
97,28,23.8091572641831,1459,43.35074497009931,26563,325.6802458267052,2,6,4,8,18,0,31,Benign
47,22,5.344774089006127,1135,53.096461355790815,16864,182.70662209177343,6,5,3,7,11,2,31,Malware
72,21,27.900189080998306,2976,42.60123957065002,17178,358.57317958587157,11,6,3,5,49,0,86,Malware
64,12,27.201589900273547,1977,15.968353495770046,17388,321.9340935781164,7,7,0,4,44,1,21,Malware
87,15,29.909770417841038,1283,38.67887870237225,16049,406.9280496089272,7,4,2,0,29,2,69,Benign
62,23,30.243520199204404,3897,29.681434210577542,15872,144.24742725973977,3,5,0,5,5,2,81,Benign
43,13,21.991990842814054,3398,27.168546836124737,6778,277.4429414816083,3,0,0,4,24,2,18,Malware
63,22,28.40221806869872,1016,25.926573431491608,16116,499.17317350726915,3,3,3,0,5,2,93,Benign
90,28,19.771853764415575,2238,56.47161119098227,5272,375.71233928178816,7,5,3,5,10,1,88,Malware
33,27,33.54589509254902,4466,47.12537283388639,6501,373.71928905459544,10,3,0,2,2,0,77,Malware
88,38,10.720955893623042,2422,16.69243947901475,15297,227.1484401409372,9,0,1,1,23,2,33,Malware
58,12,32.468512762216974,3461,33.80027398662319,28286,137.5552416884732,4,2,1,4,32,0,57,Malware
35,29,12.755910838031692,2267,25.911153762695978,18270,479.7977500944083,9,2,0,2,1,0,54,Malware
78,15,8.08170121060556,4166,58.89691562729791,28472,142.18856118743753,6,2,3,3,32,0,15,Malware
69,25,18.173133422209023,4704,58.901448647658476,8576,497.0825242417326,12,3,3,11,18,2,73,Malware
94,29,23.447517272481782,3053,25.976723716651748,12628,150.31238896877426,3,8,2,6,16,1,96,Malware
98,33,11.929696195998567,1779,27.605655807272736,27111,168.36293941037113,8,8,3,2,16,2,24,Benign
56,12,21.673887234328934,3134,39.97071035682728,17332,223.34678202001282,6,7,4,0,37,0,39,Benign
35,21,29.23680070803514,3236,33.965350716375006,19626,304.95007739581524,2,2,4,2,24,0,93,Malware
42,28,12.712548974111684,4686,20.65504360792207,6281,416.16066084430634,11,1,3,3,19,0,36,Malware
93,28,22.40966737742609,2639,43.02060834943057,21130,488.4033207739355,7,2,0,5,40,0,36,Malware
91,33,15.179377885792409,1419,26.706432193761923,22653,243.529952382973,4,4,4,8,1,1,67,Malware
48,13,20.89305402591441,2826,42.68582491660838,9335,108.16523729006371,5,6,3,5,11,2,19,Malware
72,10,25.007570587249084,4138,29.184076116389985,16676,346.6718091983213,6,1,3,1,40,0,82,Benign
49,11,15.512677154482772,4689,45.01049469281358,15657,384.31594449950785,4,5,4,1,19,1,81,Malware
97,22,34.83448647356402,3295,43.38997354448253,7254,258.9776862142666,4,1,3,4,5,1,87,Malware
73,39,21.913255952889227,1859,35.44063779605004,6575,173.39041959056934,7,0,0,3,21,2,10,Malware
52,35,29.733846772788162,1206,45.23699953554154,14561,222.40623789521493,4,2,1,3,20,0,83,Malware
31,38,26.754056687323732,4276,33.04828381160076,17094,362.3198837279652,8,3,4,3,18,1,13,Benign
51,22,30.58415941108843,4390,15.806914982506145,13759,297.67314790718734,6,1,4,0,34,2,68,Benign
86,39,10.214028636157037,4154,19.105312666867732,17447,397.3696114609016,0,2,3,0,23,2,91,Benign
36,11,11.67661129183013,3471,22.299656708280644,19145,187.2680978093257,0,5,0,0,19,1,50,Benign
85,39,19.62233533670871,4153,13.16144641128483,19760,436.79424732148647,5,8,4,0,10,1,99,Benign
96,28,30.56986029456327,4870,45.56906103153351,17188,162.35396727868974,6,1,3,2,48,0,52,Malware
45,31,10.928197441725763,3596,28.369511341580917,8187,231.96617156497763,0,6,3,0,37,2,23,Benign
80,33,34.13197496321895,4796,14.676164816349864,24667,336.48305194208854,8,0,3,0,45,2,38,Benign
41,25,8.828069249454241,3534,50.99790603627901,21982,394.74527666098777,5,3,2,6,34,0,82,Malware
82,21,10.25233835541524,3180,44.18271422317874,18618,206.47258848160902,0,1,2,2,43,0,46,Benign
34,10,10.017013500982262,3040,32.61121185638504,27795,479.2478941927364,2,3,0,1,44,2,31,Benign
56,18,22.580178591038585,1114,22.37126675463671,13235,382.44451327877005,12,1,1,5,21,2,97,Malware
41,26,32.526232447899076,3424,17.587294689642338,19930,187.07001270356488,3,2,2,4,40,0,45,Malware
46,19,12.653341614993149,4024,32.9187095877531,18299,390.3062142514281,3,7,0,1,44,1,67,Benign
35,27,21.591105603756844,1210,54.26228715052812,19034,378.53347788715655,4,3,3,4,47,2,24,Malware
34,28,10.273175301423823,1131,19.419766163598496,23265,401.07362872462363,5,5,3,0,15,1,70,Benign
86,16,23.934106886233955,2397,38.43296144957439,24927,466.35228989057435,3,8,1,3,22,2,16,Malware
57,34,8.697390085385353,1153,58.084299761112796,11152,384.6868741516797,8,7,4,2,17,2,51,Benign
98,28,19.739323025380934,1919,41.85582873823064,21356,240.76411715364284,9,1,2,4,42,1,34,Malware
88,33,24.655454410306024,2446,31.99823650779342,6883,416.20699109868184,7,1,2,3,7,0,73,Malware
62,24,22.373837502665307,1951,45.81864864694542,28740,378.3447031209171,8,2,3,5,25,0,53,Malware
91,18,9.200014481022276,3853,51.228895950935325,29956,329.7036743434311,8,1,0,2,22,2,15,Benign
79,19,9.841201145444881,2389,39.525814894342105,27335,241.53315733209033,2,2,1,1,10,1,13,Malware
48,32,25.141730144749648,2717,53.59161794964963,27146,468.4196705633118,7,1,1,8,46,1,75,Benign
98,29,29.267278882693283,1146,35.72958796878688,11870,305.1018971009779,7,5,4,6,16,1,23,Malware
95,29,32.24223207588773,4805,51.50145011031283,7162,351.24135081489396,4,8,4,4,13,2,13,Malware
76,13,29.408345460383504,2817,57.60096202028476,20861,266.1452352109098,6,7,0,0,43,2,44,Benign
68,15,34.21771636661584,4198,35.06217335117586,23042,412.32612352591445,8,5,0,5,35,1,86,Malware
97,13,17.247554124954064,4379,40.25008577926626,17675,236.41580255484226,10,3,1,5,30,1,43,Malware
62,14,14.934972626661029,1714,40.473377147491746,11582,424.2537566035804,10,9,3,13,49,1,35,Malware
42,18,5.845521570353506,4189,49.071743179914534,29421,143.1765714686323,5,4,0,0,5,1,65,Benign
83,21,18.496875679642805,2596,51.14829200887114,24276,383.58475764983547,10,3,0,5,39,2,99,Malware
36,32,24.541146572396976,3278,11.361465810303036,11043,290.7528596924294,0,4,4,0,6,0,77,Benign
43,17,29.462259239674268,3498,46.66797820451939,18630,379.5014251687632,1,1,4,0,38,0,87,Benign
48,30,13.023661483231109,2523,49.19076223151188,7982,312.5582572186672,8,7,4,0,38,0,84,Benign
83,14,20.407738291078715,4733,45.02147197291185,29255,153.7225310814408,9,0,3,3,20,0,12,Malware
49,38,24.860286938421396,4216,45.684782966154806,8515,290.7966170201701,9,8,1,4,39,0,96,Malware
58,20,21.548085979522817,1906,12.070142959213472,12827,485.8235882658754,7,0,3,4,6,0,17,Malware
53,32,13.220621522072232,2646,32.101933097445304,21411,401.9362404947154,3,4,4,0,5,1,53,Benign
92,20,28.88847314885187,4750,50.908982486087034,5635,220.07571280857886,6,8,2,4,7,1,99,Malware
86,22,10.200830374158011,2724,56.70035706475518,23399,477.6456591627382,9,0,2,1,15,0,87,Benign
37,23,32.14939501359092,3030,21.47339602859674,18709,411.578510875643,3,0,1,1,18,0,14,Benign
91,37,33.577902471644336,4120,38.95974701763976,15316,245.77884843126347,11,2,4,5,37,2,67,Malware
58,17,15.967197862257862,3154,50.21651197752919,5586,341.429586310474,5,7,4,0,43,2,95,Benign
46,34,16.28545371457855,3140,47.620382142959286,28909,270.67424161455585,2,2,3,8,27,2,87,Benign
95,39,27.298347767515825,2659,40.94450584900396,8622,138.67615755678545,9,1,1,0,23,0,21,Benign
35,27,18.68865795656002,1828,10.934559413100011,17521,422.4117625447296,7,5,3,3,29,2,76,Benign
87,28,5.858304307977056,3187,46.19429200557829,28799,176.43125005100865,3,9,4,1,24,2,29,Malware
98,21,32.59630183025723,4980,48.66212516394075,24854,283.215318463618,5,4,0,0,25,0,12,Benign
57,21,17.922510258972885,2337,46.14247533128175,25098,381.0552483554313,5,8,2,5,20,0,42,Malware
91,27,11.104853016209338,1010,48.290458074497835,23779,472.88547553074653,0,2,4,8,46,0,86,Benign
70,19,21.66992219446358,3495,31.545744633943016,17201,125.09043617882507,6,3,0,1,21,1,27,Malware
98,16,11.567184877739496,3974,59.68760729626955,8470,257.29342271361503,8,9,2,3,40,0,84,Malware
70,37,11.180659990448234,3442,48.53934579363295,11900,345.8590899545421,7,7,0,3,40,2,35,Malware
78,27,21.371939821718982,2528,38.93400026399928,27946,411.7237221807781,0,1,1,0,2,0,16,Benign
78,21,16.73126876568407,1377,56.709563487331195,13582,468.3724704402005,2,4,0,0,48,1,99,Benign
32,23,22.18979834759667,1360,55.409916972900916,27365,100.19892602124925,6,8,0,7,49,1,12,Malware
39,24,34.904763104337206,3730,50.72835326671325,15135,351.105353079511,8,8,1,1,42,2,10,Malware
64,25,30.77054463112305,4064,38.18474594918832,11132,102.77477007786531,9,9,0,0,46,1,26,Benign
31,11,5.230123978693663,2571,36.35505095733568,23334,414.9021150163187,8,8,2,4,44,2,21,Malware
53,39,6.516671286121692,1641,26.435396598726037,7637,159.86663880574855,6,0,0,8,20,1,82,Benign
67,39,23.30238320393734,4926,22.54389895519742,10967,457.84825573781035,10,0,0,4,11,1,90,Malware
51,27,23.78768243396894,1572,35.61797584875433,11258,162.0496942984155,9,0,1,0,2,0,91,Benign
55,21,31.3457253222798,2955,38.88908808559869,29579,405.731592765032,8,7,2,3,47,1,32,Malware
72,25,23.871715235654772,4917,22.22632157294228,12906,215.72157112558065,1,3,1,0,15,1,11,Benign
84,22,11.831436155472268,4044,56.13006218267394,18439,322.9015527321016,11,8,0,4,26,0,36,Malware
68,29,19.055486831109526,2584,37.863699836715924,25488,343.3736940418529,0,5,1,3,3,0,64,Benign
58,26,29.269562020135655,1922,36.32526626910733,28875,182.7042594588547,9,2,1,0,18,1,24,Benign
49,27,32.68474893795114,3443,31.781919418307012,19453,219.4787534104219,6,7,0,0,20,0,53,Benign
70,12,12.107453569001274,3233,12.903564785843027,8538,143.00311297487661,0,0,0,2,24,1,78,Benign
83,32,21.188142050399776,4292,54.12006672299246,20191,102.11560215083284,1,1,4,0,16,1,58,Benign
49,19,9.767826505112081,2541,25.84971132215149,7747,195.78721540642525,0,7,0,0,41,1,72,Benign
48,10,19.909990967827078,4371,42.12301672341472,23058,306.40094233561484,0,0,0,0,23,0,44,Benign
95,15,7.703423622485033,4246,40.37167794850177,16726,385.4389037699926,2,4,4,0,39,0,28,Benign
59,12,33.251842098514224,2814,39.22434126922634,14123,417.4238500367727,3,2,2,0,10,1,62,Benign
82,28,24.141693748478463,3418,36.285610100579206,29700,127.90638429465685,4,1,4,0,22,0,11,Benign
63,13,30.626502251410315,2889,19.071991671566405,19558,208.96515461955656,4,3,1,0,20,2,61,Benign
51,38,34.94885522545719,4580,24.03028705239828,13065,408.0895914966658,5,1,4,3,49,0,29,Malware
96,29,10.479979841161349,2899,36.209403563515004,18304,292.34754996716356,2,4,4,0,48,0,68,Benign
35,32,25.824302448789457,2227,49.4671225798463,7865,172.87479493062068,7,7,2,0,10,0,12,Benign
56,12,31.609588805205743,3655,31.59944853252093,29834,256.8856031585965,1,3,3,0,26,2,17,Benign
39,17,22.2781450223537,3329,20.196127652306544,16860,208.01367635998238,3,6,2,2,49,1,49,Benign
77,17,24.19089135099683,4718,14.397221240271298,12026,120.26140210168833,10,4,4,11,22,1,39,Malware
99,36,17.23013268551412,2439,43.15055017470121,16325,405.4508582392274,9,8,1,4,12,2,21,Malware
88,38,25.24282501149542,2056,31.16699853105823,14163,216.67746436806348,2,1,1,0,7,0,58,Benign
88,16,16.867337440883716,3129,16.268544631132094,29567,478.0525311732238,2,1,3,3,33,0,26,Benign
31,11,19.29858914454345,2506,43.72334399934919,29185,455.25001617840746,7,0,0,5,44,0,75,Malware
58,30,8.087352278684747,3195,20.37893654271866,6146,386.5109920934832,9,3,4,7,18,2,32,Malware
97,15,5.23425200541145,2630,35.45080241518386,26068,230.65375489052354,7,7,0,4,48,0,48,Malware
94,37,6.654533724168406,1964,25.309398753843023,17240,211.96942107242006,2,4,1,3,44,2,36,Malware
55,25,10.775649228128051,1991,56.58450322170002,17789,290.10859206336056,4,4,0,0,42,0,66,Benign
39,19,18.69811458785196,3995,21.41440331355828,28185,241.84100013105635,3,3,2,0,11,1,28,Benign
82,13,5.629822125543616,1494,30.995926077101423,16532,460.4633296101839,7,6,2,0,12,0,53,Benign
88,22,9.678099174626976,2193,57.97467984140029,5892,149.39805571249383,10,9,3,8,32,2,75,Malware
51,19,28.44333811653316,3770,25.936258996915768,25697,389.787030246017,1,7,0,5,36,1,41,Benign
80,30,27.86499674786141,4968,42.22965815055001,28212,344.3587177303431,6,8,3,4,36,1,42,Malware
77,23,28.691908750264997,1702,25.836352185316258,8623,422.52047653454713,7,5,2,4,10,1,52,Malware
50,18,32.646228295903214,2030,15.53374895586245,13038,316.99493070008265,7,8,2,3,38,2,32,Malware
51,20,8.572130022035575,2403,41.37736163421464,5359,351.81627104619076,10,0,3,4,37,0,23,Malware
59,32,9.89419628683649,1825,55.80157676426702,22872,485.0962527865902,6,2,2,0,45,0,89,Benign
54,27,15.006608438039432,4925,32.62823336170459,20607,136.78462107966465,5,0,0,4,43,2,66,Malware
57,20,32.45423596942729,3481,41.30882713462336,27144,141.94626352682533,10,4,4,3,41,0,66,Malware
94,26,28.26433229017835,2057,40.44492066283115,21674,257.443073891159,9,7,4,1,31,2,67,Malware
74,11,14.72363816996959,1562,30.754485131393796,19371,289.0931173603972,9,5,2,3,3,0,71,Malware
97,12,7.629074533482046,4703,40.74483193823653,16218,179.94881682506505,6,9,4,0,48,1,49,Benign
36,20,23.491400784465025,3185,22.96590422094861,26339,133.06711879314753,6,4,4,8,48,1,53,Malware
78,27,12.70457497416957,1366,28.901895230152604,23497,108.87050262566387,7,0,4,2,49,2,56,Benign
38,36,20.934576979056594,3153,32.115942818118754,28324,405.83690017833544,7,0,2,7,39,2,93,Malware
65,12,33.254100788029305,1793,53.20043417812403,20786,294.02295746553006,1,4,4,4,40,2,55,Malware
30,35,22.17851735943003,4103,27.416644741662747,27058,437.3613719332676,8,4,3,7,43,1,62,Malware
39,24,32.71503309270092,1635,41.75685240579132,27648,244.33489401542835,6,7,3,0,12,0,38,Benign
65,20,16.791163579846263,2705,20.670191870944933,11335,381.37845201119,9,1,4,1,16,2,58,Benign
75,20,24.00054011866312,1986,22.628486452696336,16739,295.40820894526416,7,6,1,2,29,2,62,Malware
61,37,31.816699218408928,1957,42.421443772998884,26857,344.82799944527613,2,4,1,8,49,1,18,Benign
61,39,22.639619348274152,4595,48.115496368330184,22950,248.07873644844616,7,1,3,4,1,1,82,Malware
35,37,23.446960310813125,4239,33.105858826314076,15596,132.46790817893628,10,4,3,2,28,2,34,Malware
77,34,26.489239462436736,1854,26.754984838888326,5479,478.9494328845902,11,8,4,1,45,1,56,Malware
67,29,31.463232715647592,3125,55.513577796613625,9892,434.4359411674457,11,4,2,5,8,1,90,Malware
46,37,7.64540183722559,2569,16.790390752452137,10192,224.75670926198958,12,4,3,4,34,0,59,Malware
56,34,15.105781465282607,3256,46.03571188246735,28942,483.4811742175776,5,1,4,3,16,0,80,Malware
83,20,16.930541782418114,4909,44.50853748735515,12097,220.1954925660464,5,8,3,4,40,2,25,Malware
79,28,32.29128996167533,2434,44.512258136389704,6099,277.1960080867481,10,1,3,4,26,1,46,Malware
64,37,33.680237735486045,1007,56.77102222117622,23619,402.05426427555085,10,4,4,4,22,0,27,Malware
54,10,8.611413939953742,1736,46.40951504903961,16954,223.60169933295214,5,1,4,5,25,0,48,Malware
57,36,8.573230393663422,3274,25.078259470479203,19302,229.80319145429235,7,1,0,10,24,2,87,Malware
44,14,33.045853827570866,3222,27.67046121161546,18649,264.0328635090668,9,5,2,0,7,1,65,Benign
33,19,13.87315704147778,1080,29.555548659994713,16569,287.35574384106565,13,9,0,3,21,1,91,Malware
56,19,12.254432571114581,4865,11.540433704905302,22300,149.44649672537108,1,2,0,3,1,2,17,Benign
55,23,6.06868597262296,4128,55.67551577041285,9744,106.99666320775717,12,9,0,2,2,2,66,Malware
48,11,13.26787804311947,2158,13.677630193240194,15401,467.66287714202167,8,8,0,4,17,0,98,Malware
46,13,25.805792816779647,1237,44.989714104873585,26281,241.27545280919725,8,5,0,0,28,0,29,Benign
72,11,17.78108488218685,2495,46.50805024216559,27574,140.67544062061495,11,9,3,5,48,2,66,Malware
70,27,20.506110549552808,4288,52.18575253152698,14551,403.66856085601756,1,9,0,11,19,2,10,Malware
71,22,32.51886789844656,4810,37.66811277977612,22691,218.0242683991563,8,1,4,3,30,2,97,Benign
79,28,8.440693480139494,2049,46.26322119282685,23605,172.66562968057883,12,0,2,1,47,1,22,Malware
69,14,7.13722145727797,1186,25.13614622329755,28858,485.0444131442665,3,1,1,1,14,1,84,Benign
68,29,30.557922473716825,2905,47.279200545639505,9974,468.21715658164385,0,9,1,0,29,0,61,Benign
52,11,28.245673922921195,1629,27.170786863094296,11114,142.2983431747961,3,5,3,2,2,0,39,Benign
81,20,12.912025608350975,2732,55.1419239213348,16013,459.7140839286219,5,1,0,1,11,2,90,Benign
76,39,14.727023791222486,4187,18.16909038831914,17517,456.34701040131006,4,6,4,4,32,2,66,Malware
92,39,14.308335073269808,4061,25.787865533697676,13894,353.74982116739045,11,6,1,3,47,2,14,Malware
98,35,24.43426394065734,1814,34.93847257775653,21501,311.89520035607256,3,0,0,1,46,0,31,Benign
72,27,6.836345209669381,1613,48.79252785740489,15292,186.97540712052336,12,5,1,4,35,0,60,Malware
77,39,19.682047557911808,3939,47.439955255151595,24647,148.55371016234756,9,4,1,3,43,0,88,Malware
63,15,9.016189073382355,2186,20.535843716225173,26427,342.5476203840125,1,7,0,3,9,2,83,Benign
69,32,29.592156227787427,4485,17.211784830589817,9667,428.7829026891571,7,7,2,7,34,0,10,Malware
90,37,16.419890129298956,3225,25.19848021470491,15152,375.45754181702176,10,8,2,2,44,0,55,Malware
79,19,20.827165796583778,1984,34.18770758379513,9618,172.3201694669424,5,1,3,3,9,1,88,Benign
96,31,5.8795282633635795,3327,36.95025224128753,20500,216.007456100684,9,0,4,0,47,1,51,Benign
91,32,6.74792940623157,1797,31.456879547763958,28182,318.56703487580774,6,9,0,9,9,2,51,Malware
87,26,25.251644922003983,4283,43.154505832400346,22671,349.99700701738493,10,5,1,4,3,1,73,Malware
62,31,28.00311635423996,2077,31.377947179861884,12658,128.90104500294223,2,1,2,3,27,0,30,Benign
45,20,26.301067538066043,1066,57.31645049693973,14559,345.6206552978716,3,4,4,2,45,0,88,Malware
77,28,27.11055909373581,1543,23.048442399076798,29431,394.5277579454491,12,0,4,6,21,1,78,Malware
39,26,8.13859551647987,2786,41.36860603350473,13290,172.54313944313037,7,0,0,0,34,1,28,Benign
67,33,25.803525232926233,1519,40.568896933006585,19808,198.48748602122498,9,4,0,1,28,1,23,Benign
48,13,10.45242748067281,3546,24.078736094114202,6046,203.5586360714857,4,5,0,0,33,0,24,Benign
65,35,7.940462956303563,1945,30.584381225701364,19956,475.9241010303419,4,6,2,0,35,0,60,Benign
88,33,27.71482491364523,2454,28.27368097199854,10382,262.8064483151958,7,3,3,1,40,2,92,Malware
92,35,31.68218351304694,3774,18.624953001024465,26828,312.22858255382647,6,3,3,6,5,1,25,Malware
75,23,26.50129722215476,4117,33.8647606315772,20007,389.72573988680966,1,4,3,3,46,2,92,Benign
32,36,29.1672035844426,4663,29.333112651092073,25187,248.58410535478774,6,5,4,0,46,2,62,Benign
94,29,34.73264465364848,2058,18.915868003357968,25139,142.222218777742,2,7,4,0,41,0,64,Benign
37,13,9.042677342200536,3236,32.494002270888075,25866,361.72874828748826,7,8,2,0,31,1,32,Benign
80,37,33.95457657299116,2112,31.09219841293696,7169,366.9092666294902,8,6,0,0,42,2,45,Benign
35,23,23.035934164703075,4406,16.568283882972985,10419,204.21912600048563,2,9,0,0,45,2,27,Benign
68,35,29.397594720350614,1946,16.559377095900544,5562,114.09156394028872,5,2,1,0,33,1,54,Benign
89,13,24.5050754476301,1135,42.37536899228487,11460,366.1412616981506,9,5,1,4,25,2,97,Malware
57,15,22.101133663560475,3593,45.329040235855196,10938,381.37022097928883,8,8,1,6,22,0,80,Malware
83,39,26.108569820650633,1792,57.05902099544524,25384,110.42595702910587,9,5,4,0,8,1,98,Benign
66,18,14.607759935389485,2136,14.35023452305499,13211,377.27330738248713,6,9,3,3,9,1,54,Malware
38,30,32.72814570475738,4243,15.893074618912674,26021,475.571427626429,3,7,2,0,11,1,16,Benign
85,21,8.45877716167336,2362,12.59090642339555,25344,171.51411320564193,8,7,3,0,31,1,78,Benign
88,38,14.540935522593864,1554,36.6114215378465,14515,308.5295018407783,1,3,0,3,29,2,97,Malware
31,35,5.9348705960151,3941,41.137330714761326,8541,378.7105818833472,5,6,1,10,23,0,93,Malware
90,39,13.13969142938275,1945,30.176172596607884,8157,192.03176084654712,13,6,3,4,37,2,94,Malware
87,17,11.54639231424213,3572,49.895111048056634,27245,400.6195566650189,0,6,0,0,20,0,29,Benign
89,33,6.488925820358936,3221,44.334971800190004,16932,447.2353718552341,7,7,1,0,48,0,83,Benign
69,13,19.753221915458663,3684,59.292021047343,11548,425.820384307933,6,1,3,0,23,1,96,Benign
65,36,19.059081255668296,4403,16.89474916498393,28505,203.55956623774057,6,1,3,0,9,0,55,Benign
66,35,7.332363316960066,3254,12.915783217125067,11836,421.686576334035,1,5,3,0,46,1,42,Benign
47,34,12.855515942252426,2366,23.74018527846939,28690,265.33729776095345,9,5,1,1,18,2,24,Benign
92,34,33.599664813990685,1948,10.952509765842201,12177,206.58536992889833,5,4,4,0,30,1,43,Benign
51,14,8.32209873531261,1103,56.63057139332563,6314,167.18858686997072,7,1,1,2,26,0,88,Benign
40,15,14.150559465784045,4713,25.19758293440877,23810,463.5925770026748,7,7,2,3,16,0,14,Benign
87,14,6.075871953639757,4111,37.621508348572945,22323,270.75901660665113,4,2,1,1,20,1,18,Benign
86,28,9.466616078713002,2046,25.903481643937095,13429,446.2924747531227,9,0,3,4,16,2,73,Malware
33,36,25.981913223973685,4323,22.29043109944117,13376,163.81799557191718,4,0,0,5,24,2,69,Malware
36,17,16.001495019888164,2860,17.618236198744,23214,406.7973864612475,6,6,0,2,16,1,37,Malware
90,18,18.562297120373614,3337,26.01829601645678,12887,144.00533911595588,11,6,3,7,49,2,18,Malware
83,24,9.709351853919685,4273,40.770946520398724,6785,107.0259784319771,1,5,4,0,32,2,59,Benign
97,13,25.46420518673905,4226,58.58105998437639,14640,498.01972309056515,8,5,4,3,38,2,45,Malware
30,34,27.54564794273761,3614,37.90460201835747,13029,129.41493330279638,6,4,1,3,17,1,18,Malware
84,18,10.433361485502193,4177,36.63545330495026,12490,284.6161808251338,5,5,1,3,49,1,40,Benign
32,16,6.349803908598265,4331,11.763150905257344,9577,451.35415317205235,7,1,0,3,36,0,54,Malware
67,17,7.4282340292705555,1963,52.004950783384636,19936,427.75181922630276,5,4,3,0,42,0,64,Benign
30,24,24.71137271609053,4271,12.242068749878662,22765,288.4702851822433,1,1,3,0,24,0,87,Benign
67,28,9.065318074845168,1837,55.31161370517396,5361,344.3394026693796,1,2,1,0,25,1,24,Benign
58,24,19.817565025065065,4288,36.93358626783589,22443,351.8824606651277,6,4,2,3,15,1,50,Malware
34,14,9.579245927785102,3458,18.42333026170177,10865,143.92999320426227,6,0,1,2,21,1,75,Benign
50,28,10.104441446157193,2582,32.585369600322935,29905,213.96163773585855,8,2,1,4,40,1,72,Malware
96,16,5.130815100245558,1881,59.749224034159916,27796,220.39326447243863,5,9,4,3,16,1,36,Malware
76,15,14.624727675751638,4188,25.254142602204652,8141,251.2512602138674,11,5,1,2,48,2,73,Malware
64,36,7.693917982185809,3933,23.472988427428934,27022,209.56701405838913,3,1,1,4,19,0,69,Malware
97,28,16.818838260212758,1423,15.900294752125296,25123,200.59938458452905,8,2,2,0,20,1,65,Benign
98,34,22.933529288527517,4283,39.85711743954194,18242,241.91420508738628,10,8,0,9,38,0,80,Malware
30,37,16.025958437843506,3202,14.461349950698146,21676,251.69060316127278,0,7,0,3,5,1,23,Benign
97,26,26.152448925060057,4334,48.30040319020386,11030,294.8896227034645,12,2,1,2,15,0,69,Malware
41,19,27.243553041180743,4578,55.961175716527904,10405,169.4141608593158,5,6,3,5,40,1,49,Malware
89,28,25.898191620824356,3198,56.593555560774966,21743,415.33466540758786,7,3,1,0,10,1,29,Benign
56,20,33.10140678894494,1211,15.395812643871889,6609,444.267080148256,13,6,4,3,11,0,60,Malware
85,24,12.118828309854532,2215,37.913129867648436,15763,199.2659533962327,9,4,2,0,34,2,14,Benign
52,19,10.683693593449298,1880,14.85549274510833,6360,149.32029084716604,3,1,1,10,44,1,91,Malware
54,20,23.291344677256014,1754,38.60080707421486,5623,388.9247925053781,6,5,0,0,49,2,81,Benign
50,32,22.846310283025502,2121,50.749029260479055,6565,469.69804908917376,8,0,1,3,8,2,59,Benign
90,12,20.30295001024421,3588,36.88950811516423,6920,114.05933566918426,6,5,2,0,40,0,80,Benign
92,39,5.130595744827935,1700,53.602691305334055,22895,105.77439161372828,8,0,2,0,46,1,97,Benign
81,12,21.657146897179953,3219,50.083717742468885,28930,173.37018455373465,5,2,3,4,24,0,69,Malware
54,27,32.98394170618937,1370,23.827417496996418,27871,373.9169941231747,8,9,3,3,34,1,95,Malware
84,34,15.037330673385886,2732,41.50511414412208,21148,485.9124031323567,6,6,3,0,40,2,29,Benign
75,20,34.02797579960752,4226,10.370606323806571,26097,400.1523820637305,0,1,1,0,21,2,36,Benign
61,29,15.702700375930828,2163,29.80209579624322,27303,329.2130401461046,5,8,0,5,2,2,29,Malware
84,35,9.195635075534536,1912,21.89800838921476,29313,380.2197571502191,4,2,4,5,19,1,15,Malware
34,38,16.952102447814156,2828,56.855817297174305,13766,192.27932451687568,11,2,0,8,14,1,17,Malware
65,31,19.838339387706323,1801,30.269450586158,7001,375.42077922604824,8,6,2,5,12,2,88,Benign
78,27,23.883932305297733,3303,42.70322142112403,5396,228.57798139145703,3,0,0,2,37,2,31,Malware
87,34,20.14634486067002,1989,46.59908046368036,27059,188.96885313307132,8,4,1,0,20,2,44,Benign
68,24,21.101558822186544,1675,48.660626934075374,15900,194.62239940492066,1,9,3,4,20,2,51,Malware
90,16,5.722011150728161,4717,46.78875960087644,9497,367.11510074245854,2,2,0,2,31,1,86,Benign
38,19,12.60860507401968,3911,24.458253049386737,6511,406.8902888801167,11,0,2,4,29,1,29,Malware
35,30,14.32089973817516,1415,44.303384836461106,15285,332.7208442234188,4,6,2,7,11,1,78,Malware
64,32,34.61265613644347,3376,37.45047411311417,17441,125.54210455702352,1,9,4,0,11,0,12,Benign
68,39,13.86703215461101,4449,39.86863323987594,7692,115.2037334821848,2,6,0,2,18,2,36,Malware
51,29,31.89736546472856,3965,10.040730865437745,19622,186.86674003126828,9,8,1,4,10,0,78,Malware
70,38,14.142086016232362,4337,22.91288004764283,7032,214.58748096959405,4,6,2,0,48,2,69,Benign
34,19,7.883309931271732,4612,56.534184835782774,11988,261.9279571364738,6,3,4,3,18,0,29,Malware
71,22,12.428521971828332,2162,24.50380416528629,27256,130.41123094776134,9,2,2,7,9,1,32,Malware
96,24,13.184851547428938,4931,31.900776112482127,14546,390.06350637693015,8,5,4,2,6,2,21,Malware
59,32,34.347457816669525,1961,19.33369910978705,26118,384.59926348539665,8,5,2,0,12,2,64,Benign
86,27,25.228745167017117,3871,16.930127595184487,12639,238.67103746305594,6,1,1,2,1,2,58,Malware
58,32,32.95042986862898,2620,20.433448431935254,20993,325.2010097473642,6,6,1,0,10,1,89,Benign
66,13,30.049850666144653,2535,37.68236644334865,16927,140.36637774755724,4,0,2,4,2,1,36,Malware
42,29,22.357954720342928,1248,55.95143256950541,9252,266.0874571200423,0,8,3,2,45,2,74,Benign
61,26,25.2616377273669,2886,26.309958994809513,16931,443.0259029920223,3,1,1,0,41,0,60,Benign
75,37,23.745115810880947,4897,26.170397610398553,9709,364.24898524863903,1,2,1,1,8,1,85,Benign
52,12,24.9878907857536,3792,38.20702934434341,15668,141.5775102695523,4,5,4,5,25,0,86,Benign
74,30,12.943209938818288,3355,27.837135884656764,23292,439.0312124869419,1,6,4,1,30,0,81,Benign
46,30,17.24375402623811,1572,55.5208023991994,10077,372.27849176761976,2,0,0,1,27,1,53,Malware
95,11,22.77847434794439,2808,28.892402132113094,6275,281.2225176343694,5,2,0,1,44,1,38,Malware
35,13,6.0778539516757135,4290,34.52211262597335,5058,376.8364156052589,6,5,1,0,13,1,48,Benign
47,10,19.4850470420508,1797,36.669464198520544,25307,169.12810217212774,3,3,1,2,32,1,25,Malware
51,24,30.791808001935596,2000,49.10338975652356,22000,320.19458810901943,8,4,2,2,6,0,14,Malware
62,34,19.771031827559895,1760,38.19529697074418,19092,347.170801426211,12,2,3,3,20,2,52,Malware
59,10,21.56970105966498,4655,21.957755007366206,8671,471.0979291772456,6,7,2,6,14,2,66,Malware
61,15,11.057153615455725,1292,16.199360331318367,27167,126.75668432065649,4,0,1,3,23,2,29,Malware
71,16,28.830300319563136,4972,56.8887273344482,23095,249.91308570433955,0,9,4,3,13,0,45,Benign
39,28,15.766348641125866,3457,50.07814973195537,6342,474.7258839723734,9,6,0,3,24,1,57,Malware
65,21,33.69762660438633,1197,11.148260514445788,9752,186.88842205143732,1,1,3,4,48,0,59,Malware
63,10,34.81144424778738,1079,51.07644921617738,9932,425.2801313290654,2,7,4,8,47,2,11,Benign
57,16,32.48001627787529,2408,39.52988969523844,6023,100.64221398379831,9,2,1,4,10,2,21,Malware
40,28,7.546302344484318,1136,35.944711751747164,11965,110.35362793899424,5,3,3,6,46,1,48,Malware
68,22,14.995494664880805,1212,10.611458951177946,22117,231.0491541012469,9,1,3,0,41,0,62,Benign
76,35,33.354129053075525,2862,49.04320281922076,13589,407.401484332109,9,4,0,3,10,2,72,Benign
48,21,29.135998845333127,1618,19.903250712062505,14160,141.65738769404362,2,8,3,6,8,1,21,Malware
44,21,32.335507679222886,1959,46.39906065970395,5461,253.14145745124716,8,3,1,0,18,2,43,Benign
57,31,22.176595809232964,4278,10.793412368290863,29713,152.58726749179817,5,6,0,0,12,1,43,Benign
53,22,19.411927645625905,4735,49.817682483309305,22145,189.43742777656325,8,7,1,5,21,0,21,Benign
38,37,8.194889510133532,4204,11.151973417752028,15389,301.1976768514391,6,9,3,3,49,1,26,Malware
76,23,30.18414626969297,3213,21.794645203625954,5592,227.65549678368473,6,0,1,5,26,2,15,Malware
62,31,27.354246452614355,4574,23.413910625635673,10696,184.76505839203304,6,5,4,0,11,2,39,Benign
91,39,6.7662980904623655,4996,17.875431905346318,29205,257.39879243477094,5,4,3,1,11,1,95,Benign
48,21,11.282437687858561,3477,34.05290980976845,23731,380.42198570945243,3,9,2,0,30,2,46,Benign
96,29,21.718326899450314,4251,24.184397980835445,22830,147.76724264039535,11,9,2,5,46,2,96,Malware
69,21,25.53207206193916,3168,59.66439878636283,6442,291.8377781443031,8,0,4,4,1,2,89,Malware
76,36,9.130107927830196,4245,38.99843966827194,7806,209.88788344557582,3,8,2,6,15,2,35,Malware
94,15,12.344744553869715,3378,38.32389125271202,20220,251.44834941598262,8,9,2,4,28,1,57,Malware
58,36,10.79330635127042,4139,21.04348150532276,28834,428.6220715632772,0,6,0,1,38,1,49,Benign
79,19,11.599914580116266,2722,30.43447193574557,8325,471.8919918817714,9,0,1,4,5,0,40,Malware
42,29,32.62139370706301,2161,16.198899718,11647,197.1911620483839,11,1,3,1,45,2,55,Malware
30,38,26.474587191162623,2889,48.12646261251931,25140,351.98838273179604,7,3,2,6,41,0,75,Malware
63,33,27.1132094120991,3040,26.557962307673847,22720,370.670911946869,7,9,3,0,42,1,76,Benign
77,18,28.819859326078475,4971,47.59829166966052,26781,436.9943995929731,6,8,4,4,8,2,97,Malware
77,11,15.6971912793218,4379,28.584799996473773,13993,459.6169874004787,10,1,2,5,38,2,46,Malware
78,16,28.015538431974218,4401,59.437862005742275,13072,287.1967190136104,0,0,0,0,45,1,26,Benign
93,18,34.35240182968811,4309,18.55608111273109,20153,493.03025809940004,4,0,3,1,22,1,77,Malware
90,34,25.95182737822826,2553,10.076194694166565,15549,488.3315894388252,6,8,4,5,38,1,68,Malware
58,21,17.502593368776175,2099,39.74127706891929,16449,302.5871883353875,11,0,0,1,46,0,91,Malware
68,14,26.49079357132924,4222,57.64766000439191,16487,316.81284825875366,9,3,1,2,30,1,49,Malware
55,10,32.02384100788608,3667,42.35270274529897,12589,367.0999358203595,4,4,4,4,4,0,36,Malware
46,31,8.862846310279208,2688,14.286176137409047,13787,249.52645768791743,12,5,0,3,2,1,21,Malware
42,24,12.958840267541643,4387,37.02401912331127,7047,364.81756556412444,9,5,3,0,21,0,40,Benign
98,17,32.57888645986716,1036,55.474346806886366,13218,305.7141574618835,2,2,0,1,33,2,37,Malware
55,10,33.38698701333581,4011,10.325303394000636,7428,114.17470631089569,8,6,4,0,14,1,35,Benign
78,27,19.52417381353835,1844,18.34561064188994,10439,441.09157467070037,4,7,1,3,16,0,22,Malware
96,22,16.236528902098925,2681,50.728077805130816,5130,476.1783204628034,9,0,1,0,28,2,91,Benign
36,38,13.483454168090876,4197,54.69535532887414,24451,110.49163141879833,2,8,4,2,46,1,26,Malware
87,10,19.962546232729053,3844,45.35803104341355,24735,415.704727522914,10,5,3,5,41,0,50,Malware
78,14,33.03593454773155,2643,59.57800818199104,7332,254.3253043764109,5,0,1,7,9,1,41,Malware
82,27,9.494288822733665,3333,14.510796479328466,26700,334.2527200115697,5,8,2,7,34,2,31,Malware
94,25,17.59491915641661,2263,37.283825791828015,5736,299.9979787842863,0,3,2,0,11,2,89,Benign
91,35,32.34823570872467,3934,44.24973613237931,8847,320.5242603332189,5,8,1,1,19,1,59,Benign
46,19,15.473578104327558,4685,45.13223601845439,22682,298.07452190323374,7,9,3,8,29,0,12,Benign
72,39,28.042442211306113,3267,49.67423076720913,22475,441.35014859515024,13,4,3,6,44,0,31,Malware
54,13,16.67779358723306,3043,55.88130225496916,5232,373.4026738781245,1,5,3,0,38,1,68,Benign
32,10,29.14780034969125,4078,28.082072280855733,21605,265.054902218331,6,8,3,4,9,0,25,Malware
58,32,34.43007049871626,1215,12.148169640381791,10755,375.42743246021956,6,5,3,2,7,0,75,Malware
61,17,16.63466031725835,1680,28.122095724047917,25783,486.01912763355256,1,0,0,0,31,2,49,Benign
55,14,30.352959637226014,4657,43.580738169361744,5935,132.12330482137307,6,0,1,4,3,0,65,Malware
45,11,34.65250474520903,3340,20.672804366682175,10733,255.23598862322285,3,1,4,4,8,1,95,Malware
54,33,34.514904290337626,4610,50.49864757793552,29514,448.18161292951834,7,1,2,0,9,2,65,Benign
83,26,18.01313244599924,2812,20.988222886141543,12567,395.62204432458935,5,5,1,0,15,1,87,Benign
57,16,19.572833616474497,2507,10.503170119008667,6343,473.97155577934063,7,9,2,10,8,2,23,Malware
85,26,14.10204684929006,3090,35.40403871117897,15503,115.92395504929569,4,9,1,0,17,0,71,Benign
94,37,14.42056291167095,4378,46.323078570180996,5364,445.1102436851148,4,4,1,2,32,1,78,Malware
70,15,19.774118678967056,2116,27.4827670268417,18700,416.71950798194877,7,6,2,0,23,1,36,Benign
80,38,11.01555770192926,4654,47.44478997683934,15981,426.0156064329491,5,7,3,0,1,0,56,Benign
58,31,26.333698884647827,2292,31.92021670605041,14442,338.9050912448603,7,9,2,2,46,2,89,Malware
48,24,21.08925604262757,2644,18.58573086533677,13647,120.7668140482423,2,9,2,0,36,1,77,Benign
95,14,31.942035715198468,3740,14.527919689947746,18616,315.6519715803346,2,9,2,5,7,1,96,Malware
70,24,29.317473014316228,2238,45.52935824536737,19840,263.1004547959468,7,9,3,0,14,0,83,Benign
74,27,14.674133385384039,1958,29.28573938014389,17615,310.816701060738,10,2,1,6,10,1,26,Malware
44,27,20.17413869053002,3161,55.63868839618851,16924,396.1183894485368,3,8,4,6,21,2,36,Malware
32,34,27.515447829163225,4256,37.01275292869749,14010,338.3842538047044,7,0,4,0,34,2,60,Benign
40,30,10.79600382435175,3968,27.42162091103513,24775,217.0251559437161,9,2,1,0,35,1,68,Benign
82,30,5.947931894527501,2148,27.449546349486155,22119,339.8029372281686,1,1,2,0,40,0,68,Benign
75,32,30.569135789248513,4176,16.571893222632458,19796,133.25537723240973,7,5,1,0,48,0,88,Benign
59,15,9.126507724788446,3284,39.68945767945783,24990,102.14639648692794,8,0,0,1,33,0,33,Malware
86,11,31.68234292861119,3700,39.10835677051611,22851,260.6112109170192,7,7,1,5,12,2,63,Benign
47,36,32.408240716434335,2828,49.99968459682467,8514,402.87454443629423,8,9,0,2,13,2,22,Malware
80,26,18.821013144114715,1157,20.059848123353802,25159,429.0536923955354,1,9,4,0,31,0,23,Benign
77,30,29.203451370577348,4545,24.53948212379137,20586,319.9357253229981,6,2,4,0,15,0,79,Benign
95,13,15.89573739062415,1907,14.861898454779084,26045,447.20275451004204,5,5,4,0,35,0,79,Benign
37,21,30.747936455352406,2528,24.767110113445337,20886,150.36594022511105,6,1,2,5,9,1,61,Malware
51,28,29.740456525001505,4008,31.405105787720036,13156,485.64234212069624,9,4,0,6,6,1,94,Malware
35,11,7.355551691036072,4345,58.20142029769919,6714,468.70413460312756,3,1,0,2,37,2,30,Benign
86,35,22.478052222571016,4961,42.65330014374567,5515,339.6949001991104,1,6,0,4,3,0,39,Malware
65,11,24.199967107902445,3900,49.143696488959776,19753,123.4888496137212,4,4,1,10,44,0,63,Malware
86,23,5.0257187206464815,2140,26.27549426102451,10220,281.68114512352264,10,7,2,3,40,2,95,Malware
78,24,34.39754956187886,3933,17.225640640404823,14620,171.70918444899456,2,5,4,0,14,0,28,Benign
74,29,17.197027247021325,4645,22.835997095666492,10249,351.3701073642701,6,7,1,0,49,2,68,Benign
95,11,20.520296175776394,2559,22.823384549966054,16782,175.98607787611144,1,8,2,5,14,2,56,Malware
74,13,10.844122393790627,3107,39.15576641467136,13010,292.7190641696527,3,6,4,2,23,2,75,Benign
49,28,23.327557325517837,3448,27.073556622751436,29515,182.25077074407602,7,0,0,2,49,0,10,Malware
93,18,29.318595988380768,2897,52.86994321666394,17322,172.7380521316075,8,8,0,2,1,1,97,Benign
96,16,22.576770371591845,1827,59.4272259618249,11142,199.16943037681688,0,8,0,1,36,0,61,Benign
32,39,28.641051374062915,2800,27.164920263172423,16665,111.67858220639721,10,9,3,3,33,0,30,Malware
83,22,26.933238821545007,2203,45.253013684350535,24519,386.44597095194626,9,1,0,0,24,2,69,Benign
93,36,12.129734345814143,4303,42.87432909601844,10878,222.69055054002789,9,1,4,4,26,0,57,Malware
69,21,18.074385233274622,3523,19.723124386614074,28417,379.2432215753521,12,6,1,12,10,2,83,Malware
88,12,9.458806533092257,3702,55.9004297410317,15807,361.3912873737388,6,4,1,2,39,1,21,Malware
84,22,6.25807625225306,1844,19.972129359420062,25708,126.44506344927464,4,4,3,5,18,2,96,Malware
91,24,6.892068657923928,3971,46.84785658348494,10071,224.8139032493336,9,0,3,6,10,0,85,Malware
33,23,33.27499789618672,2268,27.380482113715622,10942,326.7442133232511,5,5,4,0,6,1,89,Benign
89,33,34.53612377403135,4664,28.354078350448567,25363,467.3604775958433,5,7,2,5,35,2,64,Malware
59,18,7.849325241495198,1637,32.772452644448016,14468,260.5278841794009,6,3,3,8,5,0,12,Benign
31,22,15.05580305516146,1648,53.22539890275698,22895,301.9166180861657,8,2,3,1,9,0,75,Benign
91,32,8.43262040468068,4639,17.012597075560606,26284,400.06352140014025,8,9,4,2,3,2,15,Malware
78,31,30.026864701069073,3260,12.728478891737696,9659,421.31818952614515,3,9,1,4,47,1,31,Malware
38,13,19.88891274920845,2629,30.10204094568907,7962,469.33620147470447,7,0,4,0,48,0,76,Benign
60,30,23.63785267776648,4966,12.779254957104405,14086,298.8757749378291,3,3,0,0,8,2,82,Benign
90,17,21.197325972050187,4530,44.380044152872024,17627,177.53517180074616,10,1,2,5,10,1,30,Malware
77,12,26.30760751522148,1989,48.016253751360665,7410,405.76849192042414,3,4,3,6,43,0,46,Malware
54,11,14.573967299511818,1803,52.735619737662944,21563,150.23010584214796,6,9,2,1,25,0,42,Malware
65,28,9.12480063590097,1127,47.19211227417985,5588,267.3369248690442,3,0,4,3,36,1,10,Malware
37,37,5.528600081891419,1951,55.81756968463396,23429,351.28521994080677,4,8,1,1,3,2,74,Benign
87,32,18.370786658778144,3264,47.415056136161105,27238,376.74247457482954,10,8,2,1,40,1,80,Malware
74,17,32.235032863743115,3758,56.80378199392008,8225,393.21108688637077,10,4,3,6,27,1,46,Malware
91,26,14.157996140368,1019,19.655539710468158,16228,177.41295661616752,6,0,0,1,23,1,49,Benign
68,22,10.878704634068692,4638,34.99315664338651,9764,492.6596805488203,5,2,2,2,44,1,72,Malware
87,16,32.78128238741321,2781,59.696529985245434,12087,171.367430647584,6,6,4,1,31,1,61,Benign
93,18,8.163459162538825,4834,44.07890912713578,25437,138.4293621024866,8,4,4,2,34,2,85,Malware
73,21,6.554031002474304,4131,53.93205589946287,9464,365.62016077154607,7,8,2,4,4,2,41,Malware
58,38,31.382395248663137,1674,11.519689691642762,7706,463.9999999426344,2,3,4,0,12,0,36,Benign
88,23,26.027281458640672,3761,53.58789492842187,18389,323.7534865997451,1,4,2,0,49,2,51,Benign
38,23,17.662059144122384,1738,44.88566172860488,17158,338.19297380589575,7,2,2,0,47,1,61,Benign
35,24,27.57031919026523,4200,18.53777169938553,12166,315.3938991737276,3,7,1,11,37,1,38,Malware
58,12,27.243198561328075,1556,11.28404782117983,26622,117.0992776371557,10,2,4,4,48,1,55,Malware
87,24,6.201816897817488,3244,22.996328906282645,17646,372.5246289973449,1,5,1,0,19,0,75,Benign
46,28,25.2874043618552,3983,55.78866794963851,25310,243.2796482173893,4,6,4,0,17,2,55,Benign
45,33,24.22617132358138,4563,43.40664693501432,6640,474.26951812538107,8,1,1,4,26,1,92,Malware
32,29,33.91337409248911,3725,55.973455214166215,23034,174.71601901944553,8,6,0,2,23,0,34,Benign
50,23,33.998678304792904,1503,32.307539124712974,19367,220.84631268651225,7,2,4,0,25,2,74,Benign
93,17,16.33397978606132,2270,56.83135476176205,13253,301.9418995528188,7,2,1,8,42,0,66,Benign
65,14,22.69525735664655,1737,33.14799077225028,18408,290.9420174476037,9,4,0,0,6,2,37,Benign
91,39,9.240721246651361,1791,20.212736220916725,16641,260.1218966717817,1,3,0,0,20,0,27,Benign
71,28,6.993695778714021,4331,17.569673209222366,27150,225.7611750749153,2,9,0,3,5,0,72,Malware
71,13,17.983396167767076,2370,59.69059065175222,26999,158.8738946396734,9,6,1,0,29,2,27,Benign
90,23,25.696460325050314,1196,26.693133073728543,27113,428.36874914944224,7,2,0,4,35,0,33,Malware
42,25,22.032833668931808,2130,18.002651265879386,17739,279.5079149088738,3,8,3,1,36,0,60,Benign
40,29,17.889707665580058,3828,10.420421544537607,8286,329.18262363962333,2,0,4,0,42,1,38,Benign
83,33,29.54337640323773,1743,24.27847832648112,20443,318.62114545430717,2,1,3,0,35,1,28,Benign
45,15,28.83282416551241,4988,54.455807180126946,19741,330.1955786592816,10,8,3,3,12,1,40,Malware
37,32,26.95826165233284,2636,36.700466033865084,20341,381.9361487378734,0,7,4,1,26,1,95,Benign
88,34,7.3109674446128325,2183,41.621752576247744,6692,351.75239801609496,5,6,3,3,47,2,38,Malware
86,15,28.894088836869308,3469,56.11955519452665,28658,209.5611669594258,5,8,0,0,23,1,29,Benign
69,12,32.582639479841,2630,35.641995905351465,20848,321.4839704130442,12,4,2,5,45,1,75,Malware
88,24,6.783262648727494,2951,51.91399229263073,21740,197.80516221637848,4,2,3,4,4,1,77,Malware
31,38,17.050141664256053,4278,26.191663903817684,19466,335.534583963254,3,1,4,6,8,1,55,Malware
39,12,34.65066469149763,3038,58.855093142060994,21979,272.7738480809725,1,5,1,8,27,2,28,Benign
73,20,22.97716575404851,2336,13.940693675622619,23008,115.76735131863632,10,1,1,3,28,0,16,Malware
40,12,20.407322063823884,3479,46.24147627566323,19260,393.59427494732023,9,7,0,6,8,0,51,Malware
31,37,10.323384424062306,1925,43.02831433801472,29412,209.86656709479797,6,4,3,13,44,2,25,Malware
79,19,21.964588500025098,1234,19.583575292540846,20288,468.0777420535267,6,1,2,5,14,2,61,Malware
41,27,18.171297814083587,3374,29.4421999423268,9966,212.22289666473463,13,5,1,3,41,0,42,Malware
52,10,8.82329166710369,3981,25.64145583885032,16364,498.6490972540685,8,5,2,7,6,1,48,Malware
47,25,18.92997957854103,1478,14.724643416624769,15023,285.1804671228491,7,7,0,1,41,1,52,Benign
91,25,9.931979155257814,3475,39.23940114754206,8953,110.56292783562122,9,5,4,2,22,2,93,Malware
91,36,26.919908651781697,1665,59.68349227825827,28699,130.50759273460497,3,2,4,4,25,2,55,Malware
67,19,34.20945098430869,2123,37.979407052669465,29444,132.83520629222755,2,7,0,5,8,2,13,Malware
96,10,19.087311452770884,4309,37.2629953439681,11230,122.48576840271785,5,1,2,0,39,1,24,Benign
67,13,23.971049957438385,4178,12.015685367727416,7570,207.11575986823192,1,8,2,7,40,0,52,Malware
96,12,17.929265743005267,3905,16.961011168184523,21476,229.83553165999356,4,5,2,0,31,1,39,Benign
90,14,9.153615609710162,2387,35.66095445511305,26283,144.51434564020428,0,0,0,0,4,0,48,Benign
30,21,34.11665859426496,1641,59.25892820920357,15392,275.2525939205546,8,3,1,12,18,2,52,Malware
74,34,8.887359922522391,3858,53.83038677309295,17641,246.1403286737018,5,0,1,1,35,0,23,Malware
57,21,8.34880425540622,2516,27.010456068658375,26087,354.5295983281194,11,2,3,5,36,0,79,Malware
50,22,18.775188250139017,4114,37.150212711406375,12741,178.3458238007255,4,9,4,2,17,1,95,Benign
42,33,24.766617973007964,1574,37.63511111270684,6896,465.59419608693605,0,5,4,3,43,1,27,Benign
56,21,15.647698129186736,4144,44.26803063810916,7964,306.3963115231053,10,2,3,4,34,0,55,Malware
36,34,10.775510665907092,2721,44.389102061956926,14302,349.493215793127,5,4,2,4,40,2,88,Malware
51,25,29.568901040824286,2018,49.489624419298686,11354,115.80813536016935,8,7,0,7,20,1,30,Malware
82,22,15.893099618286536,4700,11.248551241984119,29452,323.6354795469407,6,7,4,1,48,1,85,Benign
33,14,10.829629201517216,2327,57.18400953187229,29958,247.24008180466,5,8,2,0,30,1,70,Benign
52,33,15.952546325206104,4076,13.50310229946233,17002,469.66881952613136,8,3,1,0,10,1,84,Benign
99,13,11.436626229283728,4659,33.808005573847,7918,454.2573262191426,4,4,2,1,36,1,74,Malware
62,30,20.583432134370216,3850,55.978963817952135,28704,355.05948000868676,11,3,3,5,38,0,34,Malware
57,24,25.048681584130975,4420,34.383441461553986,26508,407.1405403222967,0,6,0,1,47,0,98,Benign
37,21,28.98672131597558,1399,13.181841711655842,18387,357.8372628463771,9,8,4,0,48,0,90,Benign
30,28,11.826860909595975,1594,21.462000990596962,23842,106.78724464297477,5,5,3,1,45,2,80,Benign
66,30,10.008620171133366,2456,38.93333776842114,19339,381.25061786926705,5,1,1,4,32,1,41,Malware
92,37,5.588102626856605,2595,14.393080894948454,22490,170.83630553747787,0,6,1,0,18,1,57,Benign
51,28,11.84263305041728,4178,31.183896550864823,26420,373.02838198808786,10,2,0,5,48,2,98,Malware
99,30,5.717160574933887,1116,26.454663309570243,13622,104.20271369206833,2,7,4,3,33,2,91,Benign
50,20,15.36422611067178,4890,50.76038139121197,24927,224.36272335696333,0,2,1,0,15,1,44,Benign
64,39,9.3707926649011,1382,15.50659691677246,15651,306.771191629673,8,8,3,4,44,1,99,Malware
34,30,22.396867946833527,1858,44.13992250793931,11112,233.2682401443113,8,0,1,2,44,0,85,Malware
89,15,16.511802784738194,3129,30.329453543795456,7082,377.5949008120259,1,5,4,0,35,0,87,Benign
75,18,7.807560232122786,2850,39.387534023616425,18553,309.0838155001783,9,9,2,5,24,1,17,Malware
79,10,16.995993891097825,1831,20.27658859602724,8727,483.8669523846741,5,6,1,0,31,1,31,Benign
77,21,11.280443479035549,1872,40.485184238081274,10003,243.12496940436142,4,2,1,0,32,1,85,Benign
35,35,25.405320540203164,3700,43.69888637080564,7858,388.74373262031355,6,5,1,1,33,2,41,Benign
85,23,15.933087343122196,3781,13.511578233053891,13475,434.33666576879705,3,9,2,3,40,0,55,Malware
88,15,9.410900276454383,4481,51.21721337914685,5726,201.44711484379013,9,2,4,5,44,1,22,Benign
58,10,15.488051972128599,3117,53.06270564441207,23165,401.6525903179682,7,8,3,3,43,1,42,Malware
47,31,11.731350017905564,1386,13.177702784139736,28789,257.325599993198,7,5,4,5,42,2,10,Malware
31,11,28.873370049151582,3006,40.15937440486429,21720,151.49086065329857,5,7,0,4,36,1,76,Malware
37,33,34.50102681094836,3571,39.70057484861135,24986,101.45883097300535,6,3,3,2,11,0,89,Malware
83,20,5.764741670893024,1296,10.622920593422165,11083,397.50302105484997,4,7,2,1,32,0,59,Malware
67,12,25.700604119458458,3664,27.117320697797567,23298,174.4976315513751,8,4,0,0,47,1,41,Benign
77,19,12.918735008704598,1718,58.44628913568738,13758,120.47745368413021,7,7,1,5,3,1,19,Malware
56,39,6.992259316078834,4136,37.77253761343715,11226,298.8836350158565,8,1,1,3,49,0,10,Malware
49,15,5.430539287558806,2598,56.66059013707525,18987,238.67921385176646,6,2,4,0,8,2,80,Benign
41,15,31.430290076372817,3225,43.7822317938692,15557,376.7226817906865,11,9,2,5,33,1,56,Malware
72,29,15.608195062333985,2966,11.419525911163822,9970,142.9457181563501,2,3,2,3,39,1,16,Malware
90,30,34.83631676271813,4079,13.885659902419603,11822,153.06126785207897,6,0,1,1,19,2,71,Benign
60,11,18.27131502890637,2182,46.108947768371145,23035,261.6430833202404,9,4,1,0,35,1,61,Benign
90,35,10.627932553141232,1010,37.72838951845097,22704,308.1632686275676,8,2,2,0,41,2,77,Benign
96,35,28.314307055676377,1784,16.357583229993786,6790,429.67756748864906,4,6,2,2,45,0,13,Malware
64,33,32.79476649101896,1410,40.703133917680816,26845,334.2500763739758,3,1,4,2,8,2,66,Malware
44,19,29.46863092326473,3939,50.514368028409805,7881,461.03897805839284,3,0,1,0,26,1,98,Benign
45,32,27.355977020825833,3654,47.6491215066306,22338,187.1071344553435,0,1,2,0,19,1,14,Benign
42,35,15.040990835575055,3202,22.30812300160335,27368,338.48780639935376,8,2,0,1,44,1,80,Benign
64,15,6.934710916851281,2229,22.909748332802195,10543,362.09536391703926,6,9,0,12,9,2,64,Malware
88,32,11.038980456802694,4186,58.391890255105686,12130,390.32202068612827,2,4,0,0,38,1,76,Benign
50,37,18.404307627422032,4450,54.37024010763581,23450,495.4602792914649,7,5,3,5,35,1,66,Malware
83,26,33.68599610043212,1598,25.9168657215436,19134,287.21352896483745,6,7,0,0,7,1,84,Benign
59,39,26.685625390260626,1823,51.20272448345042,25335,247.72783194515782,5,3,2,3,4,2,85,Malware
77,23,29.848491355047422,4780,18.08692648662727,7861,440.8826700615312,1,3,3,0,6,0,48,Benign
64,14,13.318816907194279,3397,19.84205506632822,19339,170.71636203412618,4,1,1,1,34,2,89,Benign
67,32,25.514690823605097,2121,19.059802692267265,26784,114.8112389119091,10,2,2,2,16,2,52,Malware
60,26,30.87314430133989,3990,14.386038750675759,13254,277.43562141253324,9,2,0,0,10,0,80,Benign
53,11,19.382345446897535,1018,52.73390580806777,14205,198.88234181464088,9,1,1,0,36,1,94,Benign
78,18,17.89675580692276,1312,38.94034491022877,11133,258.61016050203625,6,0,0,8,14,1,19,Malware
61,21,26.582135402953362,3974,22.94780462469693,23373,494.4333245785283,4,1,4,2,7,2,91,Malware
84,28,21.79735058734239,3575,52.432751636379706,23188,239.395292087701,4,4,3,4,2,1,38,Malware
87,31,34.79513249582132,3604,50.132337969641014,8325,383.1862833573521,6,7,1,5,31,0,35,Malware
32,16,17.75308402185685,4738,15.047575906387781,8698,200.160803900186,3,4,0,0,29,1,39,Benign
98,18,10.278298319749599,3492,42.206968686748596,10973,221.3691775064702,4,2,4,0,17,0,74,Benign
39,30,19.158051583589387,2945,46.091680076288526,27275,197.26207738410307,2,6,3,1,16,0,47,Benign
54,25,12.05614979293194,1230,45.79136684929819,11210,328.8643480903004,0,3,0,0,7,1,24,Benign
97,29,21.83761462383503,4740,46.15713539269688,22261,190.44343447857347,6,6,2,6,15,2,98,Malware
90,20,8.773909773138374,3672,18.472889282451867,8357,387.3456410647062,0,7,4,0,28,1,28,Benign
58,21,33.49928820647558,4058,25.75432271343847,21515,372.1096794143055,11,2,1,6,46,2,37,Malware
48,24,30.794686446204828,3936,52.20892542522312,10167,268.5078703957612,4,9,0,0,6,1,24,Benign
72,27,9.666961913266112,3406,54.91958751137748,20914,110.23080841512218,1,0,1,5,45,1,87,Benign
95,28,10.17178768241029,4454,23.959444328243514,12084,109.06045289054727,5,7,2,3,6,2,70,Malware
90,25,20.373160234640494,4583,11.150975808887623,5992,313.1227268435733,4,5,1,0,27,1,47,Benign
72,24,28.186441611251755,1043,52.988347358305404,10772,435.6795314226761,0,2,4,2,34,2,41,Benign
54,14,11.572380070025883,4436,28.85459189125413,22454,339.5494685503959,7,8,3,4,14,0,87,Malware
49,20,6.829151586785955,4996,26.47317779799682,28782,274.2601846340297,7,0,0,0,41,0,86,Benign
77,24,21.366028297478454,3924,27.349983984431283,27811,452.847533392997,10,7,3,3,17,1,50,Malware
53,38,25.7479134230603,4693,30.784821198382076,7596,178.7981796107112,2,8,0,3,10,2,94,Malware
40,27,12.33096473878151,4182,28.913331082746055,26914,243.76977172652147,8,9,1,6,49,2,85,Malware
84,22,27.193033632519143,3270,38.32154495667802,21029,326.12378074824534,10,0,1,2,2,0,24,Malware
57,13,33.51931354833826,4457,13.947013924909509,7949,216.66778765935445,0,8,4,0,14,0,97,Benign
98,26,9.112233280564187,3949,58.57700971542576,26725,499.08499274399253,5,4,1,3,21,0,93,Malware
92,13,20.33087195926086,2288,56.822551723608065,24868,280.928366774098,4,4,2,1,35,0,72,Benign
88,25,6.705258520447478,3318,56.72033233077496,10590,120.68888933646082,13,4,4,5,28,0,10,Malware
34,32,11.199830216921466,3259,53.96388120409567,12237,170.43336750096864,8,0,0,4,36,2,52,Malware
80,24,7.694580603832199,2519,43.016315109086484,17629,312.9923473098735,5,4,1,3,41,0,23,Malware
50,23,17.120198692406078,4385,21.055428137421618,5065,320.0224798742437,0,9,0,0,45,0,11,Benign
41,21,29.62495371124273,4841,12.474174357318615,17894,493.6577068778778,9,9,1,3,20,0,17,Malware
79,12,22.31391351565344,2410,14.96605323908833,8764,339.9865673705075,5,5,4,4,7,1,20,Malware
33,19,11.677545114962923,3294,26.19962502328028,16333,366.65092814368705,12,4,2,8,22,2,29,Malware
71,17,6.203319412871693,3995,35.19415127478928,24177,185.48910797368072,7,5,0,5,45,2,53,Malware
67,15,21.601945858602587,4638,59.6626535592397,16524,142.74595265401803,8,8,3,8,28,2,68,Malware
54,31,8.98390144971713,1820,31.77217458972996,15771,340.80400325923506,5,6,1,4,20,1,26,Malware
43,23,15.282020820912717,4421,36.23230452456884,6419,445.95199064124137,0,4,4,0,32,0,21,Benign
61,26,20.305767767408177,3119,44.75786235940403,10477,334.9491807160872,10,9,0,1,19,0,93,Malware
40,30,32.111976070585776,4367,19.036698522389813,17645,277.1132872738482,8,8,4,0,28,2,83,Benign
90,28,7.454699812661509,4284,56.64135007811279,6415,331.2826565286516,2,4,0,2,25,0,30,Benign
47,25,25.058227768004915,3342,36.45173029213671,13567,287.5086313942884,9,4,2,3,22,0,76,Benign
56,24,5.422438565146356,1170,23.81281728008843,10424,156.75263040612685,3,5,1,0,2,1,13,Benign
84,35,23.897256570808874,1245,56.75544931694202,11207,396.47377010116065,8,7,0,5,21,2,97,Malware
83,24,21.54597467991781,2164,41.27253092794751,13369,313.215265385869,9,0,3,0,6,2,63,Benign
50,10,29.35599860270203,2639,34.18448656246052,21618,259.7291504232623,8,8,1,0,33,0,36,Benign
73,33,20.94987418593438,1616,39.0077954980387,24296,323.8554008168025,7,7,1,1,42,0,83,Malware
34,32,15.578497991784124,1239,47.41511094526133,5761,196.49078178133396,6,6,4,0,46,0,77,Benign
70,32,12.282526139846798,2956,17.72690018464767,8878,271.18308618817287,2,4,1,0,3,2,85,Benign
88,21,7.55749225346219,3358,53.24152153516126,26790,348.97808040149124,3,0,0,3,24,1,88,Malware
83,19,21.038380228892937,2439,57.97534051491065,6282,190.47742946689283,5,6,2,3,12,0,99,Benign
51,23,31.649657799457053,1397,38.349982587503725,20826,399.598033865826,9,8,0,3,5,0,43,Benign
94,19,20.442334818670684,2856,44.113542339879906,22647,308.4043647426346,2,2,1,3,22,0,10,Malware
93,19,27.17308572397677,1922,52.99167404231204,27087,444.6826841674063,9,7,3,13,20,2,68,Malware
33,29,13.953048146527268,1791,28.740531570825027,8613,438.8946310785679,8,2,3,4,33,1,61,Malware
94,38,18.443925796243033,2906,59.64158974411992,9446,297.80681748774816,8,2,0,0,4,0,54,Benign
44,20,14.738096103377941,2904,44.02506846534488,9636,178.18624425287433,7,6,0,3,26,0,27,Benign
51,31,8.277983340646921,3069,31.199934917899103,28493,394.65671464403704,8,5,0,5,16,0,82,Malware
76,25,17.50965809850515,4149,43.86689875008136,8383,267.4712542733183,7,4,0,5,20,2,59,Malware
75,38,27.928616955116492,1812,36.08400162567182,24393,337.85099338099883,5,6,4,1,36,1,43,Benign
43,18,16.849249986335515,1903,15.58207857691826,23006,142.90611606957555,8,8,0,0,19,0,63,Benign
79,24,24.50537666654802,4546,49.79326523846593,12275,352.6335958063969,6,0,4,6,31,0,63,Malware
49,23,27.758464521525806,2730,38.21877901264661,5029,249.42019557804974,7,9,1,0,44,2,61,Benign
79,28,14.68208681648968,1831,49.79227789369443,21692,233.67589988739778,11,0,0,2,3,0,39,Malware
62,18,28.925436788164305,4424,17.74559701837329,14701,491.9662315111205,6,4,0,2,15,2,13,Benign
88,13,15.167771509091288,2394,36.917857840038785,23477,272.9722571040989,6,7,3,0,49,1,62,Benign
72,30,12.683211813813681,2966,48.33121361064564,24814,371.21535124629366,3,6,1,2,11,2,33,Malware
41,16,11.67338503279595,2044,59.41522837953992,21520,351.0910142295364,11,6,1,3,16,1,59,Malware
69,31,10.997124371745178,3554,54.21986381926293,22158,141.72142035406307,4,2,0,0,47,0,54,Benign
49,35,27.1137221844019,3207,53.217481353031964,22982,399.17101482572644,13,8,1,6,39,1,70,Malware
67,17,31.62527783170753,1743,22.373006907319898,14646,229.26368137343061,6,4,2,2,41,0,99,Malware
32,33,11.919454225558678,4432,51.89923008545237,7603,419.575819678694,5,9,3,6,43,2,16,Malware
57,17,7.557208933884619,1812,18.464063877148153,7480,343.056313046153,12,2,1,2,47,1,54,Malware
85,28,14.413009288653152,2579,19.905383227421677,14038,226.83659598139582,1,5,2,0,1,0,94,Benign
42,24,24.735417167640758,4368,15.5058371871736,29782,242.51718413242838,2,7,0,0,32,2,87,Benign
95,25,16.055602766781167,2375,52.87982653568936,24514,392.60294786654424,5,7,3,0,8,2,43,Benign
66,39,21.475296176336563,3227,15.412724822565934,14421,320.02372604915274,0,3,3,1,19,0,19,Benign
78,35,27.32914897025586,4543,16.905573987250502,21330,367.3404162685261,1,3,3,0,26,2,20,Benign
95,31,17.254355934651457,4466,22.29435750411929,27858,163.3273284300753,3,8,2,0,41,0,54,Benign
65,32,34.99084494113585,4684,38.63312045603205,26075,414.79066889136743,4,9,4,5,21,2,58,Malware
83,18,13.938477807065075,2650,54.009009265020154,28052,228.1565275660139,8,1,3,2,22,2,49,Malware
55,35,34.347450556178515,3260,30.911407762778406,7796,347.94450686306936,3,8,2,0,46,1,60,Benign
69,35,11.090889956993419,1529,37.314297459589255,6127,145.87193009680348,1,7,4,0,11,2,80,Benign
72,39,8.327952297928693,2418,18.32446999786265,11502,228.5680964627868,12,2,2,13,7,1,37,Malware
51,21,27.524918752831038,3074,23.297292794889582,18139,359.5469172266567,3,1,2,2,6,0,71,Benign
49,25,26.06928969953594,1938,16.696288124288746,20724,209.68245291610023,7,1,2,0,25,0,24,Benign
37,13,29.335080417273932,3917,30.495942243354488,17842,452.12487869992685,5,0,3,2,32,0,47,Benign
58,14,15.307712651999147,4520,39.51678293390962,15597,364.49135977736813,0,9,0,2,33,0,58,Benign
69,17,32.92422961558951,3485,24.200976501672706,6287,448.11135731871826,4,8,3,1,31,2,10,Benign
59,10,8.584442851192366,1284,52.29979277873963,26234,258.1562809004483,5,0,3,1,16,0,59,Benign
84,37,5.908313039933785,3708,59.06191755033172,25329,113.59405704987,7,1,3,2,36,2,23,Malware
45,15,14.016916553359145,2820,16.00774261572905,18664,330.4559853420411,3,6,3,0,17,2,22,Benign
75,24,28.91973390200751,1648,10.893002800766208,8929,235.67740109014892,3,4,4,4,45,0,31,Malware
91,13,25.189469218209446,1188,49.48884536973919,22771,279.2753503689413,10,0,4,4,26,0,66,Malware
36,30,18.086262926678693,2725,19.532133890167245,8263,372.4440855690995,9,3,2,8,23,0,94,Benign
74,20,12.687608425830064,2222,27.657329633042952,6927,380.2658668283487,5,5,1,0,36,2,50,Benign
88,14,6.7781836030393166,2125,29.711560913790514,29358,111.02256594632615,8,7,1,0,45,2,46,Benign
85,27,15.125167353424176,1478,55.829969445047226,25365,407.7210691358454,9,1,0,4,49,0,91,Malware
77,33,18.80059303264249,3650,42.9419107883081,15291,297.4075659824316,12,9,2,5,47,1,82,Malware
56,24,25.610715142136158,3043,12.030474515144537,23129,322.67950932982,5,2,0,1,49,1,14,Benign
82,27,24.37915864839293,4062,10.74051203570773,25372,219.19767407594102,1,6,4,0,11,0,40,Benign
64,29,33.42034708795634,3025,19.978404876514006,18590,268.3335144002324,9,0,3,4,42,0,74,Malware
80,37,8.011877571585831,4295,25.90859704363557,17675,384.15005359173267,6,6,0,1,30,2,95,Benign
66,22,15.090203686374092,1516,34.22619170432995,22609,410.6855211777034,2,0,0,3,25,1,66,Malware
86,14,19.447342458106952,2888,51.89197061544277,29490,254.84247246719121,0,7,4,3,34,2,24,Benign
37,39,25.120873815619678,2550,25.740887801737976,27666,376.4470130605321,9,5,2,5,44,0,99,Malware
49,10,19.86355074324219,4512,28.826860963582764,10971,203.21740067537522,7,9,3,0,21,2,38,Benign
82,31,32.38274695840216,2540,26.466896500482882,23450,432.8090660710061,9,6,3,6,2,0,63,Malware
41,27,23.260170367994405,3963,10.44826680164528,19656,343.9256955629461,9,1,2,5,3,0,50,Malware
78,23,6.189962290736457,3277,57.76007695590599,13286,410.074606426758,6,5,4,7,5,0,43,Malware
46,14,8.409679071984028,3916,16.94979420682369,5129,290.86194092713896,6,4,4,5,45,0,94,Malware
93,15,27.604866844416755,4920,24.383373910162348,12272,191.64371399278212,9,2,0,5,2,2,85,Malware
71,36,26.473630890388826,2137,16.46516510482209,12088,271.6924453254576,6,8,1,5,31,2,44,Malware
58,33,9.604910054771153,2539,34.52715780783613,8268,252.5941577913283,5,4,1,5,23,2,64,Malware
48,34,6.767259831969982,4255,56.60830574712496,15499,233.08661737606366,9,7,4,4,14,2,42,Malware
40,38,22.361535663196054,2748,15.035035881274315,5986,184.86949909659134,3,3,2,0,18,1,51,Benign
79,37,24.072164960802002,3806,32.04484617942481,8110,403.66685675192247,6,5,2,0,11,1,96,Benign
87,25,9.058989125385047,1033,11.118742288578922,24956,134.5406645282242,10,3,1,5,15,2,17,Malware
63,31,19.20857963122446,1295,48.54491106930741,28682,455.02437195433356,10,3,2,5,21,2,92,Malware
49,30,14.174945873552389,3500,42.06130717772125,7600,170.00988915910142,3,8,2,4,5,0,39,Malware
79,21,32.93916936910663,4779,44.984933185357505,20680,491.94946074061653,1,4,3,0,3,1,93,Benign
39,29,11.575994101682138,4576,33.61681804478664,7169,495.38721923482973,7,0,2,5,18,1,83,Malware
61,27,26.997821777098988,2429,55.38165147782029,23163,259.35481649646067,9,6,3,7,8,2,51,Malware
81,11,20.544017400330127,2150,30.477872543630475,22140,495.1284290529052,6,2,3,2,38,2,34,Benign
44,32,5.345630360781302,3189,35.704253739353845,6167,447.62740691229055,5,2,1,0,26,2,23,Benign
32,30,20.509957496378533,2987,44.76446111353147,28737,132.97211077866623,4,5,3,0,32,0,74,Benign
66,32,7.984164497585045,1647,36.028032054773,7594,478.93142545144724,7,2,4,0,13,0,39,Benign
69,22,24.77186587475935,3175,19.4667823958164,26714,117.00575436183769,1,0,0,0,10,1,22,Benign
69,36,21.965705911447166,3882,25.853530902245602,19735,172.76571749564286,5,5,3,5,1,1,98,Malware
85,26,5.312816820004237,2709,14.614723406940264,8104,333.8382163386697,6,6,4,3,42,0,21,Malware
52,26,11.140784887489438,3972,31.63067486086489,12326,132.29487136000543,1,4,4,5,11,0,33,Malware
40,25,28.28675158616068,3777,40.4696046543164,5405,164.69110279574755,9,0,2,3,5,2,79,Malware
93,30,13.273178429060636,4697,15.926497213457033,7411,481.3967148448955,9,1,4,5,1,0,82,Malware
37,27,19.978502034891594,4958,41.52935607350645,29738,497.87515395504323,1,1,2,0,1,0,47,Benign
85,17,14.359958432275512,4421,54.643606987605466,16003,419.2546167121189,9,9,4,2,19,2,96,Malware
89,39,32.6458056919262,2547,26.88618664927598,17838,306.08375658588113,4,7,1,0,5,0,61,Benign
39,12,21.097310533503023,1462,21.101654810940992,13322,460.1203742766701,10,7,1,6,12,2,79,Malware
68,26,25.885205445680626,4315,54.65030319209515,24551,144.75950835342746,3,7,1,1,28,0,44,Malware
57,38,7.504283140913239,3611,44.59726179487743,24084,477.1567476980036,3,1,1,1,37,2,37,Malware
78,27,6.210079625982564,2209,15.269743402827693,16247,240.62117098217288,3,4,1,3,23,1,14,Benign
65,35,12.776845852013928,4304,30.405597603086623,15509,444.5957564932778,2,4,4,1,5,2,51,Malware
42,35,14.274028767609622,1513,43.70447998772744,10800,367.3493623941564,2,3,3,3,23,2,93,Malware
65,32,25.630416235397057,1000,38.71919374877274,16143,484.1097216222888,7,7,3,3,24,2,89,Malware
55,15,22.073915081373237,2262,40.927355967493654,28918,445.8711791183273,1,7,3,0,17,2,29,Benign
33,37,16.23738820804956,2078,38.356758698696304,9882,455.15912542036244,3,8,1,1,4,1,31,Benign
93,17,24.623524525340326,4566,49.903068265244514,6933,352.70174244801217,7,3,1,0,17,0,60,Benign
67,32,9.906972420088614,4803,26.021347839848932,29522,433.2634123905103,5,0,4,1,30,0,96,Benign
51,39,6.904690844441177,4687,45.42311739496815,24889,402.8524603045354,1,8,3,0,44,2,85,Benign
31,35,30.635152769546014,4938,59.553972124714214,24516,164.6492523615549,2,0,2,5,25,2,56,Benign
60,22,21.918383848066327,4489,29.49794288905902,7979,359.4387565412972,1,3,1,0,17,0,48,Benign
40,17,24.472858209122638,2471,49.55241572773966,6346,159.27021860806346,3,9,0,8,14,1,37,Benign
75,28,14.217267522487223,4907,22.305461856808552,16992,447.78244875421194,8,0,0,7,23,2,77,Malware
91,15,16.15864873213099,1337,24.094835614202466,7636,126.37991973598739,8,2,0,3,24,2,56,Benign
98,38,7.471023414589272,3955,56.743193709177156,29620,494.8186680773101,6,2,4,0,17,1,81,Benign
93,32,30.709645634053203,3865,11.29691781243444,5346,260.25066645508457,9,6,2,2,46,2,30,Malware
39,24,22.773183502368045,4348,20.871367243041462,18001,168.25174148057425,8,2,1,5,17,1,57,Malware
69,19,7.508829895398219,4081,34.146034890600156,25177,474.2699934644892,9,5,4,1,14,1,59,Benign
53,36,29.135887991750018,4412,30.092381085209322,21199,118.17039449193918,9,9,3,2,15,0,58,Malware
73,26,18.323461085509237,2127,41.45848656175156,17934,288.0422538035934,4,3,3,0,19,1,85,Benign
89,10,27.953040505100397,3392,19.636102518019097,15608,408.09085116980106,3,5,1,4,5,1,71,Malware
91,16,5.37859586267444,4441,13.527350218426566,23926,226.70019017268038,8,8,1,5,17,1,44,Malware
46,38,5.8621909091636795,1976,28.466669890237853,10000,311.53386796112045,3,6,0,5,33,2,89,Malware
94,36,10.12348876346434,1882,36.21776210720905,13251,380.1652065255208,5,0,2,3,39,0,81,Malware
86,22,11.327496684220396,3245,38.10009185424557,23729,480.79056840052834,7,7,0,3,6,2,14,Malware
84,12,27.91866590930413,2037,40.07467617712334,19394,141.08105570841198,3,3,2,1,25,2,85,Benign
82,28,26.200824920497944,2703,37.43309978807775,20783,162.8906814859679,6,7,4,1,47,0,99,Benign
85,24,23.482643573894848,1871,22.28759854855938,9326,303.54835807762674,9,2,4,0,17,0,46,Benign
38,14,31.545766894500165,4409,48.22748679845009,24228,267.38998446001875,9,9,2,0,33,1,82,Benign
51,20,12.41446350969099,3589,14.389013086969928,8766,264.3184642734666,8,4,4,1,11,0,50,Malware
42,31,32.13214711713345,1456,19.917693977609147,5447,218.78460117446127,5,2,2,4,33,2,49,Malware
77,27,32.284132077955476,2549,46.96890045095571,12793,324.27391940358245,6,2,4,0,28,1,67,Benign
47,12,18.02779280560592,3797,23.986306705262585,7415,453.3153344662865,7,2,3,8,42,1,81,Benign
69,15,7.831586012605066,4507,34.67367208047026,9078,164.36973621514556,11,3,1,3,41,0,11,Malware
46,12,26.79679724568575,1365,26.35988704277794,17841,186.11453179830306,8,2,4,5,5,2,59,Malware
44,39,15.107860179412375,3448,35.349060580800156,10148,368.3293991198343,1,1,4,1,21,1,95,Benign
44,14,28.84788552310192,3621,27.332789997368252,8035,122.47906171492167,8,5,3,3,30,0,89,Malware
92,18,9.910708517114095,3529,59.71039949530252,7324,369.5056798252026,4,0,0,0,46,1,57,Benign
68,37,21.18545340723096,3157,27.873879467907333,28136,225.78246034533493,8,4,3,0,26,0,33,Benign
42,28,20.242211909546327,4066,41.35247086988227,26310,243.14157256000598,5,5,4,0,3,2,42,Benign
61,37,8.009434717088405,3453,54.41716088254387,29613,262.2197495291601,7,0,3,1,49,0,79,Malware
38,36,15.899984770179753,3356,41.89674971823752,10825,239.83502459668594,12,0,3,4,21,0,51,Malware
69,22,7.542659403401841,1159,38.29286275548043,12819,436.4838485118129,1,6,3,4,12,2,35,Malware
49,38,18.942209285367422,1843,38.46147273781041,13480,478.4273829601236,3,5,2,0,7,2,87,Benign
92,15,30.287136758413787,3102,34.82303554616928,28502,319.2045901264754,4,8,3,0,26,0,25,Benign
73,20,13.10614289912395,3808,50.37902007022275,26996,332.75139953397576,7,3,3,8,44,0,30,Malware
67,30,27.945859615623124,2999,12.521203918069098,12936,128.19324320537407,8,2,4,0,39,2,11,Benign
89,30,10.50282246837369,3303,54.256495396466384,11595,385.27677134440023,2,5,2,4,13,1,68,Malware
77,36,25.212047824719544,3581,39.31461101228214,19363,333.6395491856336,2,7,0,0,14,1,17,Benign
47,39,32.46612199791349,3469,52.44366106278741,17989,120.15780952304013,8,4,2,0,25,0,16,Benign
45,23,14.717842446973094,3993,10.519635127210428,20092,179.3702668286813,9,2,2,5,17,2,99,Malware
84,15,32.01234914265855,2638,53.46382019808088,10492,180.77736815702508,4,2,2,0,16,1,30,Benign
68,15,20.162627795791835,4009,16.006875958663343,19138,168.3871807773437,6,0,4,5,28,2,27,Malware
97,26,14.504153994969725,3860,46.06090031961996,11704,363.4583818491108,7,5,1,3,40,1,91,Malware
88,20,31.895247053345944,3934,30.826069644392188,28852,471.3758461423076,7,9,4,2,41,0,10,Malware
91,24,5.961118003091846,3311,44.05361955489622,5203,405.1901301433437,8,6,4,3,18,1,17,Malware
42,18,5.840565538184314,3795,41.40948688386821,11522,290.94939408556525,8,8,0,4,4,2,11,Malware
35,30,22.994888126189988,3880,18.16982735336209,26618,261.6205191937928,9,5,0,8,40,1,31,Benign
89,26,28.90252151990703,1232,35.730688222377594,18295,254.58324212368902,3,7,0,1,17,2,29,Malware
43,33,27.546389223143187,3727,23.861523659727037,23004,340.49878307833,8,5,1,5,33,0,87,Malware
83,16,7.384085100548166,1232,38.02184214240062,23827,243.68826357781455,4,1,2,2,39,0,44,Malware
33,16,33.507535806006736,4588,46.9001641526422,25220,190.44878847548685,4,2,1,0,24,0,69,Benign
68,39,26.09190612912547,4116,14.062920729091896,24507,341.1371626302332,5,0,2,2,19,2,40,Benign
54,30,33.473361611832175,1557,35.788121176551265,25115,256.28216537102924,4,4,1,5,42,2,50,Malware
61,10,14.872932769223063,4747,40.88149103811293,8257,105.64993165753353,5,5,4,6,46,1,76,Malware
88,34,25.818173839484523,3960,24.76837267986069,22521,108.89244542670981,1,5,4,2,34,2,81,Malware
92,36,30.798162402004557,3728,57.650174139800356,15753,209.65464446176733,6,1,2,2,30,1,99,Benign
67,34,16.4139266946288,2949,36.01514127534148,13737,304.9688798027455,1,0,2,0,49,1,33,Benign
82,17,33.945797563057106,2459,19.125854492296636,17569,241.6958030671955,10,6,2,1,31,1,24,Malware
96,14,12.94978373661623,1334,15.3894130899642,28721,109.62206095502079,9,3,3,7,2,0,47,Malware
57,39,14.46840878063662,3451,37.082977458268275,14536,189.26070550129617,5,8,0,1,41,0,88,Malware
32,28,32.609857298811164,4235,28.76191905634645,5519,138.56772346984644,2,7,3,1,15,1,47,Benign
51,17,34.0897923950811,1255,19.627354888419234,13000,479.4528005445666,0,5,3,0,46,2,90,Benign
67,26,13.555872449154492,2089,11.534924339288729,25589,225.13363025141058,7,9,4,2,49,2,75,Malware
91,28,9.091701189285754,4067,38.330004001894,20241,105.90654863819834,7,2,4,1,10,2,14,Benign
86,21,27.771662291317927,3988,39.9300118416831,17967,364.2253007942654,4,7,2,4,6,1,11,Malware
35,36,32.889957989013446,1771,17.090130059073424,16806,192.97917620312685,8,9,4,0,33,1,11,Benign
61,32,23.02140931105624,1945,40.086902488515214,18246,326.69450201240164,3,0,2,0,23,1,99,Benign
39,39,24.035568632187402,2111,57.598637735379924,11467,160.29818184379513,9,8,3,2,42,2,47,Benign
32,24,27.888300025169006,4311,58.91478049948697,11071,493.60529404898585,7,9,0,5,5,0,46,Malware
88,13,9.592544565242246,1310,54.42464682785025,19347,488.1036746261332,6,8,4,6,40,2,19,Malware
78,32,34.20406689484218,2594,50.353929041787026,6822,362.39334067612236,8,9,3,8,31,1,81,Benign
88,21,15.929881541857844,3729,20.468391835666562,23408,382.8810487288243,8,7,2,3,14,0,83,Benign
60,36,23.847212778267878,2281,17.821759124796507,20382,270.35155651666054,7,9,4,2,6,2,33,Benign
98,22,19.058480614999787,2581,32.24738011426773,6184,484.87173816726755,9,3,0,1,33,2,33,Benign
91,23,19.04542939294535,4585,40.981587565927626,19599,269.4958481484804,1,8,4,0,45,2,13,Benign
81,14,26.082331163591643,4505,52.5339342004189,21763,195.7871989632241,9,8,2,2,32,1,49,Benign
70,31,34.83986896616763,3176,21.598152056840078,23511,146.15144384156162,12,9,3,4,12,1,23,Malware
60,25,24.771795514878544,3828,33.98239502601663,19760,183.25012012575422,1,4,3,9,39,1,35,Malware
51,39,28.821773947182056,3373,42.372012097842294,13807,328.88540157148884,2,5,0,6,45,0,21,Malware
33,16,5.828481717868104,1789,32.27969272672095,5435,198.03668717571963,6,6,0,1,22,2,36,Malware
42,24,29.312821071944548,3064,32.709683853964215,10017,361.6997713790179,7,8,3,4,14,2,15,Malware
74,22,13.999276453048914,3746,21.255858051413952,24533,252.87380795401867,5,6,1,0,35,2,36,Benign
71,35,8.801055351039945,4056,59.3330452455538,6547,454.7491621668977,0,0,3,0,24,1,23,Benign
78,25,8.400022563431175,1341,33.75966417037217,26274,323.39122698623095,4,8,2,4,35,2,31,Malware
49,21,25.396244425088803,2002,36.637097270274595,13643,349.04162124051044,0,5,4,3,15,0,58,Benign
83,16,34.9285050812165,1837,20.92796456434145,20773,322.6239211970708,3,1,1,5,13,0,29,Malware
65,25,24.985852951186992,1627,35.70683591659093,9355,454.2275096764097,12,9,3,1,40,0,12,Malware
30,32,12.87044450200327,3818,22.767477926715337,20157,125.36782717167654,9,8,4,1,46,2,82,Benign
44,32,11.09917913008819,3925,20.116812569173323,20710,126.93948283629805,3,0,0,2,21,0,89,Malware
46,36,20.77871297804122,2272,23.786112547146722,29481,380.69609796989937,5,4,3,4,3,2,82,Malware
53,22,6.951178980521099,1709,10.137982425264049,28235,407.18556081927136,1,8,1,0,8,0,58,Benign
87,38,16.979924987815615,3896,38.507555600084196,27702,273.4357673127871,4,0,2,6,14,2,34,Malware
52,32,24.987047120173624,1738,29.374000276142162,5711,240.92208322170535,5,1,4,4,44,0,36,Malware
75,12,34.029868274254525,3224,54.93445095969651,27203,211.17802648216525,4,6,4,5,43,0,11,Malware
37,24,17.769603434468156,2778,12.035358680626059,16881,193.7579543334191,7,9,3,5,10,0,31,Malware
88,37,11.006718212219198,1945,12.160015042787506,26889,464.78343587144207,3,1,2,0,33,2,75,Benign
88,12,29.520872101183528,3404,54.293675865629176,12439,218.055818544469,2,8,2,0,8,0,57,Benign
42,16,27.325985745818492,1494,16.332232110217063,19521,359.23151832447866,2,8,0,0,4,1,62,Benign
68,39,30.791116646142317,1034,10.10800520620009,11020,414.8379121534488,3,9,3,0,9,0,10,Benign
57,27,11.441561826286764,2430,18.94569318565069,13358,108.78663137903234,8,7,4,10,1,0,63,Malware
90,23,17.144965875495053,2991,51.19380875488021,11286,113.54965995327464,6,1,0,0,23,0,48,Benign
45,27,34.44663313169113,4718,50.13570413800511,9588,233.2549618549477,3,9,4,0,13,0,19,Benign
31,28,9.741269593291205,1817,27.006610542172552,23503,378.4062977254813,8,2,0,5,29,0,21,Malware
46,23,25.143524574663132,1009,43.4015458629926,12511,204.3194541049399,5,2,3,0,44,0,46,Benign
59,29,12.115533846417922,1985,35.36248536679139,27674,100.5933161729001,6,7,0,2,30,2,55,Malware
42,15,20.00477018847633,4766,55.2367494922953,29052,215.2591599775668,7,7,0,0,39,2,26,Benign
42,38,29.015289373870637,2737,12.821173770871116,10457,136.0523266574051,5,5,2,0,23,1,12,Benign
72,17,19.65758157667457,3578,50.65895643683159,6108,187.76532231692929,0,6,2,0,21,1,94,Benign
50,35,29.164450799357304,2558,18.529933471373003,23224,233.27600027971903,0,0,4,0,39,2,85,Benign
84,35,17.790047163210378,3142,29.581044871587967,16130,151.22294202750072,9,7,2,1,13,1,68,Benign
69,16,34.980587896100985,3623,19.597857571738295,24238,382.545890979064,9,6,3,0,31,0,36,Benign
44,29,18.074847026606303,1449,45.13072047970695,24598,202.3680928024753,7,4,3,4,13,2,24,Malware
81,27,9.481384359134793,2243,43.91630898766289,14526,364.43791972198494,7,4,0,0,26,0,54,Benign
82,27,17.056085469477466,4065,37.394880084951346,24824,339.61314112846776,8,1,4,0,49,1,50,Benign
81,24,27.277795539266904,3143,44.90815184018276,10826,459.2181950774944,5,0,3,3,24,0,76,Malware
59,29,30.438132732758856,1864,41.978239030233695,6719,135.1732689378677,6,8,0,0,25,1,14,Benign
62,31,18.80309897528787,2800,48.8221027842134,7860,185.8432445454659,11,9,4,1,47,2,43,Malware
86,28,22.83430523175319,4452,21.970332564527435,14162,446.0713716175904,10,2,3,6,4,0,72,Malware
81,31,30.34670203478871,3716,31.445630747036027,16704,428.85258255427726,7,4,1,1,21,2,94,Benign
38,30,29.406385399949595,1206,17.581326467711435,5066,176.8422228728203,2,7,0,1,7,1,22,Malware
83,30,24.731717160833984,2809,31.479678211009702,29285,143.09440477844964,9,6,3,1,6,0,98,Benign
30,11,29.450813127525645,1849,45.08458757101706,25229,442.49658584807753,7,6,1,6,6,1,23,Malware
73,17,22.27732275105911,1245,44.56955803921758,22310,171.2552227298819,12,9,0,8,43,0,91,Malware
38,30,5.13944506775842,2734,45.47134516474714,8605,448.4438824283181,7,9,3,0,39,0,70,Benign
61,20,6.2380035320666956,2997,25.438376432217826,21724,484.44587975109624,1,9,0,0,31,1,12,Benign
44,27,34.394251977145494,4868,43.11069868954619,25133,188.32265543026816,8,3,2,2,9,2,12,Malware
41,32,9.349761260081156,4581,28.373315979446907,21485,436.155039968382,6,9,1,4,2,0,54,Malware
86,22,17.13549226470388,3931,57.224602305252496,16577,269.5324359929052,9,3,4,3,21,2,27,Malware
37,18,33.01433825029904,3130,27.168318294016938,29517,415.5113699013983,11,9,4,2,7,2,41,Malware
56,18,10.851184541991483,1316,40.1509117022194,21284,262.9582163915373,3,5,0,3,1,2,53,Malware
91,26,30.31374033399502,3692,47.5072857096088,18239,128.15823949348678,10,9,0,3,7,2,46,Malware
41,16,29.548027044787712,4176,55.32037145131706,6133,385.07810904546574,0,3,2,0,9,0,36,Benign
94,18,34.58988963654019,3417,31.896430172695545,26386,160.27545596143162,6,6,1,0,25,2,49,Benign
71,31,13.45045500944505,3796,28.0242554104134,18743,470.8100357266796,8,1,0,2,48,0,33,Malware
91,10,14.459760661404378,4652,31.50140876582945,22211,267.0985132082805,5,6,4,0,13,2,65,Benign
40,11,32.0863400317336,2719,26.184817577489042,15918,132.8000591638318,6,2,1,3,31,2,45,Malware
72,13,12.022371776068386,3677,42.6962245033657,10149,191.39200590959774,3,7,1,0,6,1,15,Benign
46,23,21.437028709613273,3227,56.635838200429205,28402,445.00704698707784,7,4,2,5,46,1,80,Malware
61,13,26.220348775731686,2806,16.30355032446834,20832,228.43418784966127,9,8,0,0,14,1,87,Benign
69,11,13.15652735788657,3649,38.04610323850785,10091,442.5311979918758,5,3,1,0,49,0,26,Benign
52,17,33.152388363342766,1599,54.88243626801655,21768,168.91469535685957,7,4,2,1,30,2,70,Malware
85,27,24.97092644221761,2106,15.005727232800878,5008,287.2872494309178,4,0,4,1,22,1,36,Benign
35,28,6.414179248094751,2555,34.69327053831404,22697,451.30379671464647,12,2,2,1,4,2,53,Malware
79,23,9.072125937827417,4690,53.2614797930223,18263,119.36193292930261,5,3,2,7,29,0,79,Malware
66,29,10.723447102746908,1840,55.02261058560412,5978,221.71087311184817,0,8,2,8,2,0,12,Benign
93,34,12.34872091980349,4572,35.717608057645826,25107,463.9406357755143,3,7,0,2,30,0,48,Benign
83,19,26.920321100883093,1347,11.247594223385873,23474,338.61053108321727,5,1,2,2,24,1,44,Benign
78,26,7.668057342664043,2295,15.281958921391084,16368,386.4928524088539,1,5,4,3,16,0,75,Benign
40,17,15.517840168284035,1330,39.33583726206169,24486,436.85137543696294,6,3,1,0,25,1,92,Benign
78,37,32.34149969984005,1609,16.19293032331725,25137,309.43857050764666,8,4,3,0,1,2,96,Benign
50,23,21.70003059011012,2944,17.47088884556354,8744,438.14636040864,13,9,0,3,12,0,26,Malware
95,30,12.964896915156071,1743,48.60585488910569,11930,355.5058282673633,2,8,3,5,39,1,18,Malware
92,32,33.71168889440929,4958,47.534602928775016,6788,374.26018022540086,10,3,2,7,16,1,18,Malware
57,17,12.329476759060473,1568,52.138637971273596,22626,161.14178206725578,1,4,0,0,27,1,44,Benign
46,14,32.152988638029285,2684,15.286756825305282,15199,475.6075316938816,8,6,4,0,29,1,18,Benign
35,25,26.773090208436667,3436,19.907244054840888,13304,418.43374017396627,3,6,3,5,29,2,21,Malware
48,17,27.215631108763585,1970,51.64807149293253,20067,201.67839845885982,3,5,1,0,4,0,76,Benign
85,19,27.948179552048483,1746,46.0543804348896,8766,331.99786655322123,3,2,4,3,38,1,94,Malware
57,36,20.197079361716277,3184,50.297806391402005,24715,250.58636194446441,0,0,4,1,44,0,66,Benign
95,17,29.437361780080064,4850,59.487283745396105,11155,364.1607995239646,3,8,3,4,32,1,52,Malware
67,18,30.08579293257471,2764,53.2215803077851,16734,497.49873728098805,11,5,1,3,48,1,31,Malware
66,27,15.814601650283512,2384,36.023162542488016,6363,118.29855885745806,8,2,0,2,45,1,69,Malware
97,12,17.01033554649126,4904,25.538409239862872,16111,481.00945518544984,5,0,4,3,44,1,39,Malware
78,26,31.662701556170774,3329,38.483829328735055,15485,128.9565328574601,0,5,0,0,41,1,40,Benign
72,29,20.74187781288573,2225,41.92932751172262,20609,284.3058543363112,3,2,4,5,4,0,89,Malware
65,24,31.00830487825607,2018,26.765607062981047,11652,292.84368023737443,13,0,2,2,34,2,74,Malware
87,30,23.803083852734222,3791,48.54685187423392,8375,207.4897818399234,5,4,4,0,34,0,82,Benign
42,36,22.807032702471272,3578,14.637689632894338,17151,326.67971442387454,6,0,0,4,2,0,74,Malware
81,26,5.929428598335856,1015,48.969642534085494,21251,433.58565853545076,5,2,1,0,28,0,96,Benign
87,17,13.336831935222493,4052,11.599925934097424,10632,217.58487248450928,7,2,3,0,47,1,46,Benign
61,11,20.061729407069542,1567,34.89830303607451,8432,128.16197506085504,9,5,1,3,1,0,91,Malware
89,26,22.619515164041026,4940,53.07182317416331,21074,352.91348025650495,7,3,4,5,23,2,13,Malware
87,27,23.913035870022025,4185,14.324763701069879,10438,400.6980516593007,3,7,0,1,38,1,19,Benign
85,38,26.486684750348513,3024,35.88694682470849,19942,481.809203918428,6,2,2,6,37,0,36,Malware
57,14,24.687002968808955,4139,17.96957194806582,20653,163.80985873735318,8,7,1,0,19,2,11,Benign
30,18,30.457301221874012,2613,54.74078750304676,28036,460.54394632192214,13,6,2,5,27,2,64,Malware
71,18,13.864110286625401,3077,51.61727635168151,12688,292.849390875645,5,1,3,2,43,0,77,Benign
77,11,24.247099569976772,2542,56.69586216467438,10893,194.3032948096166,4,7,2,0,12,0,49,Benign
69,11,6.534785425888138,2931,53.74911707650468,22733,485.0993880785078,8,0,3,6,1,1,17,Malware
92,28,19.405702319660836,3711,46.827665493299534,5307,195.3717082145292,7,8,2,5,13,0,24,Malware
33,32,13.040988978556776,4046,19.244459779425142,14538,393.37767429437275,4,6,4,2,47,1,70,Benign
67,36,16.42661444884088,3922,25.125130783445034,18919,413.95471136165173,7,5,2,0,1,1,16,Benign
56,12,15.639882552948773,3069,34.84275791540037,28439,272.20762096956474,10,7,1,3,45,0,33,Malware
38,26,6.812920314579132,2454,39.44483907573618,12809,375.99393789077806,11,8,1,1,10,2,29,Malware
45,23,18.999374022541268,4101,49.109169765660496,10736,328.9908300117004,10,7,1,3,14,2,64,Malware
85,23,34.838878639746596,4003,21.347981409353046,17998,176.81310097324706,11,5,3,1,40,2,14,Malware
60,23,13.968081705094509,2702,16.413869707348162,13055,403.95515284541534,7,3,3,0,22,0,16,Benign
43,15,27.08437915004752,3707,34.130508529681805,29093,471.20645793457373,6,8,4,8,46,1,11,Benign
54,12,21.43365004761307,2433,17.892070543646028,13109,295.4552218876561,7,7,3,4,37,2,83,Malware
63,10,14.75675901594421,4120,44.68684011647861,18916,497.72410162670326,1,7,4,3,20,0,86,Malware
96,39,7.688211811772635,1324,38.78154450458587,14704,271.1861254139443,9,2,2,5,47,2,30,Malware
53,25,11.475737022956372,4559,47.05538985094424,20296,291.89463026857084,13,9,0,8,28,2,12,Malware
55,38,28.455606184707317,2321,13.17182798275542,7283,369.5590055894539,5,8,1,0,12,2,62,Benign
49,13,13.370605322559362,4845,58.23487802221019,12552,174.30805768973752,3,6,1,3,16,0,23,Malware
93,38,9.329074472355595,3228,10.0002768337869,17216,460.7784039788826,9,0,4,0,1,1,62,Benign
39,10,14.938950213820192,4873,26.272120750676738,29518,420.5091188557869,9,1,3,0,18,2,89,Benign
96,26,22.521288566830705,1121,43.98173966831199,25162,448.96691455671174,11,1,2,3,4,0,72,Malware
53,37,26.103894928699972,3171,12.257103693105943,26759,343.82343180163497,8,0,4,0,6,2,63,Benign
34,27,16.6209451090874,2476,14.167479067880347,6382,453.4991844717972,5,0,1,4,49,1,81,Malware
96,35,19.944414712350472,1265,13.834071861411015,24998,371.98899491122205,4,3,4,3,44,1,33,Malware
87,17,18.647500761003847,1027,39.07548633604897,28479,304.6243599143038,7,6,0,3,35,0,87,Malware
56,11,5.270100497702806,2282,54.7962657519269,14175,472.7163215938863,0,5,0,0,12,0,59,Benign
44,36,16.868014245675447,3124,37.771848885613096,22408,275.8879075286005,11,6,0,3,27,2,15,Malware
64,27,22.61959430516246,1431,40.17856761398358,29693,300.2279421967496,8,7,2,0,29,2,97,Benign
82,36,22.09834149247283,1878,27.30008256039947,7526,167.81749233069985,10,7,0,2,43,0,35,Malware
73,36,27.493026750027404,4777,10.937057932776614,20012,479.06360394358416,1,2,2,0,17,2,43,Benign
55,25,25.11127731306016,3941,11.080735887560818,27986,188.42112338492228,7,6,4,3,37,0,53,Benign
76,35,13.304203913484612,2058,54.415498324045565,29203,180.56636967666665,10,5,2,4,40,0,78,Malware
63,19,12.66931014676888,1435,15.128621935982336,22427,140.4778416924683,1,7,1,0,27,1,86,Benign
79,17,18.924253941903025,4185,59.98946859062976,23889,281.34378046078757,8,2,3,1,6,0,76,Benign
41,21,26.989090031649646,2085,18.221130575563905,17006,209.44581995123315,0,8,0,1,36,1,14,Benign
33,31,7.814819197278932,3099,43.731722197759474,16711,396.3124002125772,6,4,3,0,45,2,95,Benign
77,25,33.449797491084865,3163,57.447773609045285,29142,223.00864808162135,1,1,4,1,7,2,94,Benign
84,21,21.29459371119295,3094,28.11446388210131,7687,388.3081046897578,7,3,2,0,43,2,97,Benign
30,20,14.192251848005021,3485,46.72165943739947,8156,178.38443311051586,7,6,2,1,20,1,48,Benign
95,29,25.80173692644278,4483,27.542832172116757,21959,191.98633736003327,6,0,3,3,10,0,62,Malware
59,28,6.341774487293054,1100,25.247052838072268,16039,422.4696641766021,7,0,4,1,15,0,17,Benign
32,10,19.531907473491884,2302,20.090204128771944,5402,248.43742076990557,4,8,3,2,15,2,77,Benign
50,36,19.57908942391427,3154,51.046745344943226,13444,144.70959024187712,8,2,1,0,23,0,45,Benign
78,12,9.85925854728051,1982,22.869353180457395,6629,484.5615220353632,0,0,0,0,10,1,79,Benign
91,21,30.121634478256496,4106,24.15790814529288,29352,170.95686257744455,7,6,0,2,4,2,78,Malware
67,39,28.904363560407624,4048,59.948487109938874,20293,160.07884746478297,11,6,2,2,33,1,15,Malware
44,18,9.58197183361127,3406,26.36552177226599,7709,243.35282534064794,5,1,4,8,12,0,11,Benign
81,30,15.914818806901325,1886,31.138724441602445,20724,138.2535076925294,3,7,4,3,9,1,10,Benign
75,38,8.012886698926637,1799,59.502772888741745,17956,162.24655038046754,0,2,2,2,27,0,71,Benign
54,31,30.458262705175905,2025,28.465017270871314,26207,438.57783901397977,9,2,4,0,11,1,38,Benign
50,14,14.699603112459226,4822,28.307600361793348,16523,168.60274228386743,5,4,4,0,32,1,96,Benign
34,10,18.179489235729584,2515,51.38572331069301,9043,144.57072546501536,6,1,0,3,15,2,27,Benign
99,19,14.716158500616993,2903,25.596518424384605,7659,451.9830147525049,6,3,1,1,7,0,12,Benign
76,26,14.30078049394853,2913,21.689305182120357,10241,277.518603244974,8,1,1,0,26,2,89,Benign
97,13,27.41906761245767,2295,31.160512758766114,21003,162.865176564971,3,8,2,0,8,2,40,Benign
47,24,27.426987025394695,2167,45.03204002880963,18828,332.6069722018078,4,5,1,2,5,2,31,Malware
50,28,20.533645114417084,1434,12.162151248963267,14170,116.60233595036753,6,0,1,5,2,2,17,Malware
52,36,24.72850847978943,2474,28.69580136092834,8816,270.95302185182186,9,8,0,3,2,1,31,Malware
93,17,20.3498959207387,3651,27.312245097292017,24110,336.1255305501374,1,7,1,0,10,0,86,Benign
96,37,5.857676298191451,4804,22.24091736310163,5568,482.84801210452343,4,1,1,6,17,2,38,Malware
69,37,6.980192993897974,3613,42.714366795217245,17830,230.58590551389605,11,2,1,4,13,1,89,Malware
39,32,16.51221708538494,1915,24.499504020683865,9105,406.02043861457776,8,6,3,5,9,1,19,Malware
81,24,27.492390758851826,3275,40.336577950400155,17444,153.07992556205173,5,3,1,0,16,1,55,Benign
90,36,32.396786844030345,1544,35.21684207273135,7772,273.43294001359993,8,7,3,3,7,2,43,Malware
93,16,5.8912491604025785,2237,20.85949354129493,17428,189.25389195218753,4,0,0,0,12,0,65,Benign
34,24,16.04090158060421,1647,23.328302852109083,9054,296.9871343505497,3,9,1,0,4,1,68,Benign
82,17,11.713473083492328,3295,18.530002665328198,29261,266.89274354635137,5,3,4,5,31,0,42,Malware
84,39,29.456158434963857,2431,12.831460742547893,25382,491.9140199839653,3,0,3,5,32,0,87,Malware
66,35,30.379044339639233,2076,40.95942315524558,5136,466.99919916825786,7,6,1,1,36,1,32,Malware
85,32,11.192266030756858,2599,43.639434695716716,26170,332.88235986641496,6,8,4,3,3,2,24,Malware
88,19,26.324817603046167,3361,18.299999680433494,22849,170.60391116604796,3,0,2,3,41,2,34,Malware
98,27,26.952681119042857,4445,40.76961923430366,9771,322.7827965687544,3,7,3,1,7,2,35,Benign
88,13,10.311730903477109,1036,59.104237002878904,25216,416.83291132950893,8,9,0,3,2,1,21,Benign
31,24,18.01087751024707,1723,13.720104746891106,22920,115.21084479092276,7,5,2,0,11,0,73,Benign
94,20,23.610134163313987,2547,34.518543624943185,7324,273.61173946192935,6,5,4,0,7,2,28,Benign
89,31,5.781998207977966,1979,46.65191068219269,16947,117.05876593178183,4,7,3,1,47,0,58,Benign
80,12,17.137754991376482,1083,12.300459891486344,14571,197.58317501916952,0,0,3,3,20,1,28,Benign
59,24,9.64874698842862,3947,48.91367469988079,14124,136.84586384037146,4,8,1,3,22,0,83,Benign
40,12,21.25689503362662,2117,58.9755618546443,17037,484.23131289003294,7,5,2,0,22,1,32,Benign
68,24,30.287527503828642,4486,14.424393176637658,21013,167.5314611121421,5,2,1,2,25,0,65,Malware
92,15,20.74261815878112,2365,51.11149527329626,12260,160.04155293450077,5,0,0,4,18,1,72,Malware
93,10,6.079507886260519,1718,28.92907722560471,11784,488.82198658838365,11,3,2,4,10,0,61,Malware
90,23,5.889717367903735,1549,17.20581012170059,12303,306.3869161212294,4,4,3,0,37,1,73,Benign
83,25,23.16509437712448,4492,34.65966045981739,19446,403.19401256181897,3,3,4,0,12,0,27,Benign
87,10,14.839446755768375,2371,13.575936789060785,14259,230.92586046781403,7,6,0,12,29,2,59,Malware
85,30,22.179995104156777,3762,36.10507040835921,21594,313.1442823739422,6,5,1,2,3,1,22,Malware
63,26,9.909113267479627,4853,10.96783940020248,15582,102.74148483108925,10,9,1,2,26,2,75,Malware
60,35,28.305870585083355,1586,46.430572083636505,28910,263.5273885509664,0,4,0,2,17,1,45,Benign
81,17,30.821591172007036,4199,34.39848429057943,11504,322.0359145775816,3,2,2,0,20,1,31,Benign
30,27,31.67676806254681,2864,32.94698304675903,20690,305.7640653996495,0,8,0,0,36,2,93,Benign
84,25,14.122237664940538,1151,19.80957468710418,27938,262.3278748867024,5,2,2,0,35,0,16,Benign
51,15,24.822061028741953,4593,28.063157789738288,17795,415.1630654977787,8,2,0,6,20,0,21,Malware
69,19,13.371271613907806,2061,19.093471621083317,29807,300.65633066148314,6,2,0,5,39,0,88,Malware
30,19,27.882704624347355,4498,46.769505026786966,22187,354.4482094583758,8,7,3,5,14,0,17,Malware
94,14,8.615750066789706,4176,19.951264971651362,29809,173.84845265361074,1,1,2,0,42,0,32,Benign
92,35,27.882944333634835,3212,40.83766635258576,23951,444.60003856444956,4,3,0,0,41,0,22,Benign
83,37,18.191859129906042,3985,23.980375053387604,23531,245.13447275585256,2,7,1,0,13,2,14,Benign
71,21,30.66648471306584,2567,42.84910979616636,11396,292.841453330585,6,0,1,2,40,1,92,Benign
50,29,27.167925799584395,1211,37.02274794606711,20129,240.87791192985856,8,2,2,1,28,1,16,Benign
51,26,16.29558922089455,3573,31.171931582636,16042,456.7628704028617,3,3,0,2,37,2,77,Malware
67,23,32.106175560813575,1741,43.65004167052357,6723,460.29605878489315,7,5,2,0,32,0,18,Benign
37,23,13.50011417825931,3179,30.786103580411456,22530,189.71373784409724,5,1,0,6,2,0,28,Malware
91,12,34.009658943077696,4223,51.06853012875164,13323,401.08582230493346,12,6,3,5,36,2,98,Malware
76,38,28.01610151867053,1095,46.479922911763296,20595,141.1534182832797,5,2,4,9,14,1,74,Malware
46,21,34.72024553813568,2526,37.03194972565406,27748,111.94014132311932,3,7,1,5,26,2,77,Malware
46,29,6.617138491954327,4060,53.85303412929985,15301,434.63364540008473,5,1,2,4,2,0,91,Malware
42,27,13.221081376313924,1521,51.443091073402776,22115,152.471258207978,8,8,1,1,11,1,80,Benign
46,21,27.2379276954342,3421,36.59196973102496,13594,161.91308714439668,7,3,0,3,9,2,92,Benign
67,11,32.667491037511255,4946,13.422384685039876,27698,342.63530371760123,10,7,1,8,36,0,61,Malware
74,11,5.863124513583589,2039,38.299817609962204,10595,426.70740661758936,5,3,0,1,7,2,96,Benign
35,36,5.000278879267542,2702,27.762849478014274,14809,175.8403680164169,8,5,2,0,35,2,37,Benign
64,26,12.687278877687433,3655,37.00564714018671,21362,145.67689388491982,3,7,4,0,17,2,15,Benign
43,19,30.58336029894684,1017,42.35652302487967,5269,130.9289382003412,5,4,3,2,26,2,53,Benign
90,27,28.014593064296747,4480,42.24192874253198,18365,109.93856463418128,3,5,3,3,29,2,36,Malware
44,31,15.20832386506571,4078,43.67620217590007,28964,146.59165994322876,2,1,1,3,38,1,55,Malware
83,28,5.0603379303630724,2719,43.96343125225074,22538,477.0767638274667,11,3,2,3,33,1,13,Malware
56,35,21.641172228611815,4965,15.464070935675208,20969,138.11300503378476,7,4,2,6,11,2,96,Malware
42,30,12.138664143528526,4316,19.585616522864683,28240,339.02358963004826,5,0,3,4,34,1,39,Malware
60,10,27.36826785499531,4954,41.52705022711755,28399,468.3865555664119,4,6,0,1,6,0,54,Benign
64,33,18.390489931478783,1977,30.408619436551835,29284,351.12805631046876,5,5,3,1,18,2,67,Benign
89,38,25.358057691430012,1878,48.142582265288176,27020,113.09830180933903,7,3,1,1,31,1,71,Benign
35,13,30.569264896648708,1593,16.245464113141608,11772,338.56552288638494,4,3,3,0,15,2,63,Benign
98,34,21.072793985555098,1642,19.576149721026965,7348,461.2261227362304,1,2,0,1,30,2,33,Benign
87,13,15.07866622184877,3176,37.923232121823645,24135,229.02361403205066,9,0,1,4,43,0,84,Malware
78,39,28.08630638045747,1800,35.03740096339493,15175,225.45117182833775,4,5,0,2,13,1,39,Benign
52,11,12.955617193135335,1454,23.319857698834497,11058,199.54543548032282,4,4,4,8,5,1,99,Malware
63,28,31.745564483193025,2609,30.417162175257925,9522,302.21783477851204,5,5,1,2,20,2,89,Benign
55,30,7.142829401988074,1875,11.749063902832654,7163,195.17713844373822,6,9,0,0,40,0,66,Benign
76,21,30.06405923325634,3618,11.851905399718706,23667,389.5155085596119,7,0,3,0,47,0,62,Benign
34,19,7.746671818128532,2095,14.746350141243582,18874,357.94469896784483,2,1,4,0,18,0,79,Benign
49,22,6.684109412294472,2013,38.83962266002803,27540,260.3094461478363,3,6,0,0,43,2,98,Benign
35,38,15.897708120444827,4231,53.18582073065768,20577,389.0220231177085,8,8,3,4,2,0,93,Malware
99,39,33.69648063424484,2110,23.011164462978755,9163,139.39852257588615,5,5,4,3,12,1,19,Malware
88,31,34.50458162574807,3448,11.696991486171012,15982,399.8113613536398,8,5,2,4,20,0,10,Malware
93,32,11.06211502898478,1461,45.431355102615626,20172,341.163272633481,8,4,2,0,49,0,53,Benign
47,29,9.459126669861984,4600,52.767611950253325,9486,352.0331502746552,4,4,4,0,24,1,68,Benign
33,32,15.588599946643328,3136,16.908639263155088,19295,125.86548008899379,1,5,0,0,9,1,20,Benign
46,24,15.112605226432214,4732,29.287384797020007,18737,347.25400469131114,9,1,0,5,46,1,85,Benign
43,35,27.787786482139236,3870,17.936842029510238,15853,297.648809530197,2,9,1,2,35,1,29,Malware
42,12,18.319970622401783,3053,15.31787153046826,15158,294.3450009267775,8,5,0,6,31,0,85,Malware
36,32,28.3965075720354,4667,42.40842692371872,23810,228.74135991646577,3,3,0,2,45,0,69,Benign
73,29,27.461392910751375,1944,58.376823808906565,21097,103.04555333610735,10,2,2,7,47,1,53,Malware
44,38,22.3493129037777,1083,43.908281281038114,24630,269.0549600184634,9,6,2,6,29,1,25,Malware
48,22,30.00536299224965,4321,59.24073314038091,26895,260.36648969029545,8,4,0,3,29,0,88,Malware
92,17,10.869432396581214,4737,31.719763803514567,24860,269.1221629274546,9,9,3,0,4,0,71,Benign
64,34,9.854314869815399,2439,54.893489441368004,9183,344.79760263201734,4,2,2,0,40,2,99,Benign
64,16,27.519507755080046,4143,20.25421123331523,10911,219.962485704061,9,7,0,5,14,1,65,Malware
48,33,12.343911864658866,3668,15.895218350539654,18964,207.7533796936939,4,4,2,8,28,0,84,Benign
49,17,5.08383151461154,2135,45.126002545621816,17912,299.11251178931207,11,2,0,7,33,0,12,Malware
64,27,32.35880505933614,3219,28.570416543131792,10208,336.92707039409595,9,8,4,4,40,1,11,Malware
61,18,23.688111740991886,1698,25.88438013735508,13178,326.9313706626804,7,1,2,7,8,1,53,Malware
77,15,18.34813094023822,2820,43.5640288998829,16116,452.6566936526347,6,2,0,5,1,1,92,Malware
73,36,26.772095300271136,3320,26.674202088474406,8892,407.6576233379282,2,2,2,4,4,2,96,Malware
53,13,14.999951993458575,1529,38.62790861242607,24163,120.87595855000384,3,0,3,5,29,2,53,Benign
90,24,33.609981712862535,4751,24.972755313065218,18286,325.3901660592396,2,6,4,0,35,2,33,Benign
46,14,7.058608668422327,1318,49.18787941056257,11599,267.12568379595075,0,5,0,0,18,2,22,Benign
79,35,24.22844571987083,4153,25.61941702476577,13646,244.42051736694302,11,5,4,7,38,1,10,Malware
94,14,28.318684485838205,2098,36.749707224811004,25018,483.1583624497655,7,5,0,1,44,2,48,Malware
61,16,19.07377723680528,3476,11.158804184850586,28038,282.71831301122097,6,6,4,0,36,1,14,Benign
65,39,27.649050651981078,4531,49.58653916791964,24630,387.77395798753497,1,5,4,5,40,1,22,Benign
42,18,32.80731193635708,3894,41.0168887410988,18222,486.83478798272944,6,8,1,0,19,0,17,Benign
99,16,27.319817020378537,4417,19.611853349644782,9304,160.40005436096442,5,4,0,0,49,0,60,Benign
87,18,14.281006014089334,1248,20.768668804551258,29180,121.84650485958116,8,0,2,0,21,1,58,Benign
43,29,21.855391241576076,4714,23.124645925241104,10432,225.44809177880913,1,0,2,1,16,2,58,Benign
66,19,32.3481055357887,1386,38.82650522977809,7850,117.77770613892211,5,0,2,0,6,2,57,Benign
97,39,18.47293176447478,2957,37.41581665465115,27007,146.7058445013945,5,1,4,0,26,1,49,Benign
69,35,25.450954847471447,2890,23.69318598209447,23517,496.6839290083356,7,3,3,2,1,2,39,Malware
88,13,18.965441753866173,4784,44.703114598850185,16529,484.0715619071065,2,5,2,1,18,2,53,Benign
45,15,8.640324708210866,1362,54.45205829668656,26723,376.5170635835586,7,6,4,5,43,2,62,Malware
91,33,6.7579290762882565,4367,12.175773882676923,19630,401.19479984172233,10,4,2,8,1,2,45,Malware
33,23,33.56821878886062,3115,30.85983189113407,6721,156.1968310572102,4,6,1,6,27,2,93,Malware
74,18,23.376253202632867,3485,39.676005927240496,23410,338.0942303817368,2,1,4,5,19,0,78,Malware
57,10,8.114447393674748,4063,39.32176017684997,28033,161.76509776326506,11,5,0,6,35,1,80,Malware
95,26,30.723156754095143,2555,10.976767349475537,19300,251.35446244088095,2,2,4,8,26,0,39,Benign
60,22,20.680794095324398,2806,20.52830329243025,22570,238.13801015592523,4,8,1,2,15,2,47,Benign
32,33,28.157963367196196,4676,13.091536065606077,22534,345.58418447536246,4,9,0,0,6,2,16,Benign
37,36,8.802685868762453,4204,38.448253627496705,25596,131.87724351046396,1,9,2,0,31,1,84,Benign
53,16,32.207312954887584,4366,42.26949438347336,6429,141.384827968681,1,3,4,0,34,0,84,Benign
44,18,22.71606319046077,1295,17.98710817117388,5648,343.9727696848139,5,4,1,2,49,1,93,Benign
72,20,27.14782042247123,3694,26.65055596710363,29319,354.44706277585055,4,4,0,6,46,0,42,Malware
60,12,5.941390640505589,2991,26.49018716880105,5355,235.9529700972643,9,1,3,3,17,0,88,Malware
74,35,14.459147005970095,4935,50.990116579489175,7823,158.74845111579424,9,3,4,6,3,2,77,Malware
95,21,13.02336243186235,4939,19.732970226456665,13157,454.4319663166449,3,6,4,0,43,2,60,Benign
37,30,33.487849858636125,3080,37.41570606628292,26502,121.17951913773295,12,1,2,1,20,2,19,Malware
86,12,10.560157066410081,2397,49.146775625044214,20581,386.95020704188494,5,4,3,3,2,0,47,Malware
59,24,26.211551801422775,4876,51.47890964485239,12543,156.0178872513537,4,4,2,4,37,1,49,Malware
47,30,6.282606132478791,1031,43.32830471423665,17126,354.94956337077866,0,4,3,0,9,0,12,Benign
98,19,10.930522570827158,1554,24.976387613094143,10269,365.4623387715598,7,6,0,5,23,0,33,Malware
68,10,15.157920627630583,4875,51.152328741442815,27763,421.70385481414814,3,9,0,5,33,1,11,Malware
89,23,28.83517543624225,4937,47.108301355006326,8934,258.01003290817494,7,6,4,0,47,0,32,Benign
72,36,28.69929740185401,1304,45.22345669146346,26998,108.7185872931122,6,7,4,1,39,1,60,Malware
74,29,33.57805585229485,1792,13.366769944250358,12085,424.4197543875971,7,0,0,6,31,2,68,Malware
52,15,32.503025080006545,2131,12.163244032577477,19032,277.62720775141355,4,2,3,1,19,1,51,Malware
98,11,7.445437851350491,1095,44.76826488507898,21650,438.83592783903225,2,0,2,0,42,2,28,Benign
35,38,29.896031664340875,2089,57.23974006169654,12317,410.3939798643788,5,6,0,0,4,0,17,Benign
85,32,18.535207386200504,3568,48.686196403150966,23264,299.32272849306594,9,4,0,0,47,0,35,Benign
33,17,30.976582721892004,1229,51.573778324684426,22932,499.7597635970505,5,1,1,1,34,2,91,Malware
52,10,7.678587545933917,3780,37.24911404248952,5381,284.8300308143237,7,9,4,8,15,2,53,Benign
35,38,29.68307304522007,1357,25.229307204403696,6635,378.60184801878376,4,1,3,3,29,0,57,Malware
61,13,9.789275570023229,1401,43.88684483834421,17793,367.9215279691396,4,6,2,0,43,2,82,Benign
47,36,15.015248902080266,1789,45.59854377463463,15476,307.22668601343094,1,4,1,4,6,1,45,Malware
44,13,5.86545200870065,1098,43.76789858470035,16850,334.1401156016948,0,3,1,0,46,2,18,Benign
69,38,8.711842645614157,1270,57.335452835966024,12417,419.44350471121334,7,7,0,0,41,1,20,Benign
35,14,18.37177656237148,2798,28.358951663227824,7637,328.6453071177592,10,2,4,6,7,1,50,Malware
92,39,29.55015006903411,4980,11.982876947789174,20125,280.0593221137385,0,2,0,0,27,0,71,Benign
96,37,28.210093140951493,1361,55.422217637870475,10570,364.8329898494304,5,7,1,0,25,0,97,Benign
40,37,12.058932853289397,2187,18.024955942704064,26233,114.203614148688,1,1,1,8,1,0,33,Benign
72,29,9.55071347207843,3575,44.865916969371625,11050,143.6775500017511,0,2,2,0,9,2,41,Benign
46,18,16.677903889453102,4240,53.66022198863422,23335,150.17055200831373,9,3,0,1,22,0,42,Benign
33,32,31.49805041638654,4092,25.507069900731757,27329,270.3070654192187,5,9,0,6,22,2,90,Malware
92,22,7.742752224890095,1539,51.52076204274632,21404,448.7100959404237,4,2,3,0,2,1,99,Benign
97,27,21.287420310330507,2865,26.60290631357221,17592,357.3178391067288,3,7,2,4,6,2,54,Malware
70,26,7.664224382091257,3642,49.71289641181249,17891,489.0473915188038,5,5,4,5,49,1,42,Malware
34,34,19.10636363492717,4856,13.491493148686287,20142,115.97638775502107,7,2,0,1,29,1,11,Malware
61,10,8.803745364829467,1832,42.76214993354639,6009,388.80281794340857,3,6,0,3,1,0,75,Benign
99,31,7.410108049980943,3444,43.8569040289398,17732,225.6806229560995,5,3,4,5,17,0,87,Malware
64,24,10.725479991907543,2059,34.57129150404782,12779,109.31417456441244,4,2,2,0,47,2,30,Benign
51,11,12.657680581062985,3542,44.35454319313554,19601,430.3706759737254,6,1,0,2,32,0,96,Malware
94,25,13.287961373942744,1313,56.15918352769205,12140,165.07741737174234,10,7,4,3,44,1,31,Malware
51,29,24.358038417419984,3537,46.692741248411394,26671,185.6299639049601,8,7,3,8,37,2,74,Benign
40,31,6.649456268686437,2299,58.06480144923299,24032,236.18634346020997,11,1,0,3,38,2,41,Malware
32,14,7.424271797160924,1232,32.43061569260359,12824,415.34284674434787,8,8,4,4,4,1,38,Malware
38,36,10.661184844378013,2639,36.41453658519786,19968,349.83623166853715,7,6,1,3,5,0,78,Malware
89,31,31.16189207544266,4507,23.18693486188534,26236,205.94445433879554,8,5,0,5,23,2,45,Benign
43,28,23.858147781896985,2029,59.28008339004342,17611,167.39573533015584,12,2,3,5,42,2,34,Malware
47,14,26.91108977563867,4606,12.756836758063619,10385,143.819294800746,9,2,4,4,17,2,31,Malware
52,11,16.110864666729775,4753,27.931020880840514,21244,159.92662918790418,2,3,4,1,34,0,78,Benign
76,16,11.396610472100026,3711,24.884858238430642,19424,447.2580612311555,11,8,0,3,24,2,61,Malware
98,12,6.138840828887384,1243,29.325585656402772,20017,469.073349259741,2,7,1,5,42,1,76,Benign
76,26,19.656068599156768,3288,55.885893025993276,23836,487.18312304222854,4,1,4,11,49,0,33,Malware
59,39,22.228428926819387,4844,28.401893703425742,11508,433.89275379128725,4,4,4,5,48,1,56,Malware
54,33,31.910083831331352,4999,55.84883263500002,17159,454.9561300093399,12,9,1,1,34,2,94,Malware
57,33,31.46278936246982,3605,31.166943083160135,16933,426.44140018537024,7,5,3,1,35,0,89,Benign
54,12,17.740554754167647,4344,52.73843846101041,17105,483.222307618412,5,4,0,0,6,2,20,Benign
87,22,17.707337870103864,3122,36.08750492503344,16988,438.2603766177438,6,0,0,7,38,1,15,Malware
70,16,9.83368690147501,3330,25.56764217141575,29960,284.8010726471744,6,8,0,8,3,2,60,Malware
54,34,12.723469635277725,4779,32.467489948394366,25488,229.30172574318104,6,9,2,1,46,0,92,Benign
77,33,32.769907289626744,2558,31.219053948910172,15754,333.6847555406265,6,5,0,1,16,2,70,Malware
39,12,9.231080328056063,1086,22.995703104277545,12536,343.27333112306235,2,4,1,3,29,1,91,Benign
40,24,34.060986402309545,1880,24.48193649959534,27836,329.9658155652455,0,5,0,0,10,0,53,Benign
50,38,20.14215650645589,4704,19.32269606555272,7217,382.69053708838646,10,2,3,2,29,0,19,Malware
74,27,18.698203243004933,3977,26.800027860380418,21530,379.59063156009563,8,8,2,1,31,0,85,Malware
36,38,10.239151420590636,2172,41.220290162458554,23310,134.87771356995097,10,3,1,5,3,2,42,Malware
93,19,24.846237514474424,4221,29.32790843548156,8754,214.2089806989714,13,5,1,3,39,1,73,Malware
93,32,18.795365550867437,4648,45.61616054631461,13271,455.94407496610256,9,5,3,1,46,2,24,Malware
31,16,16.11989203739664,1159,59.348908484397654,11595,336.01402161479274,3,1,0,0,22,0,85,Benign
71,18,12.935486557558757,3493,28.85505397422425,22361,231.4098792765611,6,8,2,2,47,0,59,Malware
83,14,6.99460409044616,4867,33.131960704480846,26286,440.18345983323053,2,1,2,1,1,2,14,Benign
45,29,20.579843496532874,3129,18.20550784740488,18866,199.61691425821707,7,9,2,1,31,1,10,Malware
47,17,14.387249991759102,4078,29.610764288965804,11052,263.67994575049227,3,4,1,5,5,1,47,Malware
88,23,26.235956090083164,3229,46.34162253953397,24188,210.5019086688272,7,1,3,0,27,0,21,Benign
45,13,26.705670702474574,3917,20.870239987123142,28963,448.5399695142399,4,8,1,3,38,1,39,Malware
35,29,14.963210346133893,4013,19.10270243276146,9390,391.31547472017246,3,1,0,1,20,2,20,Benign
86,37,25.07362050700283,2549,28.818743682459587,14345,284.09025785994777,13,7,4,3,1,0,82,Malware
76,23,12.760257208384829,1477,50.93247428588657,11012,472.920332988865,3,0,2,1,43,2,53,Benign
77,21,26.815211787264587,3230,41.18285948557417,10883,470.97791221732643,6,2,2,2,23,0,55,Benign
71,11,5.482314366356659,4385,57.878968879330316,26668,384.61001046497813,10,6,2,3,4,0,80,Malware
89,22,9.548263009559383,2579,55.227021746381276,13804,456.79745329974224,3,5,1,3,30,2,90,Benign
33,10,12.350259857223087,3221,17.556859841162115,15002,387.7572485676298,5,1,2,0,4,0,61,Benign
31,29,28.18806460959519,3061,12.127638730360731,24962,351.28474701696706,9,8,2,9,7,1,72,Malware
88,16,6.991287592532256,4371,29.95473670973771,25548,268.313207170603,9,1,4,0,28,0,35,Benign
56,37,10.641714311465929,2960,36.10397394093198,9651,209.3879048419243,6,5,3,4,41,1,36,Malware
56,34,15.758723165155823,3120,35.77853076093572,7956,124.10294347350619,0,0,0,0,31,0,48,Benign
36,18,5.275249824587327,4806,16.705363388552765,10781,420.34798860272036,10,2,1,3,17,1,14,Malware
92,37,27.86362926123226,3561,16.24087160773052,8206,148.86523233372418,1,4,0,0,14,1,82,Benign
75,35,21.803154490164037,2745,12.343037788960185,21257,264.13969626392264,2,6,3,0,19,2,96,Benign
92,26,32.020381610600516,4844,52.54299630277002,22213,193.853685698131,11,2,0,3,7,1,45,Malware
41,30,5.930930976348363,1601,57.38720690340894,9597,281.8505196280963,1,8,1,0,47,0,10,Benign
42,32,13.141720512989608,3390,15.784251010898583,14165,225.99353018696777,2,3,4,7,23,2,61,Malware
72,22,26.937549723101064,2419,20.65611842745558,5659,431.87753850196884,3,8,0,0,2,0,17,Benign
46,32,25.254482583469233,4917,14.493144236745517,12805,491.27142449592884,5,2,3,8,12,0,10,Benign
92,19,12.291723218141238,4835,53.87510855704175,5760,476.62191030675507,9,2,1,1,48,2,83,Benign
65,25,22.870632049041866,2918,57.935436676812046,13523,348.9479675095621,2,3,3,6,43,2,16,Malware
37,15,28.81272959323261,1332,23.089828836044504,5958,491.7106190010727,8,1,0,0,11,0,47,Benign
98,25,6.001421100038442,1354,25.179191496768745,14950,260.28906329836866,3,4,1,2,29,0,68,Malware
65,20,26.528851906082444,4630,28.133484220646977,10840,308.9949775795005,12,8,0,2,35,1,69,Malware
57,35,12.562911953419267,1846,35.123187969036564,28183,202.73993284369976,9,7,2,3,28,1,76,Malware
76,29,33.43553865602397,1162,44.12304893224634,9408,459.19301285985017,4,7,1,6,32,2,16,Malware
59,12,21.14660664083325,1115,35.219529162731206,6855,171.88364845438412,10,7,0,5,7,1,17,Malware
52,37,6.001585478938434,4474,57.55007908381206,21738,344.1949893291837,8,7,1,0,17,0,43,Benign
45,38,17.102918563476656,2102,14.994672926074934,10621,419.78164747486727,5,5,4,3,2,1,49,Benign
43,18,33.98935574658457,2470,49.93027561375315,7272,338.1594987306932,2,6,2,3,22,0,51,Malware
81,24,26.911189797326408,2906,26.724154540673553,25578,131.51008714787994,7,9,3,5,28,1,41,Malware
66,37,14.014370110593866,4079,28.87738440432738,19642,344.5787514996577,3,4,0,0,2,0,78,Benign
58,22,22.258018829415988,2046,45.441472185511266,9890,406.83172884459674,4,5,3,8,28,2,22,Malware
96,19,22.973040668587885,4852,56.46885549371895,8162,175.13126354118015,6,2,0,0,20,0,64,Benign
44,29,5.700444823496307,3838,45.81003892767884,25264,394.781142382059,7,4,1,4,11,0,21,Malware
76,33,10.36500083747666,1542,48.79302876896983,11517,451.43108322949047,2,9,3,5,45,2,83,Malware
75,22,21.553308149366835,1413,47.538962107939945,13395,494.58339788877674,2,2,2,5,21,0,10,Benign
81,26,17.08257675472067,1681,26.048930299186242,25349,264.02370551371223,6,4,0,0,18,2,94,Benign
48,16,10.701134435604823,1641,47.84652165911239,5608,110.06495302977308,12,9,3,2,31,0,16,Malware
50,37,28.180062045925098,4978,49.22603801099008,13076,267.63160016881886,8,0,0,0,3,0,19,Benign
93,15,19.66984642036288,2432,36.67001603252564,6140,364.0911360648249,8,0,4,2,36,0,90,Malware
66,22,14.299194271005474,1668,36.83781193334082,17353,456.54601515990134,8,9,4,7,41,2,46,Malware
56,37,9.850320392472378,3069,47.98604015312419,9874,475.2423169293119,3,5,3,0,42,1,57,Benign
84,26,23.334900883748926,4709,50.85154311122037,9996,463.83031481282825,12,7,4,4,19,1,74,Malware
58,24,24.987839079841127,4474,26.859772101533522,26307,363.1839090076356,6,3,2,1,48,2,51,Malware
49,13,25.087916497312857,1968,50.078110878764534,18697,373.0092170320683,9,6,3,2,7,2,22,Benign
54,37,11.608620808661083,2704,50.71045033377056,13173,100.95352286482364,1,4,1,0,30,0,32,Benign
99,24,22.860152216670564,4749,21.706282045928965,11235,245.49249736358934,2,1,3,0,11,2,66,Benign
92,23,32.162193945752826,2180,45.8475372658358,10196,462.74249444656954,9,4,1,4,11,2,28,Malware
65,30,15.595628022889624,3377,19.326696091807918,12917,375.8470656856956,3,1,4,0,17,0,41,Benign
31,20,11.323007979255323,2045,14.652455649406463,20611,287.16830042986743,6,8,3,0,32,1,19,Benign
51,33,28.164485480622858,2495,38.72715060251138,5738,141.70096595337185,5,0,2,1,4,0,91,Malware
45,13,10.306488204783541,2287,55.43260993916995,19183,198.52666637371436,0,2,4,0,6,0,17,Benign
47,12,12.612461611846758,4374,11.772951176288162,28871,321.9690071269978,13,0,4,4,30,1,25,Malware
98,11,8.019331829358874,3949,51.32508187974609,15892,459.00060544069515,2,4,4,3,43,1,44,Benign
83,29,13.036229482240078,2798,35.32356053517533,8723,138.3249390582582,8,3,1,0,41,0,67,Benign
59,36,17.310051986449352,1723,53.04477243606149,5657,161.50217775019456,7,5,1,8,46,2,90,Malware
74,19,6.924735858289734,4536,52.173846758552344,28696,362.0020305476542,6,4,2,1,13,2,57,Malware
48,39,31.151267326919015,4235,53.764340240814434,24110,217.65989259882656,1,6,1,0,1,1,57,Benign
63,22,20.41024376650057,2159,48.44369774033367,14301,167.88151660464393,9,6,0,0,11,0,32,Benign
42,29,22.64310895665591,1251,52.14961772734975,24596,171.37438603487436,10,9,0,2,16,2,35,Malware
72,38,16.13857269300363,1204,18.801260360060184,27572,297.04529043862965,0,4,3,2,45,0,64,Benign
91,35,25.095056886617357,2879,25.19265744374708,29421,333.49770241686366,3,9,4,3,49,1,32,Benign
51,30,17.953452075530922,4373,22.124308540364822,7164,461.739786693424,9,0,0,5,42,0,59,Malware
81,38,27.83941323617735,4313,47.12141518640302,13338,311.9268755768342,10,8,1,5,25,1,32,Malware
81,32,29.642064305462217,3879,17.682155968356795,17247,376.5094325977733,4,1,2,2,46,1,63,Malware
65,34,25.15547335659568,4998,19.11138951888943,11802,172.2743810793201,5,6,1,5,2,2,65,Malware
48,27,19.740068575226914,1790,53.94823603609713,26524,385.3841147641397,4,2,4,1,27,1,54,Malware
67,30,28.46808051806683,2084,45.29410964564191,9631,359.47743557405556,1,9,4,2,48,1,80,Malware
99,25,19.828559342145475,1464,53.76899889595434,8229,186.47282501862048,7,5,0,1,20,2,21,Benign
86,20,8.345297131087062,2841,16.967762913034527,26551,367.7509860221637,12,4,0,4,30,2,31,Malware
49,19,8.490206697323186,2325,29.949020228065116,25898,184.59681772981241,3,5,1,5,17,1,26,Malware
38,18,33.45749418899004,2495,24.15755850381588,10229,337.43111004797834,10,9,3,4,25,2,86,Malware
61,21,11.406890253736284,4882,10.484054263982475,24984,367.5398818421604,9,4,1,5,44,0,57,Malware
33,39,29.47774973065929,1393,24.226148021935344,28009,377.3402178189533,8,8,0,2,16,0,87,Malware
79,38,12.401162218250857,2630,28.97916259889397,16830,463.70663709502435,1,7,3,0,21,1,80,Benign
34,28,17.923402815704492,3028,14.610981862135594,20496,479.1349419988814,1,0,3,0,18,2,59,Benign
49,10,24.648443362944324,4068,38.32437789134099,10196,424.0791809605447,10,8,0,4,10,0,92,Malware
66,27,9.766015186877123,3707,29.158633123631656,23701,451.4992452731077,3,1,1,1,46,2,68,Benign
51,23,27.117394650916324,1911,12.323083113877273,5921,107.73155324342115,0,4,2,1,6,0,48,Benign
87,31,25.69738917669615,2282,45.19894324339884,26171,245.0672434921346,2,5,0,0,17,0,80,Benign
97,30,21.29248667317349,4613,46.463991692055174,27154,115.88888579637656,5,9,1,5,12,1,69,Malware
73,10,21.976692681272972,3577,51.723572148471746,25274,189.93814294356662,1,0,2,0,42,2,26,Benign
63,26,8.173153805647711,2210,34.27702999334913,12849,252.68972911200262,9,6,4,6,33,2,43,Malware
71,20,18.07847451305367,2235,58.43293986672549,25721,447.03020404726857,11,7,4,5,36,1,84,Malware
38,29,7.597141860728738,2058,55.70320722662282,25413,304.7016344771133,2,0,4,0,30,2,18,Benign
36,37,14.235898731005319,2170,37.56758125500658,7978,359.54442044311486,6,9,2,3,23,2,48,Benign
97,24,32.00936423271901,4353,32.247596553470856,14279,245.12623787357018,7,3,3,1,3,0,76,Malware
48,13,22.236002016643763,4618,10.151721395146144,10777,341.16636270002937,8,1,4,2,9,0,32,Benign
60,24,27.28110314458045,4659,45.54972658696169,27925,426.21459957079196,3,4,4,0,3,2,49,Benign
64,31,22.21657602127677,4655,38.24772520248455,28415,220.49655279084112,3,1,3,3,46,2,13,Benign
86,31,10.827102740199471,2272,56.877207274304034,7096,472.9026791848555,0,8,2,0,9,2,66,Benign
90,35,22.844249473396744,1056,39.711606262062205,10572,185.32539835408443,8,8,2,1,19,0,25,Malware
60,23,27.661642319165747,2892,59.642804694636496,23576,467.72052261464836,5,9,3,1,22,0,68,Benign
82,31,9.152150086010824,4376,52.69096359316452,22300,111.31901813875827,10,4,0,1,14,0,94,Malware
61,10,29.507201302837544,3569,57.679896790747655,17685,317.100911099906,8,4,3,0,31,1,34,Benign
95,35,21.661765369348874,2748,26.383138564251947,26150,494.0691611064221,13,3,1,5,48,1,14,Malware
88,18,5.1282560650634395,1360,17.46679973836332,10422,343.91149070288634,10,0,1,5,34,2,10,Malware
39,36,20.59335459013931,4308,49.84360568975627,24472,321.94464921447036,11,9,0,5,23,2,29,Malware
31,16,16.87014476410489,3281,49.30985514845663,9176,372.98809870198454,12,2,0,6,33,0,20,Malware
95,32,13.893395338699627,2948,20.572446970278158,15423,215.7208991287872,8,3,1,8,41,2,41,Malware
89,20,28.137716597536258,1222,48.23723270674564,11610,121.56613563114544,2,6,3,3,28,1,92,Malware
46,32,31.984996509765526,2639,39.098667902070304,12238,200.42569967273624,0,6,2,1,21,1,48,Benign
45,11,27.879592680353305,1326,15.476257245083648,27617,170.4988668600957,3,6,1,2,26,2,54,Malware
45,11,30.403177447726197,2121,35.089179878510436,25047,469.42769471449554,4,6,3,5,10,0,66,Malware
75,15,32.26342829633519,2249,56.55690004193392,6981,440.90481146494176,3,3,1,5,23,2,91,Malware
68,32,32.378879341294336,2757,35.32287727226144,22772,227.08555342342402,7,8,2,1,3,1,45,Benign
60,28,8.439144289902725,1835,49.434949477673605,29778,434.4277225172388,3,3,1,5,10,2,51,Malware
30,38,18.691564666614845,3536,11.445499332097826,24686,184.7010754592537,11,5,1,3,45,1,97,Malware
40,29,5.008594231787309,3525,46.404070643129685,21098,179.83170147183108,11,0,2,4,40,0,18,Malware
33,23,20.193877541110176,1984,57.34186930687386,25485,407.0141715841342,7,0,4,2,1,0,33,Benign
55,37,32.727318030313725,2357,34.97638924464679,15596,230.7722450269241,5,5,1,0,28,0,88,Benign
79,12,10.973068711945203,1791,26.88549565127932,16712,125.9170557698305,3,0,1,4,13,0,56,Malware
41,16,24.19359886299739,4626,42.332525244344865,21096,387.99463237379274,7,0,1,1,39,0,55,Malware
94,16,24.33137139253681,2886,55.81306075466097,8217,495.8405520369327,6,5,0,4,47,2,95,Malware
76,13,9.810619540633189,3559,18.838482526667146,15294,326.39108593076594,8,7,0,0,43,1,68,Benign
82,38,12.15582317952381,4060,30.184710501135488,10816,205.46703012830915,12,8,2,5,14,0,19,Malware
31,32,18.860653518807233,1381,17.814514049092057,13338,249.16227747205048,4,5,3,13,38,0,11,Malware
53,14,10.646281293630363,2446,34.832711610994636,9681,359.4598234395263,1,0,0,1,1,1,51,Benign
33,26,22.549819355735274,2371,37.02110065152795,20827,380.551844869166,11,6,2,5,2,2,16,Malware
48,35,19.536251930668072,4224,57.210180736083004,18407,454.532889158421,11,1,0,5,6,1,10,Malware
55,13,20.575945355371196,2874,30.62575768838137,12658,463.5341489276656,8,6,3,1,18,2,18,Malware
69,32,9.034026584616656,3499,38.34783067698491,11052,444.5114048999984,11,9,0,3,18,1,51,Malware
79,22,20.517554763159303,4361,54.26312870270762,5853,359.3963704899497,9,9,4,5,22,2,35,Malware
72,25,6.484345731624179,4807,26.070250008807935,5247,279.9409479277135,0,3,3,0,47,0,88,Benign
96,25,31.446058940350447,3008,43.7081934483795,18836,371.72219375103504,6,0,3,3,12,2,66,Malware
41,11,15.297490724167773,2142,47.85809244110482,20429,366.6261829437889,6,8,0,0,11,2,31,Benign
96,27,30.690119745071225,1213,26.52641173435047,27876,187.1931685222353,1,0,0,0,9,1,96,Benign
56,10,26.049691062345314,1564,18.217059276532225,9537,303.0214517608446,5,6,1,3,47,0,12,Malware
83,27,27.98517767891543,1731,35.14547709511366,15495,183.28590557496284,6,5,1,5,28,2,20,Malware
95,35,14.436334836167683,1438,27.84008650666508,14601,459.64951239414114,6,6,3,0,42,1,65,Benign
78,39,11.832318195021655,3802,23.3231215896107,16963,229.29916344026228,4,9,1,5,39,1,95,Malware
45,17,17.202216615233446,2588,58.67106553470525,7463,422.17039562364613,7,0,1,0,19,1,71,Benign
31,20,5.72677587238398,4985,35.10765093507666,19654,250.89082594321175,10,0,1,3,20,1,49,Malware
89,33,32.562670306050485,1628,52.82388469217119,25121,405.49445662430526,5,5,4,0,4,0,87,Benign
83,33,16.610427978983736,1902,19.76587052716796,14177,188.3649819419181,7,7,1,1,27,1,25,Malware
59,24,34.65669814530695,2470,56.97213824495653,27165,405.49728701262285,1,2,1,0,1,2,14,Benign
67,25,27.843482624222386,4914,49.72157172845109,11473,171.81281379785418,2,9,4,3,27,0,62,Benign
57,26,7.4154502939793145,4113,50.43460780945712,12311,296.3270161059329,6,1,0,7,46,1,81,Malware
54,26,24.80564833527728,1394,29.488243759796433,26750,145.45069791575918,2,3,3,0,41,0,75,Benign
39,21,13.125174945138653,1246,34.281849653884315,8134,311.1592323240204,3,7,2,0,28,0,20,Benign
89,19,12.311559367441404,3952,39.667716294934,21041,428.2857400365802,6,8,0,0,35,1,54,Benign
71,29,12.696880097096386,4362,49.48827681025324,9000,402.21878100862,8,5,4,2,39,0,71,Benign
69,15,32.48225146078451,3295,52.452837603021884,21173,120.28608613649787,13,6,4,4,1,1,96,Malware
71,17,19.999405282141247,2636,13.902265467596722,12670,296.87102853610696,5,0,3,3,47,1,74,Malware
76,22,25.084126964348176,3646,55.20311937665873,28787,440.89012416330627,6,4,1,0,3,2,83,Benign
66,11,13.42843477399102,3912,56.874832625213045,14612,360.0413961270445,9,5,2,1,4,0,15,Benign
51,38,20.688633655553545,2472,39.64437021783928,26280,123.6805276077622,5,9,2,0,27,0,76,Benign
86,28,15.503004146335694,3131,19.337530662745298,21506,230.2528093776587,13,5,2,3,37,0,92,Malware
56,31,14.634171211892022,3820,50.92074163517447,23701,322.6347554922567,8,5,0,0,23,0,38,Benign
70,19,12.409065439106367,2244,37.429380727479945,27535,169.06059008574576,11,6,4,9,27,1,88,Malware
63,13,17.270206954802017,4737,50.85982268581898,28257,372.76562688070544,2,3,2,5,25,1,96,Malware
61,21,24.800903318900687,3098,50.74040632946583,27869,353.9385637460337,2,4,2,0,18,2,58,Benign
95,27,11.661313282013271,3597,14.336465784289622,13877,180.97771206482514,5,5,1,0,38,1,17,Benign
41,16,33.9633196063205,3818,40.35107141853321,6661,320.15918591796117,4,8,0,0,2,1,98,Benign
69,29,8.738350293909999,1980,34.15721496343606,12482,424.68742235871497,1,3,4,0,10,0,97,Benign
39,33,19.40621623164309,2210,57.305973499975885,24259,249.93067991087256,5,3,3,3,44,0,61,Malware
77,33,7.550846490660482,2548,24.832064596269817,28275,198.7946300001501,7,6,1,2,34,1,21,Malware
49,32,5.679959632070299,4294,20.30000530954625,17092,380.48822938121924,7,0,1,7,26,2,10,Malware
68,35,32.6803195909509,3512,54.85434280095774,7163,128.32172560456013,0,6,1,0,27,2,13,Benign
89,34,29.311543818519024,1418,17.435778445005237,24222,433.0695228348805,9,7,2,0,32,2,69,Benign
95,13,25.82466119376675,3134,44.32597293622309,24844,477.38358690564485,2,1,3,0,37,2,52,Benign
94,16,30.955724394498343,1258,25.000990692090543,12252,485.914802068005,8,3,0,0,11,0,53,Benign
80,19,29.08545268909186,4252,38.39228777487388,12799,273.01550172627134,9,3,4,0,49,0,39,Benign
65,35,24.417131629591765,3358,40.81097164206305,18475,349.28113638701984,6,9,0,2,29,2,49,Malware
53,24,30.420269773051075,3220,30.868464097898336,5554,442.94582298820814,5,9,1,0,13,2,22,Benign
56,21,16.724016603803157,4393,58.74824901185479,16399,189.36959601717373,7,5,3,4,8,1,39,Malware
31,10,21.582554997053784,4778,16.591658404248957,12925,111.0810675032023,5,6,0,5,24,0,28,Malware
60,29,28.28931958935937,4411,29.56995445183785,9008,253.82649299409744,10,6,0,5,29,1,29,Malware
86,27,7.543940487390399,2519,31.51976634371579,25985,453.7484236070668,10,3,1,2,1,2,47,Malware
95,34,30.759364014874517,2268,41.552347449809076,6816,302.0287646181954,10,2,1,5,13,2,72,Malware
58,25,9.70491367089815,1939,30.362987909725955,12539,312.0875794049143,7,3,0,0,25,1,77,Benign
44,14,30.936237586926175,3552,14.851800568608162,19569,376.5896180943552,4,8,0,8,37,1,32,Benign
41,28,14.33998614898781,3376,57.37149990904131,20474,329.8069041497019,11,9,2,9,7,1,98,Malware
57,13,14.803485379076553,4951,30.803954081934283,21572,121.79065561520753,12,6,3,7,22,2,20,Malware
53,15,7.218460696091038,1195,27.133686360853627,22824,324.3440500587973,0,2,1,8,33,0,40,Benign
50,35,31.576988716872485,1061,32.33610620870024,6220,359.18354035502216,0,2,4,0,47,2,85,Benign
39,26,10.235312071726087,4096,20.82978410644612,23981,356.63831112891955,6,4,4,3,15,1,50,Malware
47,16,23.901497061110458,4635,15.011084233432545,28051,391.33766363121225,6,7,1,3,3,2,66,Benign
43,33,24.31902797760567,1561,17.42892395544313,18947,307.96811083885837,10,4,3,3,8,1,39,Malware
63,32,13.434545102439376,4449,18.33274135017798,16060,460.0235191008649,8,5,4,1,39,2,89,Benign
87,16,34.569828723704134,3944,19.883671910794757,15253,285.70424536981693,6,8,2,1,48,0,91,Malware
51,18,6.9249865433325475,4366,30.998010611309613,7907,307.27458920487277,0,8,1,0,1,0,17,Benign
99,22,23.23616032974555,4123,41.19496345220768,27067,412.1223025131716,2,5,4,0,12,1,45,Benign
65,29,19.38631782371567,3891,41.44439190133663,20604,433.29399028616433,7,4,4,0,31,0,86,Benign
74,23,12.36452321441824,1039,10.004878478096343,6715,359.3445867992251,6,7,1,0,28,2,91,Benign
65,25,9.906551339688393,2767,56.047883344919995,20661,150.54928506532855,4,0,3,0,19,1,71,Benign
51,32,27.112530744769593,4643,51.142359026616084,16727,232.7808376651889,13,2,1,5,18,0,44,Malware
90,18,32.48944623443559,3775,58.19690197180199,19248,108.06222094401537,8,5,0,0,13,1,36,Benign
85,24,8.226387858641672,3037,27.999317236509643,12809,218.17992326259667,3,7,4,2,35,1,15,Benign
62,14,10.819406363180164,3504,43.23996383446985,11110,328.0977165045633,9,5,0,8,38,2,73,Malware
74,27,34.588092418866964,3925,18.401037462804858,21995,422.0922957387489,6,9,3,4,22,2,83,Malware
65,30,5.450680227136239,2875,50.8516513610168,15701,334.2599094409311,5,5,0,0,41,1,46,Benign
49,29,20.2475590895877,4780,18.068386147718442,5283,115.95786228881448,3,3,3,1,41,1,56,Benign
47,17,20.48338550245443,1787,26.299285040387478,7670,203.64258394931824,4,6,1,5,13,1,53,Malware
67,24,12.894845754373215,2876,34.541742797349166,20135,331.22467258092206,4,6,2,0,36,1,80,Benign
96,30,24.890866413309823,1001,39.72658344263752,22995,383.6190886410895,6,0,2,3,41,0,89,Malware
52,34,33.34822719281041,2492,37.98165121433658,17821,446.58154000777114,1,2,1,0,47,2,75,Benign
45,18,18.506417928697314,2129,15.104800585499863,13873,487.05808645687546,13,8,4,2,47,2,52,Malware
88,28,27.482585162035715,3263,31.083800143192548,16631,456.71464851699943,6,5,3,2,6,1,66,Malware
98,38,24.382107778143748,1776,56.145463210291126,12164,286.93119475512697,5,3,0,5,8,0,56,Malware
97,35,19.188255906251445,3726,53.61842638759258,20516,398.7718044379027,7,7,2,1,24,1,98,Malware
50,31,6.49436899409614,2782,39.53917616273199,12630,196.2111199097139,8,6,0,5,37,2,99,Malware
99,15,27.25249414871826,1413,38.616228772680074,18891,125.53231780294709,5,9,0,3,16,0,99,Benign
41,13,15.897543413643888,1209,15.58375913246651,9256,122.0276056263903,8,5,0,6,19,0,27,Malware
45,20,11.734840652072627,4129,20.01297261551517,25653,196.5222738716833,4,3,4,5,38,1,29,Malware
43,38,33.44805949364512,2963,22.631987130204802,20240,115.01643405846367,9,3,2,0,46,2,76,Benign
90,19,28.20508308641486,3090,34.40978642619028,22906,440.1089655739983,3,7,0,1,48,0,66,Benign
75,12,33.86806045030809,3185,46.56780240478594,20909,295.968302984472,7,2,0,4,3,0,10,Malware
61,10,12.686507964967701,2644,33.03626778021291,7073,424.3600162767116,2,8,2,0,22,2,83,Benign
44,21,30.073799827336618,4560,16.303052091869887,23173,475.9593107432275,8,7,0,2,36,0,93,Malware
73,32,23.231642127859075,2583,31.967443850569023,8370,497.5631546202055,9,3,3,0,22,0,65,Benign
46,24,34.44511067909659,3685,18.13166268744442,7484,474.8656037914582,4,2,2,1,23,1,17,Malware
70,24,33.38950836840972,3516,47.557367584644226,15010,386.62271886839267,10,3,0,3,1,0,57,Malware
83,30,34.18904134828107,1725,18.32504302022895,11902,276.7918607363856,13,1,4,6,22,0,67,Malware
73,23,33.55302855019826,4984,34.126699477222836,23442,339.1939356244766,4,5,3,2,16,2,73,Benign
34,35,5.22982600671317,4711,44.670680133054645,12405,426.59854716382654,0,2,1,0,42,2,80,Benign
56,16,27.232562304520684,2412,21.40990319726043,7666,459.0218020437337,10,2,4,3,46,2,66,Malware
72,26,13.158036836289252,2221,13.80150538186632,22817,482.5873874415524,9,0,1,0,3,0,60,Benign
60,33,26.15081286657584,3249,38.16497380373744,8384,392.24227962279593,0,7,1,0,2,0,49,Benign
46,28,34.41833603761726,3239,12.710133175219624,21906,315.9814196486649,9,7,0,0,39,1,93,Benign
83,16,6.180781720962765,1106,39.3884321484084,23077,487.3486839281028,6,8,3,2,10,2,12,Malware
91,37,22.009634973180514,4777,47.67492687931007,9183,483.4499847071167,5,4,0,0,36,1,72,Benign
61,12,27.04859474350308,1326,26.465799583615325,20344,291.0211350340845,5,3,4,3,39,2,20,Malware
69,39,12.600763466444207,3797,34.41747045403461,5597,359.46335619785134,7,8,1,0,40,2,67,Benign
42,12,11.753658112014273,1643,56.43809191124733,14837,423.70685915685596,10,2,0,5,16,1,85,Malware
64,35,6.81036516205643,1356,33.55544320877762,12495,273.2316426739234,9,3,4,4,13,2,55,Malware
34,34,7.817595715042268,3642,59.82770306966945,23720,431.7510506732559,1,7,4,1,34,2,21,Benign
58,38,24.702497325450846,3548,17.850120567883643,27601,144.58218899409454,2,1,1,3,42,2,17,Malware
99,27,20.156318570958526,2307,45.44669512416446,29067,292.46068834107257,6,2,0,0,22,0,54,Benign
54,39,5.902166824458378,3515,42.6309299098627,23098,293.04499955559135,8,2,3,2,19,2,95,Malware
51,29,34.08985276258298,1507,53.61524067631636,18088,373.8628224671609,5,7,4,3,18,0,93,Malware
95,31,24.68137608466415,4805,14.622160599527037,15976,146.56520407014278,11,1,0,5,48,2,24,Malware
74,23,20.46405707048025,3153,24.010329575090836,8176,141.28417338011258,11,7,3,2,10,2,58,Malware
98,12,13.181727098792699,4365,16.60896128801676,19412,460.2379249622037,9,6,1,2,19,0,40,Malware
30,37,24.742966544225098,2089,56.65475611359607,29778,221.49658578134466,4,0,3,0,27,1,55,Benign
73,35,15.925035886481382,1194,31.331766232262854,7898,230.76895132321545,6,7,1,1,45,0,49,Benign
68,39,26.074824879874686,2211,55.503292276753456,22648,410.74461867803484,3,0,4,4,14,0,40,Malware
83,35,25.477157609202926,1046,24.720349717941133,11943,265.96361444462764,5,8,2,8,12,0,29,Benign
58,16,7.78231385372388,2385,16.318405068082594,11850,433.1695016395675,4,0,2,1,45,0,11,Malware
83,16,32.27782124932975,4056,24.82686364930082,20731,260.587492465607,10,4,4,3,12,1,15,Malware
45,14,19.609227548050438,4942,39.85871796640245,20564,404.23990648309666,10,7,3,5,22,0,87,Malware
49,12,16.788348168996617,3584,52.26162958922954,15651,310.1239831398873,0,3,2,0,9,1,35,Benign
75,27,33.66386430886335,2601,29.269534661249843,6554,474.3312505352924,7,5,1,3,35,2,96,Benign
96,24,18.14627843333635,2510,55.74043296267421,16934,230.9555891834672,9,0,4,5,45,0,98,Malware
94,29,26.636627507091934,1846,22.211602983896434,28763,245.0762380156569,9,2,0,0,14,2,46,Benign
87,23,24.654094317495083,2602,44.67703436518834,29628,487.99460649760726,4,4,2,3,24,2,80,Malware
82,38,9.9542029424917,1708,46.78566752411361,5671,395.01003918657796,0,1,3,0,3,1,68,Benign
30,13,34.73428321229411,4317,23.698145966530802,13274,409.02693544973334,3,0,4,0,36,2,75,Benign
95,36,18.908129668726602,1807,11.348493915026372,17512,218.39069957883294,8,8,2,0,48,0,73,Benign
58,33,16.843477172519258,3659,28.26186710253777,24952,312.81775891565405,7,7,2,2,26,1,26,Malware
99,17,32.5884047825969,4249,12.259807365306804,15669,225.41639417169387,13,2,4,3,46,0,57,Malware
37,38,20.8771500973133,1114,55.037688770108886,6451,203.94755474372448,9,5,0,5,46,2,75,Malware
58,30,26.15230885787937,3727,57.676263146702894,26697,314.09647505088674,6,7,4,0,26,2,21,Benign
80,22,30.38738141786033,1630,46.76899579730002,10237,495.1042496999535,6,5,0,4,40,0,89,Malware
62,31,12.064831871735551,4236,46.33422926569169,28362,185.8490588857422,4,7,4,8,46,2,41,Benign
32,17,10.083997555835886,3266,22.04463347058653,28422,197.0079436350157,9,2,1,7,35,0,27,Malware
89,24,7.055204167730179,1196,13.696278827904232,27427,197.25159533787794,9,3,1,6,7,2,71,Malware
64,26,31.91399897738196,1400,50.10523179304583,28522,416.680904645316,8,7,4,5,29,0,25,Malware
98,14,11.011012842294463,4901,37.95809657766838,15317,304.19282444586577,7,9,0,0,5,2,14,Benign
49,29,14.232621321931816,3796,44.08137653935875,22463,253.9070626923766,2,9,2,1,30,1,33,Benign
68,13,13.574207782368532,3728,48.9820534043115,12985,437.5159337468765,8,7,4,0,12,1,58,Benign
33,20,14.137639625671847,3039,30.471713447613443,14474,218.99625534421438,4,5,2,0,25,2,84,Benign
48,27,25.041833804861554,1075,17.227329498915886,5534,256.88715946984587,12,9,4,4,14,0,73,Malware
74,19,33.62340676221615,2449,49.75183996814477,20009,129.44822371737138,6,5,3,8,49,0,55,Malware
72,26,14.883603078726212,1286,32.68828196142037,17040,147.56404075000674,5,8,0,5,31,0,51,Malware
42,39,17.229414639760904,2568,51.34621154279663,12761,154.6924266884636,8,7,3,0,43,0,97,Benign
42,24,28.134409523258334,2322,31.88495733800064,9666,238.79009537692068,2,2,3,2,48,2,87,Malware
89,15,17.97013832563058,1860,20.850820422865304,9673,309.6341041950774,8,6,0,2,47,2,10,Malware
86,32,32.78128303778142,1741,18.550250832689116,15645,100.29772595563244,2,8,4,8,12,1,99,Benign
81,30,20.096541522356496,2730,47.196087827958394,7162,175.97292459993287,6,9,0,0,3,2,35,Benign
82,25,15.432045672908462,3341,38.744456139699835,15018,170.26000807641242,4,2,0,4,25,1,77,Malware
72,24,34.14717451202809,1808,30.230145023234325,8998,201.3387395154067,9,8,1,3,45,2,99,Malware
71,17,17.773456281925398,3933,34.6058378095666,28001,166.43237042129175,1,4,1,3,23,2,13,Malware
55,18,11.935246135641277,4518,37.48193026432699,20089,178.05127246556455,6,9,2,3,30,2,25,Malware
52,20,10.331024443685987,2959,21.9708220912898,28885,493.5521443855991,8,8,0,7,5,1,89,Malware
72,36,34.85543977484977,1413,28.908278984884458,8692,337.8921036618451,1,0,3,0,33,1,49,Benign
57,11,27.589630793865474,1430,24.620573255486754,12476,405.0772659412787,5,3,3,0,40,2,93,Benign
38,36,17.259793923655423,2813,29.42119233728136,9059,427.7373508322754,9,8,1,5,12,2,90,Malware
49,22,29.7909002855657,2253,35.02811067589524,13522,367.07223897037807,5,8,0,1,49,0,58,Benign
85,13,21.404183885434552,4167,18.667876952718295,27047,381.63210801089724,11,5,4,5,30,1,93,Malware
68,36,14.521687208998173,2918,29.675753132444402,18270,352.9133778141137,5,9,1,1,17,1,51,Malware
80,18,27.30157426207878,4510,29.274722165346176,6527,359.7493912185191,8,5,1,5,15,2,20,Malware
41,14,27.376842166494555,3218,24.300190842113135,17375,471.37985169503776,7,2,3,6,43,1,71,Malware
84,28,20.005076875524047,2340,59.9248162401226,12051,174.2953895501911,2,9,4,0,3,2,64,Benign
40,31,6.354750210664891,4913,13.681375449714569,21957,209.89201433050766,11,4,4,5,43,0,36,Malware
55,12,7.310674597210029,1543,42.147556964286785,11146,137.30341952749495,2,7,3,4,11,2,94,Malware
71,39,28.662484370038136,2514,18.72193032682178,12550,434.9297851857088,2,1,3,0,14,2,38,Benign
56,30,29.704291279646398,2411,51.97619946425912,8695,279.50212945113947,0,1,3,2,17,0,41,Benign
40,12,25.34869245731547,4036,55.709826800465045,5523,462.8418242190097,8,3,4,4,32,2,50,Malware
67,15,30.17205726253049,4628,30.07389913044794,14363,264.67028529854895,3,8,4,0,35,1,21,Benign
72,37,26.584624110728363,1071,51.17392247103548,15745,277.04566323260406,2,4,1,2,30,2,60,Benign
48,19,31.908038615267483,2022,22.49547246750302,17371,279.34260051503327,5,2,2,0,5,1,33,Benign
93,14,9.51194817839841,1531,17.003425366463077,14613,344.9972368724023,6,7,1,2,13,0,35,Malware
35,39,16.632245849806203,3286,25.79391332013055,15423,406.4496467863449,11,6,0,6,34,1,62,Malware
75,34,18.923323816724576,3758,27.083700694552363,7216,240.51691044688747,2,8,2,1,21,2,30,Benign
71,12,13.929913842746407,1576,29.867877239278947,15347,352.0661813689279,8,9,4,0,26,0,40,Benign
94,31,26.760993444483322,4771,28.64794709789094,11336,181.5869747027739,1,5,1,0,38,0,16,Benign
88,33,32.373164380674204,2112,30.557222642525197,14043,321.6188418005799,5,1,4,4,6,1,26,Malware
81,16,17.37446597807829,2945,45.5016682902565,20573,318.633959937472,9,0,2,0,4,1,68,Benign
76,31,33.246258937939,1712,22.27900664328676,26863,455.4863462593148,9,4,4,3,18,1,49,Benign
36,39,20.5030672143217,2558,10.928779788256085,18406,458.33808953989086,1,6,1,0,31,0,27,Benign
40,27,20.675468804481532,4879,34.484027569063585,29094,294.8844633198303,5,6,2,0,24,1,62,Benign
90,32,23.006586220332697,1641,32.414562210243204,14371,109.8397863113536,5,1,1,5,9,2,74,Malware
97,17,13.049931953579762,4225,13.003249492171523,8595,437.84878024726765,9,5,1,1,27,0,93,Malware
54,10,16.50081557405111,3637,16.690070075070686,25751,100.24898822606878,4,0,4,3,8,2,94,Malware
41,34,21.59712358656484,3237,35.49604473424469,27240,291.30145420301744,8,0,2,3,26,1,51,Malware
55,13,33.259486567197854,1811,21.737538000978965,15051,107.91606305338273,4,1,4,2,13,1,47,Malware
41,33,24.280777353656553,4486,53.879914707072345,26385,241.03651774240916,3,4,2,0,45,1,41,Benign
72,35,14.993496736661285,4225,18.664624322974756,5737,354.70587442662963,9,9,0,4,49,1,31,Malware
80,16,5.314057199495079,2014,11.006131592425813,16004,248.48036122163228,11,9,0,12,5,0,70,Malware
66,23,34.44996949789717,3672,32.37818846955302,15984,470.7565434307425,10,1,2,1,19,2,98,Malware
75,22,19.789536734551863,2362,59.308155530412776,24202,356.3054533779235,7,9,4,1,47,1,41,Malware
82,19,33.15485474992313,3021,41.69362631532382,18086,358.5775490218961,12,2,3,4,14,1,40,Malware
42,32,21.480357015051585,3676,27.701486063096223,18491,249.77481838774787,8,8,2,0,45,0,67,Benign
83,27,23.16394580666866,2540,10.843400573392916,10342,115.41740971850385,4,4,1,3,37,1,86,Malware
86,10,26.357367677119164,3936,34.24742198711134,23547,395.2718893967824,6,2,0,3,32,0,89,Benign
33,13,14.629272009932167,2861,20.323300106921515,18248,386.4978922177862,9,4,2,6,15,2,65,Malware
78,37,25.969518820251036,4106,42.3877042723323,24460,312.0500108015269,0,2,2,0,27,2,92,Benign
36,25,20.80375729554151,1783,39.15042468656506,28300,266.5072157030763,9,4,2,0,17,0,50,Benign
40,25,25.1743984874752,1670,23.26068876935925,13718,315.3268200034486,7,9,1,3,34,2,24,Malware
83,27,30.0749978272952,3769,13.44413671093358,5448,398.72616166015416,1,5,4,1,27,1,55,Malware
74,17,10.52687390815952,3573,47.75095990201673,16412,385.1141723151461,3,8,3,5,27,2,68,Malware
52,19,23.40652731007279,3584,39.27320472964711,19436,363.2438649312761,2,1,1,5,8,0,74,Malware
57,25,6.563339858295097,1846,52.106312475431416,21326,461.5109069613317,5,2,3,5,48,2,60,Malware
86,32,8.063452668471106,2241,22.990000781835814,28818,343.95535092012136,5,5,0,3,26,2,22,Malware
55,33,25.23782707206761,2277,42.643103239020604,11873,105.8038590180149,4,1,3,3,38,2,33,Benign
54,20,7.1281295542495835,4043,15.934025026434249,11697,347.22553425410194,2,7,3,1,14,0,96,Malware
83,15,22.860733394419217,4274,24.590495395842183,9161,345.02369826811173,5,9,0,0,9,2,25,Benign
58,10,11.600377959541564,4172,42.826955593868476,12996,127.8544654021753,8,6,1,3,12,2,58,Malware
65,39,14.12254485535244,2384,51.27906525723966,15043,271.09190172638444,4,0,1,3,15,1,41,Malware
43,38,8.889095064422792,2764,26.046275087167345,29461,360.43850478333104,5,4,0,1,34,2,25,Benign
64,38,12.46002458518518,4782,49.942677827825065,5119,381.80049269922074,3,4,1,2,45,1,52,Malware
59,21,29.63875354457984,3961,43.887623013664125,19580,457.21985009518545,7,0,4,1,22,2,97,Benign
46,34,24.166352168195825,1177,27.43373857537999,25868,436.5523922839522,7,5,3,5,12,2,62,Malware
96,15,33.49279384138565,1275,53.81984688722196,17574,146.62072372437297,2,1,1,0,25,0,30,Benign
59,37,6.462345660612659,3359,35.461453301771556,24231,343.5137706549658,3,2,3,2,33,1,42,Benign
74,22,28.77235991552206,2665,42.41234112730411,23174,338.5925644786586,5,4,1,8,48,1,68,Malware
80,35,25.972315498382738,4481,34.781567095174005,17705,221.49916707103978,3,5,3,0,42,2,69,Benign
76,26,12.826769155926081,1790,32.6359980245384,24401,173.64228244715702,8,1,0,0,44,1,36,Benign
82,10,26.875001084317535,4359,52.39888586194282,21734,179.80346359756055,3,3,0,0,40,0,38,Benign
93,17,26.496456497438608,2676,24.735220751931287,15394,171.01910761604935,8,2,0,2,4,2,42,Malware
67,31,18.780356091762314,4596,11.831461118186233,26841,422.5054689659946,2,0,4,2,5,2,59,Benign
93,17,25.659188565611267,2424,53.98913217724806,14744,159.35722026323532,8,3,4,1,16,1,41,Malware
36,33,18.337427090451957,2240,51.25119765255915,7250,205.75679093672215,1,5,0,0,46,2,55,Benign
51,20,15.066367881736165,3745,28.328023728480638,26444,187.1153618086856,8,9,3,0,45,0,37,Benign
70,23,18.994728810107485,4541,19.27255693526056,19196,385.1427329636127,8,6,0,2,4,2,60,Benign
39,33,31.853884444783738,1026,43.77668215242355,27967,163.35835775685266,9,5,0,1,19,2,35,Benign
86,19,16.537513785806546,3960,13.938045181781963,24621,109.62598104339153,6,0,2,0,44,1,57,Benign
36,24,17.110645323699917,4801,31.187737776940423,27906,249.69016876729282,1,4,4,0,13,2,67,Benign
79,16,23.252096828661507,3469,14.293116077001557,16701,222.03770446039468,3,4,4,1,3,2,56,Benign
81,16,27.58998426300864,4085,39.89548376643814,29623,259.08188198230033,9,5,0,5,5,2,72,Malware
62,19,27.038625809334693,3548,11.3604191904815,27231,401.5262956453504,8,4,0,2,15,1,56,Benign
30,13,5.5939619035447175,4725,41.46191878171558,18277,104.94676355806472,5,8,2,3,27,0,79,Benign
82,34,25.622459990565595,3955,43.66027866446983,19128,115.08304069502353,3,5,2,0,33,1,28,Benign
89,37,18.516621442967804,3372,34.357223731257555,20016,202.25785274632312,4,8,4,3,20,0,88,Malware
63,27,20.722699026633723,2347,18.750366464880592,20381,455.68339451193043,6,3,4,0,41,2,90,Benign
33,36,21.849900108289376,2590,15.069696931360362,17216,167.6298002391055,10,2,4,7,34,1,74,Malware
46,34,26.951588513247962,2726,25.664617406850162,21321,498.8151827126427,9,5,4,6,17,0,28,Malware
33,19,29.93998950824939,1284,33.260333980000624,10394,422.2770264285468,5,0,3,3,41,1,76,Malware
72,28,24.387828338967083,2112,42.110415842242226,16376,282.4546212516851,4,9,0,0,7,0,90,Benign
33,23,21.917216624180035,2068,10.06250637592498,23276,399.1448980994427,6,4,3,2,44,0,55,Benign
30,22,16.213077644381055,4715,45.55319596176816,22281,307.526049974765,7,1,1,7,37,0,87,Malware
79,24,9.136346576958427,3545,45.635596606263825,6738,326.3969058559437,10,5,4,1,44,2,84,Malware
90,25,33.75733044934592,1911,32.22689032462499,18856,332.30869676754037,8,2,4,1,40,1,89,Malware
64,11,18.855268769759228,4569,27.17032228739759,16194,359.4882051454485,2,8,0,4,37,1,63,Malware
37,38,21.9863673349218,4649,52.11542823351793,17933,124.30567601223595,9,1,4,0,15,1,91,Benign
53,13,27.532194183092514,2814,49.2293741015614,25490,346.59924197454,6,0,4,7,34,0,96,Malware
65,30,7.0523145493948745,4907,59.1638044258862,16290,386.7794327434043,1,6,3,0,3,0,58,Benign
79,27,30.650330270111944,4731,28.596540266947603,7503,224.28925401468516,13,4,1,6,2,1,36,Malware
72,38,28.91077230027222,3192,55.34163024285492,27444,491.4315321893428,12,0,3,4,43,1,65,Malware
56,26,28.232857457295232,3995,14.370094294647615,26534,157.77803440457774,1,4,2,8,38,0,53,Benign
61,19,5.659481202032252,4589,30.573303312542613,28130,464.1770090113549,4,3,4,5,34,1,84,Malware
47,36,20.795565542312424,1081,33.26870593743295,14662,370.5797631782866,7,0,3,4,35,1,86,Malware
57,30,6.6280511219731055,1979,32.04371581017291,24883,365.7257912754934,8,7,0,3,48,0,53,Malware
58,18,21.526177365418736,4706,41.25490942155619,16944,450.4090639678662,7,3,1,1,20,0,32,Malware
45,24,26.553449787665674,2190,18.510391941908445,16822,432.6916845202559,11,9,1,1,17,0,99,Malware
76,37,8.655507507752686,2772,53.3226085863126,18252,238.17377291977948,7,6,0,0,31,2,51,Benign
88,21,25.84649316431866,4176,37.58820092698197,7561,382.14792092628454,9,5,0,2,17,2,73,Benign
60,30,18.485985379559217,2825,55.210477400663216,9494,120.24103307477122,0,8,4,0,10,2,43,Benign
33,37,29.3465879203346,3535,10.131582201074238,21350,285.60737289032386,11,0,1,2,23,1,52,Malware
66,36,21.00766818140903,2773,41.499405679649826,24987,475.1109042897258,5,9,0,1,30,1,93,Malware
46,35,15.083646075039463,2333,30.622892342741643,21770,209.63577912052898,9,8,2,3,37,2,97,Benign
68,18,14.959746902711258,3007,35.25495308747288,11761,119.98831562620663,9,7,1,0,44,1,35,Benign
77,23,31.92459560022752,1081,47.190225539014264,29358,333.17799677656615,2,4,0,4,2,1,11,Malware
75,22,18.58614753755397,1093,21.35758741683448,26833,242.03990522658424,1,2,3,1,41,0,22,Benign
77,37,17.17261691529263,2344,20.2449717607194,29713,251.87338803968262,4,9,0,0,6,2,12,Benign
68,35,6.196208668937468,1342,45.15039088685715,8751,332.98287482272605,4,1,1,13,39,1,21,Malware
33,15,15.92973815346205,3844,36.06828794720901,7700,348.6356237392878,6,8,4,5,13,0,36,Malware
59,28,30.488811648332746,4880,21.681954903084517,10844,274.9287862327979,3,2,2,5,41,1,23,Malware
59,13,27.829629695978273,3408,34.20093173347077,13491,303.01969687579356,7,3,0,1,24,0,83,Benign
51,29,11.627396083897992,2854,32.97792028885797,21415,497.3023026983222,8,5,1,5,3,1,47,Benign
95,26,17.391698696405097,4999,44.572221370765575,23888,482.859183213822,5,4,0,2,29,0,85,Benign
41,28,10.897390282452466,2089,10.13305518096397,13733,382.92682880972166,5,5,0,4,16,0,49,Malware
65,12,33.626504505041204,1623,39.338013288574146,24840,164.591810775593,5,1,1,3,24,1,84,Malware
47,38,22.94353635606607,1867,40.28390752561377,21930,243.98403359501367,9,4,3,5,4,1,59,Malware
82,23,27.63064377645646,3476,47.27550685939599,22367,453.2352896347303,4,3,1,2,7,1,75,Malware
30,26,26.414259490303373,4472,54.46152330177245,19759,269.426366471674,2,0,1,2,49,2,71,Malware
87,22,31.210680901702506,1170,32.00948985558444,25524,482.14705975051334,5,3,4,3,20,2,19,Malware
35,18,33.479833356363784,2782,27.12601121544422,19267,295.32071330361146,1,1,0,5,15,2,15,Benign
99,36,5.973385213271733,1577,15.116018875564315,29955,444.70765368205065,3,6,0,5,9,2,64,Malware
73,10,34.25903539699857,1067,26.84179224466165,21880,114.1515598111992,8,6,1,0,39,2,51,Benign
53,34,31.116273893176388,2515,13.424233222220385,23299,273.6654779171099,6,4,3,0,35,0,70,Benign
48,26,16.48842226094289,2057,50.141010267072744,26438,380.1047402996625,4,0,4,5,3,2,31,Malware
47,25,30.112077276712114,1000,50.350307392291825,29110,445.4258129372971,12,0,3,2,25,1,56,Malware
59,27,27.096739469928483,3198,30.861882864738906,17695,343.85315712849115,8,6,3,5,3,0,28,Malware
71,11,28.793431300690752,1901,22.98206169382454,29760,169.30481037644753,6,9,4,4,15,2,83,Malware
62,23,11.62073098517166,2807,15.901003772613588,21872,454.31766609303486,8,0,4,2,11,1,56,Benign
41,31,24.456911058069963,3305,52.56185830109232,15257,329.92526506958285,2,1,3,5,24,2,19,Malware
56,32,5.777776828978725,1749,53.874763919270265,23104,143.20727270028453,1,3,3,7,6,2,54,Malware
68,36,30.446873976585465,3675,23.314480729490704,18383,285.5387109559339,9,4,3,0,21,1,69,Benign
38,26,33.53128917427367,4659,41.08802742338818,11778,379.5773574105183,6,0,0,2,14,0,26,Benign
50,12,24.86370321905864,1794,22.932683239519434,5170,280.4062985265517,6,0,0,0,27,2,88,Benign
58,11,20.38008959528006,3066,21.25633135717894,13591,448.31604290582175,7,2,0,1,13,0,52,Benign
62,17,26.771932680892135,2819,11.060402531570764,20245,269.4777258243088,3,0,0,1,23,0,21,Benign
91,34,14.790838646738509,3082,38.857970879303124,16784,333.38107581326443,6,2,4,1,2,0,93,Benign
44,38,23.79163387437614,1370,17.497077159277858,19066,184.4681744007612,5,4,1,0,45,0,73,Benign
31,11,26.569188179193326,3538,10.618559143346598,29814,305.0745400180446,0,2,0,0,31,2,89,Benign
81,11,9.280423444435627,4907,15.242558216840864,22724,189.1429239730916,4,9,3,4,13,0,56,Malware
73,35,9.20204016489777,3864,25.68845957939069,29466,190.07485917978363,7,7,1,3,16,0,93,Benign
83,18,26.484145331429207,4312,43.458159505585584,9415,211.9610168972968,5,4,0,1,1,1,59,Benign
47,39,17.95347482496488,3054,20.13115266660626,16813,117.67970697907003,9,4,2,10,2,0,36,Malware
32,29,31.676044953827002,3596,54.37952812658359,11620,165.32385669590712,7,5,2,0,32,0,31,Benign
36,30,14.358166464705128,1370,24.424420519147503,18777,269.7442501332245,7,3,4,1,2,2,22,Malware
72,38,6.272922117459336,2688,26.5613144711825,12922,152.42419948293437,6,4,2,5,4,0,68,Malware
67,36,24.49628087694559,1756,20.898858997598865,26238,153.3539002068323,1,5,4,1,2,1,78,Benign
66,34,25.52717679807742,4321,22.690266853591922,7089,487.17273135227066,3,5,4,0,4,1,90,Benign
87,15,21.60774826936131,2138,13.70675572765709,5233,270.83894527888253,1,4,4,1,13,1,31,Benign
62,35,25.499979370837938,4624,24.738528935809477,21939,261.49307984894756,9,9,1,3,45,0,76,Malware
88,21,20.712630334231847,2360,52.98087298003115,15146,207.09426193599313,11,5,1,2,1,1,80,Malware
40,34,25.778984482971367,3621,44.42122706978067,26155,304.97886364298733,1,8,2,2,3,2,24,Benign
97,18,6.318122196655835,3728,53.763410193280826,8733,338.42596066322125,3,7,1,0,15,0,80,Benign
97,16,16.051921106630644,2165,15.242950718967831,8275,267.2742087837971,7,3,0,0,3,2,12,Benign
51,39,11.32450753861054,2508,32.780831542107954,20078,257.52340658203394,9,1,4,4,33,0,38,Malware
95,21,7.979784158348819,2461,21.462743649005752,26387,380.17067345762194,3,3,0,8,14,0,15,Benign
73,35,12.022779084982158,4841,46.060779527807405,12473,479.91068035444744,7,5,1,1,10,2,58,Benign
35,34,10.739318540953645,3135,58.511891236294524,9946,451.1288283930345,6,9,3,0,23,0,74,Benign
71,14,34.19394165084792,1462,50.76797395251439,22380,147.44810676215565,4,6,1,0,43,2,63,Benign
54,25,13.596377531553882,4119,11.763908337550319,5845,360.9234681468958,3,3,4,0,8,1,43,Benign
86,14,11.928769104414785,1480,25.832984732211706,11653,102.8190450004042,8,2,3,2,1,2,67,Malware
84,21,30.046235188069787,1822,11.428984522526179,6319,353.2367109403325,5,0,3,5,45,0,17,Benign
45,33,17.573486518065167,1523,12.008348346549276,25501,285.74143556997313,5,6,4,6,28,1,98,Malware
43,35,17.643963453479273,3258,13.975765208220693,14902,296.44522093753324,5,0,2,6,11,0,24,Malware
68,29,18.307713991404555,1243,23.816346448528094,26487,335.2102431408447,7,7,1,6,9,0,47,Malware
57,18,17.49603518361844,1238,25.210138381906557,19332,397.0621525155678,7,4,1,4,43,2,20,Malware
80,32,14.796963648765452,2220,30.02267566174441,29817,391.78312105917774,4,7,3,3,11,1,82,Malware
78,16,13.590183276643694,1768,30.24655472331481,7890,117.7916126186723,4,1,3,7,41,1,36,Malware
38,38,31.458790294563237,1234,48.57045059215905,7625,394.59775452059733,5,2,4,1,1,2,86,Benign
87,28,9.851220384060685,3234,17.07016217894499,10513,431.9263922676615,5,3,4,2,40,1,85,Malware
74,29,10.431870587688177,3760,17.887030790212883,13644,127.26904977424098,0,1,2,0,3,0,20,Benign
51,32,22.15157301275127,4686,41.3294525836117,6629,229.17864027107453,6,3,3,5,23,0,67,Malware
61,20,15.309757389882051,4361,38.58710760962484,15452,416.8256307328123,1,5,1,0,19,1,44,Benign
98,36,17.645880945410816,4292,17.700235274105623,24696,297.2427262806809,9,6,4,2,45,1,53,Malware
98,39,29.19639823672049,1496,52.61322134269596,28520,377.95642752398237,5,5,0,0,9,2,66,Benign
71,30,32.10893181131316,2519,26.45297070506037,19744,300.9263230392538,3,6,1,3,37,2,96,Malware
82,21,28.716610386696413,2903,28.34836742722431,26101,491.2889799232664,4,1,3,7,6,0,30,Malware
88,12,12.047847898722548,4373,31.023004041729425,5558,474.47722914654463,6,0,4,5,16,0,37,Malware
68,26,34.399138688271506,3234,26.135093536946787,13070,212.4580967624796,9,8,4,2,45,0,16,Malware
44,16,15.895295024482877,4521,37.87275261363132,15907,254.3539286973976,6,6,0,4,19,2,86,Malware
58,31,10.07201183493839,4986,29.432386157909924,6068,272.5383991341274,12,1,2,5,19,2,44,Malware
32,19,19.9849011640412,4483,22.97173629726438,29420,141.68173317743396,10,6,1,5,43,1,90,Malware
39,32,26.758573089048415,2634,55.22374338553872,15946,261.6299787517785,12,3,4,1,40,2,97,Malware
58,24,7.49812643924222,1935,25.417537007007738,14452,409.939128474651,8,2,2,6,3,0,95,Malware
64,39,24.028607438631433,2268,44.9244462734411,15962,438.75851257964655,7,3,0,7,44,0,83,Malware
35,11,30.74233770279789,3360,27.36133851784481,20472,454.4531001753044,6,4,0,0,13,2,89,Benign
41,22,12.85344448076263,1818,31.760999343873593,10898,105.82360006858993,8,8,1,0,26,0,15,Benign
67,37,25.793696365301223,4567,21.79717617006658,25986,415.52241549934337,8,3,1,2,20,1,21,Malware
48,13,16.997258898813218,1021,47.61648096936271,12810,301.0510737940938,6,8,4,0,23,0,10,Benign
96,27,17.42405429418745,3115,46.86016257131266,12996,182.46365793145563,3,3,4,4,41,1,25,Malware
37,33,13.424420936267383,3439,11.111997290405009,21833,299.49800900457444,6,0,1,6,47,0,72,Malware
37,32,23.73181389319686,4387,13.00970201506459,8639,437.70418667271696,4,0,1,2,19,2,67,Malware
76,10,15.829977590904637,2088,56.11882273724698,6913,273.69974710425043,3,3,4,5,31,1,14,Malware
33,11,29.92709010384735,2827,54.44134236189254,15989,496.1844322396096,6,3,4,5,6,1,92,Benign
80,11,33.887162691485926,2990,35.30435963892651,9633,346.67327386740203,12,9,4,2,35,2,20,Malware
96,13,33.05263040122773,1728,34.667869577916825,27357,295.90546765829674,3,6,0,0,6,1,46,Benign
74,12,9.893851189789657,3588,50.621208719189625,29308,217.95573114694037,1,0,3,0,17,0,72,Benign
37,26,5.425708999842516,4776,16.92250734424395,10328,104.42042505561244,7,4,1,5,1,1,84,Malware
45,37,18.154050233664734,3615,42.68495606729795,10409,344.21934267572175,6,9,0,0,28,1,17,Benign
96,23,26.8665112301656,2873,33.79914972436298,23929,330.9982185425471,4,7,4,13,44,0,62,Malware
38,11,34.323658050048834,3947,47.16655146578115,29270,306.72574209301024,8,7,3,6,31,1,25,Malware
89,25,28.502669047163167,1211,11.505139565599523,9811,315.0817815914652,2,6,3,3,44,1,20,Benign
44,20,22.416479656011198,2773,39.63627748619693,10327,437.4089484575857,7,3,0,0,16,2,74,Benign
70,34,5.790587366886422,1199,37.83641076077788,8461,226.7479698560923,6,6,2,0,4,0,56,Benign
51,22,29.766220745220636,1986,52.04241647945926,12533,320.1015776000828,0,0,2,5,3,1,90,Benign
53,10,10.314351017876334,1177,43.84181487775139,6459,371.9790503434185,8,5,4,0,7,1,58,Benign
73,34,6.668195425603712,2446,54.00801791978188,27866,183.92757077142437,5,6,2,0,23,0,34,Benign
30,32,30.51076542062793,1930,54.36366608212794,16410,469.92776601880956,5,2,4,1,4,2,64,Malware
39,11,21.987526036160208,4736,30.40820004498589,19331,394.8490099095643,9,7,2,3,20,1,35,Malware
85,11,8.85654793581348,3036,16.871706687590656,21840,121.3181600624294,2,7,0,4,13,2,43,Malware
79,30,16.596279895222434,2485,41.514182791109405,13168,446.0426791751716,5,7,3,3,8,0,11,Malware
41,38,7.5662500167669,3091,53.68730492042552,10530,471.94805814404845,9,4,1,9,36,0,25,Malware
89,14,24.14032420783406,2454,13.747667209738037,5644,417.46801928950197,13,6,3,4,34,0,40,Malware
55,13,13.472817990280245,1167,37.896163654233206,15521,270.48984067746755,4,4,2,2,4,2,31,Benign
70,21,30.982823940961243,3334,15.749976332991196,17701,497.75075988711416,10,7,3,1,26,2,95,Malware
65,35,15.733880864590759,3756,11.349799587760097,27093,149.77435976436442,4,8,2,2,35,1,41,Malware
52,35,19.83901589059753,3384,43.981767697041676,12264,314.64233654143015,5,3,4,1,20,2,79,Benign
72,38,6.905701925179254,1585,44.092480593608194,26322,168.1563216290158,10,3,1,1,10,0,11,Malware
35,37,13.267778499319094,4242,40.0329022498181,18748,275.7395211384881,6,6,4,1,6,0,80,Benign
98,12,25.30301815071792,2915,52.96114019508986,28747,470.96972265023203,10,6,1,1,30,0,20,Malware
72,29,27.087883033329202,3230,14.04382198967392,10747,417.70445136066655,7,7,4,5,3,1,19,Malware
54,19,12.28465565033701,1015,15.263013084937967,25640,412.832776612136,11,6,4,2,20,0,25,Malware
47,29,20.114602961621237,4567,53.22677189897236,25734,241.54152039272856,6,6,3,5,46,1,60,Malware
91,27,29.525933156135153,2603,35.16383599431315,7761,473.70807097741624,8,5,1,0,3,0,10,Benign
42,30,16.397304826686657,3934,23.652640441911863,29611,247.30437226159717,8,5,3,0,16,1,44,Benign
72,30,9.013138020703677,1836,46.907848899264366,28257,115.98937428797504,5,9,4,2,4,1,48,Malware
57,30,17.95611168837408,4625,54.7201861302201,19301,355.12050498438566,9,2,3,2,42,2,83,Malware
47,36,23.018859962960935,3157,44.48016431014811,21853,245.0590466103573,6,3,2,5,40,0,68,Benign
88,36,5.221955845771386,2576,49.59662983392246,13500,161.48995529420645,8,9,4,4,39,1,86,Malware
89,19,15.457025200421867,1305,24.124862009759624,11017,473.8632248216366,8,3,2,3,17,1,87,Benign
92,10,23.22307462685494,4027,24.438767970527124,27342,354.8958136136973,2,8,4,5,48,0,85,Malware
86,15,33.55735850134011,3053,53.20619401773162,11847,476.2118758040923,9,5,2,0,29,0,53,Benign
80,20,17.25646197426994,3890,40.74314243276076,13980,333.1914729176327,8,9,2,8,4,0,12,Malware
85,11,9.889167964379789,2716,21.70813758368682,21674,125.54546385030889,11,2,4,1,10,0,47,Malware
56,16,21.0265729390056,4344,36.20809077311061,5429,111.97620548415044,7,3,2,2,43,2,84,Benign
61,29,13.572570832990412,1360,44.293023573612466,5597,460.22457400091577,2,5,1,0,9,2,34,Benign
38,30,11.443381979443519,2208,20.927454062539397,13050,115.4911747514832,5,5,2,8,11,1,96,Malware
97,30,22.71209777084186,2858,42.745320410386796,9527,346.0703188731118,6,4,4,2,1,1,81,Malware
75,30,32.47650603009218,3703,12.107242490888389,6557,219.190322976946,3,0,1,2,31,0,73,Benign
96,27,30.05672613017858,2971,25.18458115020806,28173,375.0632556411869,1,9,1,3,17,2,36,Benign
55,30,10.468776166072775,2123,43.69859058630574,25984,213.8889714868584,5,5,1,0,36,2,59,Benign
37,28,27.976383750495692,2113,17.467453274495078,29439,114.88886817979598,0,3,3,1,47,2,13,Benign
35,13,11.896059031201077,1983,21.109951532124946,5672,392.3353891195659,7,7,1,0,18,1,71,Benign
53,22,13.721037820796576,2269,53.95466451791947,7854,224.36105210541797,11,9,3,3,7,2,97,Malware
77,27,32.60154520650467,4310,43.71605497158042,22962,320.31957090395304,8,0,0,0,26,1,69,Benign
74,29,32.33150452141314,3771,34.945935512833685,22816,409.5463279740799,5,4,2,3,24,0,72,Malware
42,38,10.05892293635487,4152,20.544669606372615,10521,381.1293207320022,6,3,3,3,33,1,22,Malware
98,34,6.9257556777044424,3162,27.070482829112905,13232,239.42844208185898,0,4,4,1,26,2,40,Benign
54,33,13.793543097108463,3323,38.71652491436796,9479,399.13066369051893,8,8,1,6,29,0,73,Malware
49,22,22.453251793333056,3127,17.76562969523342,24317,470.2724028100343,0,6,4,0,24,1,23,Benign
95,39,31.306750334489784,4639,34.087203994909444,22698,343.9898370064178,7,2,1,4,46,2,93,Malware
74,36,8.565121667014733,1178,30.44871970690112,23199,381.40242425781736,8,2,4,0,12,1,95,Benign
76,37,17.448755066075588,4380,33.83436707138091,9278,446.36325587215055,4,6,2,2,28,1,85,Benign
92,28,13.152493601615769,1560,15.278041064014971,28291,437.45624651171136,4,0,2,1,26,0,76,Malware
84,26,5.44786901708053,3556,15.324854352251428,6895,240.64053099431302,5,7,0,5,41,2,14,Malware
48,10,28.653387823789952,3307,58.205547637316066,22447,496.68023871055726,2,2,4,0,25,1,85,Benign
64,15,29.398526395030316,2809,58.96838668623843,18910,111.42640001882027,3,7,0,0,15,0,96,Benign
82,28,11.636871853259493,1291,31.308232895590912,16488,494.6830287075052,9,7,4,3,43,2,77,Benign
55,29,9.53720750121104,3932,49.44977268254187,10404,198.39885335464328,5,1,2,1,31,0,78,Benign
43,10,9.336825608665915,1290,42.78957134615384,29713,276.1748201820991,2,2,0,2,34,1,54,Benign
74,17,18.918415692928622,1541,15.845842730919449,13526,453.47549512988564,5,9,1,1,41,0,18,Malware
73,26,12.394867623073095,2909,24.83393286673489,17425,197.73153541096735,6,0,2,1,8,1,18,Benign
94,30,20.340669274655028,3811,25.682570432226022,10593,189.91265403602364,0,5,3,1,27,2,66,Benign
80,31,16.545552114555193,4134,39.788721742961194,17775,357.243504875233,3,2,2,4,4,2,90,Malware
72,24,11.326709147029739,1593,38.9988356157235,7676,382.1802102381107,6,8,2,1,12,2,92,Malware
52,27,27.535753686719428,2428,56.17543468513778,29476,102.9882736804109,9,0,3,0,31,2,75,Benign
85,16,9.510916710074682,1947,49.501815698813694,10265,280.17769439031474,1,7,4,0,21,2,63,Benign
48,25,28.967069444613117,3527,52.842383230148684,19744,295.64359115224806,7,6,3,0,20,0,24,Benign
84,16,21.843391510708766,2348,54.561430680550465,14725,208.73407988878165,8,6,4,8,48,2,11,Malware
89,26,29.961114280293323,1380,50.06383362774902,22492,318.4438858515619,1,7,0,2,17,0,87,Benign
88,13,5.14277120209715,2704,26.644063052855383,22970,161.8310422688626,4,8,0,1,45,2,58,Benign
62,21,27.475655571064486,1309,20.750648566725,29158,229.44232074295954,3,7,0,2,31,0,99,Benign
48,22,6.54546779753346,4414,38.588366901052346,8861,385.29569342181935,1,5,3,3,15,1,21,Benign
57,13,33.50296157113462,2693,44.47841582266594,26512,449.5146151477216,5,0,4,3,32,1,99,Malware
81,30,26.08218465171605,2498,29.32839844815829,9954,335.7515846852822,8,0,1,0,48,2,45,Benign
78,10,14.60516871864074,4127,52.41693249822551,6112,129.9378157364792,9,6,2,2,2,1,85,Benign
66,10,14.595514785372488,3894,58.02832964089917,6112,371.4983479060167,1,2,3,0,28,2,99,Benign
55,16,30.844771391558755,3472,38.469786306867604,15458,459.03912835587886,11,2,0,7,21,0,96,Malware
69,18,32.085203853579756,2165,32.829603110810915,24273,301.7256171986728,10,8,1,9,13,1,22,Malware
67,10,31.747198431162314,1660,52.144355847125894,21733,297.4767864412261,5,9,4,8,33,0,46,Benign
83,25,29.262208776989826,4447,11.213477349469333,8962,496.5654317809154,5,3,4,3,27,1,49,Malware
51,27,29.57096062509119,3273,16.450630791712403,23307,354.5191150184172,7,2,4,1,26,1,43,Benign
45,31,22.183037086326785,2497,52.282882950313386,17692,422.4115606664667,4,1,3,5,34,2,63,Malware
57,24,5.846931588472044,3072,46.60142928239962,29443,358.59739411048474,9,4,2,1,18,1,92,Malware
64,15,7.603198461769848,4761,30.8068349102163,29349,188.36627462556433,9,8,2,0,49,2,98,Benign
89,11,24.486597482186003,4436,54.44259288622025,28712,213.63127359850634,2,7,1,0,10,0,94,Benign
74,18,17.03495480981081,3142,27.572914382269357,5042,366.28230349957664,10,7,0,4,19,0,79,Malware
75,13,22.019288925247583,3555,41.69226789334587,16737,282.42845202876447,7,0,0,3,12,2,25,Malware
84,22,11.932328678663861,1564,41.7167235162958,10877,261.73911608645653,3,8,0,4,24,0,33,Malware
55,32,24.48251520929576,4887,19.21659463071181,10974,108.98078135255727,6,7,0,1,1,2,60,Malware
54,31,12.28488632580022,2605,24.2425868082029,20518,453.7476269594785,10,2,1,8,9,1,25,Malware
94,20,18.82438393926062,2199,55.800346134804286,20491,453.79911593471485,8,7,1,0,29,0,37,Benign
35,22,19.36159698773546,1643,19.170742689670853,20918,284.3884498898866,4,8,4,1,45,2,83,Benign
52,20,10.330046895174776,2431,18.678731092381227,22235,380.29568345027275,4,1,3,0,28,2,26,Benign
93,28,31.28623179162919,3537,33.9807736866937,18356,171.12774149412448,3,0,2,3,35,1,93,Benign
72,17,20.7746316881936,2950,14.609868411892048,16584,301.52440983351767,3,0,1,1,18,0,57,Benign
52,16,31.003513338150377,4922,54.73130944921867,18301,275.5462567599421,3,0,2,0,41,1,33,Benign
59,34,12.876070864877722,1458,15.007456915623553,18505,362.6454283246471,4,4,4,1,44,0,89,Malware
47,25,10.170078364044217,4484,40.82787384203972,22670,287.8583604576816,7,1,4,8,48,0,29,Malware
50,12,5.54049942860389,3948,26.989092822265906,25163,299.3737130675849,6,3,1,4,48,1,64,Malware
86,26,7.815939791795218,1337,50.213644273551694,17817,218.2849828053428,0,0,0,0,19,2,35,Benign
52,27,9.424118146598357,4010,39.49053728837693,27390,119.3692673218321,12,1,3,5,22,1,38,Malware
74,37,7.365666871339086,4943,29.415307053971908,16560,466.8103036069562,2,6,2,0,18,1,31,Benign
73,36,31.906378854265622,2354,59.193649227240535,20860,104.89264940296965,12,8,2,5,37,2,29,Malware
76,24,32.34314923825292,4284,13.311549423276533,25074,212.5297714245308,8,5,4,0,12,0,38,Benign
69,37,33.12088016825132,3013,38.88931516153384,22432,279.0443128777205,13,9,2,6,9,0,96,Malware
80,26,33.79582509727007,4794,59.47841557720224,23999,227.63694171696102,6,9,0,0,36,1,66,Benign
71,20,19.755050150598148,1344,44.547632160650856,21896,320.7671480253082,3,4,1,3,15,1,85,Malware
36,14,20.90073910474851,1575,46.98848158210965,27497,284.6452060682065,9,9,3,4,9,2,92,Malware
79,25,8.924912857206573,2570,11.604557228974295,21566,202.19049434543174,9,6,3,0,9,1,26,Benign
77,24,9.111561132561743,2547,11.06815815484812,21258,135.20805236217598,1,8,0,5,46,1,95,Malware
35,19,28.182693159682028,1942,11.805505599109642,7101,155.0141082336678,5,1,2,1,48,0,19,Malware
38,23,30.671872524252223,1345,59.5861951088116,14296,294.5280277028056,2,5,0,0,41,1,91,Benign
86,11,28.541432918932763,4894,58.97598803704257,21543,438.3782135942957,6,2,3,5,31,0,78,Malware
60,25,30.037275949848592,4319,26.725446288213092,16649,140.25555676879208,7,9,0,4,6,1,10,Malware
50,28,13.297109462848994,4695,24.549090813291443,10568,370.8825540814043,7,9,3,0,46,2,99,Benign
69,17,18.98197352956207,1324,17.297937275892213,13929,416.83645833824363,8,3,2,8,39,1,98,Benign
74,24,18.775981501861608,3514,26.45701495823792,15503,210.70891132589128,8,4,3,3,15,1,86,Malware
78,19,34.858502094251904,3138,28.507496527363514,24052,367.29579714075976,5,4,0,1,40,2,48,Benign
49,39,33.47534060347297,1293,47.414140837951685,16245,374.6631778731667,4,9,4,0,10,2,55,Benign
46,14,22.954583192780184,4612,53.31467764598674,8380,383.1170924105705,10,7,3,8,1,2,21,Malware
57,29,9.1391939942208,1523,47.3367559870694,24499,456.323636639795,2,4,4,7,8,2,29,Malware
70,25,12.757881158920314,4730,42.32375505477862,29776,259.4104257964421,7,1,4,2,24,2,15,Benign
95,30,15.912846649452074,4720,48.295003904439895,6307,197.47565506857052,5,1,4,5,21,1,27,Malware
54,35,31.196349790802888,3897,46.924873957590265,15386,317.5379471549079,10,0,0,4,48,2,11,Malware
87,31,10.118973711901328,4740,33.78748468651974,26943,125.01934929416616,1,1,0,3,36,1,82,Benign
70,21,11.592407498843151,1258,26.79257012306789,16667,233.5683720801808,2,0,2,3,30,1,42,Benign
35,32,15.48154075009481,2110,24.139035843879977,26190,453.29005068553516,13,2,3,5,3,2,63,Malware
67,39,32.807305659601504,4229,43.96777297563908,14961,312.8230240976852,13,4,1,3,6,0,10,Malware
35,22,20.114362723291613,2517,57.96520622226126,24639,274.670121695837,7,2,4,6,38,1,84,Malware
74,18,24.405081097926036,3233,39.0527359467815,7594,206.27356428041242,13,6,3,4,25,0,31,Malware
43,26,16.616699152105355,3391,55.626325123613306,22616,200.1502738824699,7,9,4,0,41,2,77,Benign
95,29,10.655663333254001,1820,10.711468548647376,9967,194.64480854412767,5,1,2,4,33,2,30,Malware
69,37,11.684016122254405,2892,49.72353233680029,13766,431.6934672479527,9,4,0,0,11,2,38,Benign
32,21,29.080136609476376,3788,52.68013289800398,21465,494.00814887712386,7,2,1,2,12,1,29,Benign
53,34,31.80446114959515,2539,41.549691897184786,29838,313.9193733092449,9,1,0,0,42,0,78,Benign
48,14,19.792269676794348,1568,56.70304996808648,20398,131.93336686912528,9,3,2,3,44,1,60,Benign
47,33,15.709835823777695,3997,39.49564964406498,13477,400.4156183740761,6,8,2,1,1,2,36,Malware
93,21,29.23505409581787,1508,22.026845126337463,29598,450.82176936812806,1,8,4,0,4,0,27,Benign
64,10,25.192843252427835,2563,20.785861472409714,17182,472.49126839580487,1,5,0,0,5,0,31,Benign
91,29,6.226219324568994,3063,37.79181333463576,24929,351.5101384085541,7,6,0,1,35,2,50,Benign
30,37,15.52222696648432,1524,55.324196524810546,19319,302.7523333035278,3,0,1,1,11,2,46,Benign
54,25,25.465189347081257,3247,13.618397287753849,27830,348.2109257865652,11,2,3,5,30,2,27,Malware
74,39,22.210394608729317,2207,40.219525610545546,25685,105.1802870451918,8,1,2,8,33,1,30,Benign
78,21,34.34201926538668,1308,48.49017364910123,22839,362.16795011949995,8,8,4,10,40,0,15,Malware
45,18,30.983461346758716,2839,15.770103481178456,21478,383.8585573022192,8,9,1,0,21,0,37,Benign
48,22,6.79215217193783,4579,15.838484535600646,23906,388.81213905515534,9,7,0,2,22,0,11,Malware
52,26,26.77307047017082,4352,28.306399833479404,5136,325.2287123637653,2,2,4,0,25,1,88,Benign
54,26,15.089798369914337,4905,23.69405867748584,23421,380.0177485285449,7,9,2,8,34,1,20,Benign
45,13,25.462481092578393,4229,19.91570794468449,20988,355.5329562920769,1,7,2,1,43,1,20,Malware
83,23,23.51673758274189,2383,19.93470868056726,15441,146.2113679369197,5,9,3,3,4,1,35,Benign
30,28,20.091507774405233,3306,16.53345162124179,20609,459.34670776097437,4,7,0,2,12,1,52,Malware
71,16,30.58848663018665,2942,40.54270065409762,8670,349.09100307515587,9,7,2,1,4,0,96,Benign
48,36,26.260695804295036,2180,44.40628017920435,14537,391.1177481932107,9,3,4,3,23,1,65,Benign
63,12,31.686653435060197,3472,45.14681134395223,26028,237.15500796698038,3,6,4,2,38,2,17,Malware
84,10,13.448112473091479,4677,36.617698806930306,24068,467.69580649163413,12,9,4,5,6,2,72,Malware
47,21,15.443825737838061,3826,57.645313483278336,14191,301.0463064754765,6,7,0,2,46,2,55,Benign
63,24,23.658540494314064,2044,54.02663887950329,20333,371.60239666346297,5,9,0,7,33,0,68,Malware
74,20,33.99393312085208,3686,57.881557133314004,14216,480.8728242391597,9,4,2,4,41,2,93,Malware
35,19,16.147462980115435,4418,29.439773906358898,19255,466.43309797314396,7,8,3,5,35,0,35,Malware
50,11,5.968809502024736,3967,53.889157997751234,26841,357.9195082954831,12,8,3,10,33,2,74,Malware
99,35,18.3766386626587,2011,48.14373497034419,17578,166.2965566132979,7,2,3,2,6,1,72,Malware
77,38,21.317886875870695,4934,26.998645151700654,25550,480.22737238944626,3,2,1,0,7,2,97,Benign
68,13,29.029622260986297,1349,15.329662925210965,9203,493.6542789243871,10,7,0,7,21,2,62,Malware
60,26,26.85801439989917,1960,44.131062494840386,20849,141.3586781528062,5,6,0,0,15,0,50,Benign
39,26,33.939880421550086,4456,16.82261620609402,24029,280.11907284732143,8,8,2,8,2,0,20,Malware
59,37,28.480482816693986,1437,24.688790350055605,24480,319.3022255384706,6,1,4,2,23,1,17,Benign
47,39,13.95885311203648,1455,35.018228822189364,6833,136.83261618756953,9,1,0,5,3,2,39,Malware
89,17,24.24140932940509,3671,43.99412675742365,10384,175.871979783864,3,6,3,0,12,2,88,Benign
44,32,25.16723580189657,4817,56.31138285986525,21282,315.0821564317492,9,7,1,5,49,2,91,Malware
33,23,34.94061544461569,2569,39.66200224244983,7250,485.23577914026197,5,2,4,6,15,1,34,Malware
92,33,9.162137336803328,2103,43.57065498360474,25018,111.1239903715032,11,0,4,8,33,1,73,Malware
69,38,10.739765080713703,2475,25.5006925075489,11119,464.9772296627495,4,9,1,1,46,1,69,Malware
38,13,9.665409320260668,2618,44.36463082142694,21952,459.4432680197563,4,6,1,5,13,0,20,Malware
38,15,22.671803424978915,4612,31.889506036503725,10201,442.87145407462253,8,5,0,1,13,0,57,Malware
55,38,9.059032167020604,2512,52.84655914418869,26409,251.02037146569768,6,0,1,4,28,1,60,Malware
33,28,24.680231267136065,1642,29.622525695073715,22676,296.329414883201,4,8,2,0,13,0,82,Benign
45,36,29.113221525926566,4594,33.413601082827846,9275,261.43785573034904,6,5,4,3,24,0,41,Malware
44,38,17.98378772620581,1391,31.629387845512895,12963,479.0344745715314,6,4,4,6,39,1,21,Malware
81,33,21.820552456683927,3621,50.55614171536925,7645,308.5402479095624,3,2,3,2,30,0,51,Benign
98,13,32.38166249873872,4430,57.68495985059526,13663,132.2450434668172,4,8,0,4,36,0,32,Malware
34,12,22.086977527325036,3080,26.363815049163698,12837,209.62393772447095,3,6,3,7,4,1,97,Malware
49,29,11.258166561046021,4207,33.75139503810384,20404,284.81328516590173,10,3,0,1,13,1,92,Malware
47,15,15.295813953300856,1920,45.29631333466178,15181,481.4223729271178,7,0,0,3,12,1,83,Malware
31,36,20.895374100184057,2623,54.76908110173655,21992,327.5804362489223,9,3,0,0,1,2,91,Benign
42,32,9.646930564687548,2945,34.685034842301036,12525,378.4290492672023,3,2,2,1,44,1,24,Malware
33,16,23.37559506070608,3457,15.444675411336364,14274,135.40793893353094,3,5,1,8,49,2,56,Benign
71,23,34.97738275652077,4600,28.43356917506608,9319,450.9296183698992,9,0,1,1,17,0,51,Malware
90,21,24.576048948228934,4070,37.518094272005655,11953,315.60728880551494,3,3,2,4,24,2,48,Malware
37,25,16.172334320433237,2114,30.87623029830163,10127,468.49136501624344,5,0,3,1,34,1,22,Benign
96,29,14.952394750431875,1412,19.327786339403502,22891,278.19067415622237,0,0,0,0,39,0,51,Benign
92,17,32.948099678218256,3346,11.849474767160874,26304,373.2335987779671,2,5,2,0,42,1,32,Benign
38,32,31.145428717359675,4558,44.370433303994744,21997,288.33543749078683,9,5,3,1,7,0,54,Malware
40,11,19.17075860596302,2788,59.636859538857124,10971,157.0231718057242,8,8,1,6,23,0,31,Malware
71,22,15.602436935008527,3120,55.960331694830856,13575,208.8199911821366,7,6,4,0,21,0,69,Benign
42,17,26.313928507893575,4789,44.16354554304068,29987,126.90291777647214,0,5,0,1,43,2,36,Benign
65,34,14.435074266628483,1260,52.07649042582146,24760,276.10653716471205,5,2,0,5,24,1,61,Malware
42,30,8.582096967576213,3737,22.78638092335966,11038,359.7366173845387,5,2,0,4,36,2,78,Malware
41,29,14.30456636904579,3013,41.12172180392232,7775,197.4845103238597,13,4,1,3,3,1,20,Malware
66,25,18.028879463516056,2335,13.030210769948273,12477,296.1552232826416,12,5,0,1,29,0,49,Malware
81,13,12.662341279481243,1958,45.359196365622886,11374,283.58933369526517,7,5,0,4,28,2,15,Malware
31,38,11.50441177513169,2848,58.49361695121343,7283,313.36819636133623,6,7,1,3,2,2,76,Malware
85,25,5.184204879940932,3038,53.039865360892954,22046,173.8338668108314,0,7,2,0,4,2,41,Benign
89,29,23.925283442121398,3779,36.72204373858187,18891,313.59363536274134,5,0,3,4,17,0,83,Malware
52,15,23.433468269483566,3732,49.437010965638834,25525,245.68222271486852,9,2,4,0,20,0,49,Benign
69,36,10.640757133121847,2188,57.19494049740823,25419,214.41673958361926,6,4,3,2,36,1,29,Malware
93,13,33.309502154335526,3887,20.800878896960768,13413,334.3928056094462,4,8,1,5,26,1,27,Malware
52,25,17.287127054142744,1334,49.6629256488689,5751,159.2147214006344,2,3,1,0,22,1,91,Benign
58,32,5.764383007289196,4573,23.49234789844267,19491,460.2634602429903,4,4,3,0,19,0,11,Benign
80,32,11.593157517945308,3779,53.84737109698332,20968,473.941125195886,7,0,1,4,31,0,22,Malware
98,30,25.76202452813584,1803,14.917725284507274,8154,364.2438759181129,9,6,4,1,42,2,65,Benign
60,22,11.04859696431786,4232,18.910920943492073,22652,221.2618758414933,7,1,0,2,25,0,55,Benign
79,14,6.617373766281683,3437,46.030823173590086,11718,350.40234801056556,6,0,2,1,30,2,71,Malware
49,24,23.531186641840186,3807,18.73887519316245,25489,340.6093866112591,5,1,4,5,48,2,86,Malware
84,35,20.55064371782549,3930,17.902715095152217,15328,256.5003926517346,7,7,1,0,9,2,56,Benign
31,17,27.837975082953605,1971,37.7733438699436,29228,214.8988989493238,7,0,2,0,42,0,68,Benign
54,16,28.178941656324252,2094,51.74936188545354,23757,167.38118092489321,10,0,3,4,30,1,99,Malware
42,23,33.79805761363187,1940,23.423371263731454,15525,186.95353601026022,7,0,0,0,41,2,73,Benign
99,16,6.710526320556163,4163,52.05690913527425,29790,361.21196941942435,0,1,3,0,32,0,21,Benign
96,31,6.169682594546851,1902,50.397669827298735,22379,454.3577324263164,8,0,2,1,47,1,21,Benign
87,16,34.61591144082982,4432,38.95527004796678,15063,253.98242197418233,7,1,0,3,45,0,21,Malware
93,32,24.345436330908615,4392,42.328137684363504,10327,148.75979380073275,6,6,3,6,48,0,32,Malware
98,35,26.46111619002714,2268,12.022059330595411,24594,105.12252066049976,7,0,2,3,15,1,27,Benign
88,39,7.8944605920550535,1023,28.356777915185663,16642,262.36226202495413,7,9,0,0,36,2,33,Benign
89,27,7.094380725450109,1556,23.169746555917627,6664,193.0267804745635,7,1,1,3,35,2,56,Malware
91,39,9.80760781807313,3748,17.50019303637362,21785,229.0222268035362,7,2,0,2,1,2,79,Malware
45,19,17.815868083924087,3450,29.482966457849077,13803,196.66794980231822,5,1,2,3,21,1,49,Malware
97,27,8.305285481989271,2396,27.745209817371645,28050,365.6590528299047,4,2,4,0,36,1,54,Benign
44,23,18.39001221322484,4999,46.44458390648635,29457,355.405720337917,10,6,2,5,3,0,76,Malware
84,19,21.8460770930401,4357,39.904817023837666,20535,464.92180980432545,6,1,4,0,15,1,71,Benign
64,16,5.009989036553239,4904,55.65500344010097,17644,379.89796593786946,11,2,3,12,24,1,67,Malware
84,39,8.427368923759325,4999,17.270379152791946,18627,165.97655223793475,4,5,1,2,16,1,63,Malware
43,35,16.255855753036364,3488,12.9874302661763,12829,400.63777172321835,3,3,0,0,7,2,18,Benign
78,16,6.599893780904004,4987,36.73038937455644,28541,172.5071450209757,8,0,2,1,16,0,43,Benign
36,16,9.005869199364202,2876,10.051356930539253,10874,323.44035437750404,9,7,1,2,28,0,69,Malware
59,14,11.953891713678633,4666,49.38594715674828,6106,130.83128379415717,11,6,4,1,12,1,36,Malware
78,10,17.88804242502941,2757,35.29864443425048,19116,118.93002278705947,7,7,4,0,25,0,36,Benign
45,23,26.445115938101274,1881,34.403278802894675,18893,285.69199704967843,10,8,2,3,30,0,69,Malware
80,27,8.980658354775377,4423,28.12479893620872,13419,141.99342457700138,7,8,4,5,8,0,34,Malware
71,22,27.13875715727997,3973,28.748691807438128,23372,222.66664195283252,10,2,1,2,11,0,92,Malware
46,34,30.651821891516626,2878,31.556683912532794,23562,235.5333513253424,7,8,1,1,42,0,87,Malware
92,17,24.544363006557,2242,10.801617221301509,28561,407.7707676188539,5,5,1,0,36,2,49,Benign
74,17,6.311770862833934,3532,14.177289360810231,13140,233.07204207187863,6,9,2,2,36,0,92,Benign
36,19,18.219610607823242,4514,35.25240100056185,11019,297.7200739687327,5,9,4,1,47,1,85,Benign
56,26,24.801980049004996,2241,17.506113260990205,27071,409.0343720002001,5,1,4,2,36,2,45,Benign
39,15,34.35539403821937,4773,48.93813041734991,26024,181.9593227399528,7,0,3,0,49,0,34,Benign
63,24,33.554251642077276,4138,23.724258700226287,29819,421.95895689518704,4,3,0,0,46,1,67,Benign
65,24,16.871094633197565,3078,14.894981867466203,14441,432.71791878478655,10,8,0,1,30,2,70,Malware
54,34,23.477932166752776,3369,21.76049629517249,27755,495.53871806767364,8,1,4,3,6,2,61,Benign
35,25,31.72445442084755,2273,27.854911507789406,27772,277.61907154572236,5,0,4,5,35,2,15,Malware
53,17,29.931387421285894,1565,11.765830429744181,21827,248.25973146417448,3,1,1,5,30,0,23,Malware
47,28,19.38265502338249,3057,17.08377621931645,13806,380.8021082300844,4,6,2,0,14,1,16,Benign
35,29,12.837239926748701,1677,26.192337723875983,20222,123.26044690831321,9,4,4,0,37,0,99,Benign
58,24,9.112998403964989,1850,25.524023690488203,10932,115.90060461194214,13,4,3,5,28,0,43,Malware
54,12,19.639404652497774,3974,50.01933482799196,22208,233.99634538628274,4,9,3,0,40,1,45,Benign
84,15,26.685376260298675,1284,52.16277376563266,16724,391.8060352706412,6,3,4,0,41,0,60,Benign
75,39,34.09309139648798,3200,19.6709299571775,14127,146.58177747124145,2,0,0,1,5,0,84,Benign
53,34,30.854447144692667,4615,16.196994195642368,14936,354.2187392849743,10,7,2,4,21,1,85,Malware
55,17,11.12722865744485,2552,41.708124216070914,17669,207.80210611985703,8,0,3,0,49,2,90,Benign
57,25,26.593343804674095,1370,50.231177784771575,15878,360.6698690742001,5,9,4,0,6,2,96,Benign
32,24,13.673037615752913,3348,58.186154861206575,13713,282.7904495557301,12,2,4,5,24,2,40,Malware
67,22,25.504177833007894,2840,10.339814237325713,9937,146.06067011788042,11,1,1,4,16,0,91,Malware
90,35,24.97416381382318,2878,30.683905671340224,6876,198.91312590518913,0,1,3,0,7,0,62,Benign
80,29,13.172918087766243,3193,46.69939170471928,9032,187.88550155723019,1,8,1,5,42,1,70,Benign
77,24,12.031658606518594,2610,51.42796494371772,7205,165.83383708358804,10,8,2,5,26,0,35,Malware
50,27,8.118132877667776,4962,13.114297434154889,29401,287.33817936191076,1,4,2,0,21,1,96,Benign
83,22,6.516189104138801,4707,44.030725973206366,5546,481.86621572679826,10,1,3,5,48,2,59,Malware
85,33,30.75353176569413,4123,24.446935869948504,15745,363.23552011639487,3,9,1,5,18,1,17,Benign
88,17,6.4954818390512505,4475,13.72984796665627,29742,434.40081259924324,6,6,0,0,17,2,32,Benign
80,23,7.662234995753423,3749,34.45512908773336,7069,492.4320756125895,5,7,1,2,21,2,84,Malware
49,37,12.165561061045995,1140,17.9076671602073,27594,316.2490652774271,7,8,3,2,6,0,28,Malware
88,20,31.629749853868283,4159,46.850375903084235,28237,195.22803027455006,7,3,3,0,19,0,31,Benign
38,15,14.98821081266574,4498,47.06308998497268,21066,471.1244028174346,9,0,1,2,2,2,50,Benign
30,39,10.753986723697764,3131,52.10338824937547,20971,379.5935956287032,3,6,4,0,19,2,90,Benign
58,33,26.466664873852853,4314,28.87843425738761,28114,483.5765042188067,2,6,4,0,22,1,58,Benign
92,34,14.572092646060572,2129,10.665489861532182,24319,360.4127846622095,10,0,0,2,16,1,66,Malware
85,38,15.000999142285888,2627,22.986796918723986,5016,410.05800401170865,9,3,0,5,25,0,40,Malware
97,10,27.16929787815608,2378,33.390584976263845,7809,456.25447791155136,2,3,0,1,44,2,26,Benign
64,34,12.549584468249176,3068,44.70056397080252,17542,403.69972460803257,4,0,3,0,11,0,26,Benign
32,11,31.90280143116877,4077,29.102029284337068,13519,325.05830880508887,0,6,3,0,12,1,20,Benign
36,39,21.84265033995036,4014,36.8024198033569,24835,288.768372904589,8,2,4,0,28,0,93,Benign
56,22,21.13495133517242,2244,36.213179372785845,15189,429.35093396513815,6,0,1,4,2,2,69,Malware
30,10,12.942567051986288,4892,18.24911746791583,29921,408.7943251282754,7,6,2,10,38,2,13,Malware
73,33,30.05283020389777,2110,41.152475004000635,10592,246.57232957240657,6,2,1,2,12,2,67,Malware
70,33,22.18248652614504,2715,31.962586410269893,7354,299.3327869368615,9,2,4,3,25,2,12,Malware
71,36,9.66549643715678,1452,50.39593508262465,17463,353.99630235427696,2,2,4,3,2,2,81,Malware
62,13,11.188947117342877,1341,44.53056040644499,19648,111.34808762085898,10,3,4,4,33,1,45,Malware
79,33,19.04767726461931,1392,15.573459309877732,20241,199.0274799726585,8,4,4,6,13,0,52,Malware
92,32,28.389254672491656,2375,34.43792050182843,13735,200.08575802854236,7,0,3,0,45,0,92,Benign
66,38,33.17885820850881,2269,45.12471792470937,24834,453.2926237925249,0,2,0,0,24,0,29,Benign
88,11,24.904958911308405,2709,14.350586290367131,25089,232.59510139851653,5,0,0,5,20,1,14,Malware
77,30,20.184297486748946,4050,49.624851627831575,20171,318.05735511916544,6,2,1,1,20,1,99,Benign
34,39,12.52195932536074,4184,21.100225732219968,12707,432.6345868016912,9,2,1,2,47,0,95,Benign
77,35,25.18603881367249,1970,35.15423977368448,12043,203.87752501733436,4,3,4,1,12,0,64,Benign
32,29,34.46719267560522,2606,57.02806437363181,7748,149.50283098674566,13,9,4,6,43,1,35,Malware
76,25,19.28667426617705,3205,38.5667117411142,14548,479.34392260337887,9,0,2,3,45,0,59,Malware
91,12,9.864256366696862,3858,31.20272258519737,26643,381.87317441366514,0,4,0,2,37,0,83,Benign
43,26,8.100217443625358,4308,10.339746369957133,23190,170.82150627205652,10,3,4,1,43,2,97,Malware
92,14,13.077685477969442,1698,16.670681138703905,14558,427.8846216050639,9,4,1,0,49,1,61,Benign
90,35,22.083260570637304,4314,38.93319425489938,11412,414.85064533423406,8,5,1,1,8,0,70,Malware
60,17,33.40415903273987,1165,34.69125203268691,13377,435.01643899019433,10,2,1,1,36,1,98,Malware
46,21,13.9749524919244,3081,28.19145878234157,25589,210.48503066169172,6,2,2,4,48,0,24,Malware
53,34,14.161735141148133,1254,56.16079426970587,29610,279.4318693555884,12,4,4,8,46,0,62,Malware
52,32,19.43538977336577,1301,26.62412687129704,13103,377.46949729124543,9,4,4,0,33,2,43,Benign
79,21,32.55627005297566,3267,36.85753782220533,8915,256.267029691762,8,8,4,1,31,1,25,Malware
99,36,17.571651517672677,4103,38.435670476206504,10341,127.98886888650634,11,6,2,4,38,2,56,Malware
56,10,11.696881755827995,4983,36.37341950319613,12940,154.57990159817442,8,5,4,3,29,2,73,Benign
44,10,9.893927449453141,1934,33.87926957700496,10865,338.8454020389721,8,1,0,0,18,0,83,Benign
79,24,18.71046107817445,4840,26.853186800595406,22181,250.06727983944867,1,8,4,0,20,1,79,Benign
65,26,29.02032307190449,3556,55.438181651980976,28650,102.1520527238831,10,9,4,5,44,0,70,Malware
37,11,13.740572141731688,2505,32.54016308795724,28158,406.7418107904392,3,2,1,3,8,1,50,Malware
32,26,20.375679176919284,2256,36.422443367303785,25040,266.6814971180644,5,6,4,0,40,2,94,Benign
91,29,23.09024817267647,1952,42.82389919151211,27736,225.50771417837296,10,7,3,5,46,2,54,Malware
76,35,18.51411234973692,3262,13.382802121576734,14851,385.40767162043977,12,8,2,4,37,1,11,Malware
90,18,10.750707240598683,4313,49.06440707316226,5037,282.0435275945614,5,4,1,1,24,1,58,Benign
61,21,32.652370338045664,1244,35.62536550430178,6978,377.9324437568749,8,5,2,4,1,0,28,Malware
42,13,21.96347705703452,3067,42.85884679224834,19429,105.27923295248902,13,5,3,5,3,2,47,Malware
30,22,26.874031517416565,1209,48.600603270684566,20592,103.76804563392979,6,4,1,3,38,2,96,Malware
63,13,24.081290163137986,4793,53.70496953821073,15921,323.9607721641512,9,6,1,0,11,1,26,Benign
91,16,34.94144065182721,1425,29.61102084764655,11241,492.88481369140305,5,0,3,1,42,1,15,Benign
60,23,18.68930403315968,4047,50.57149463411275,8454,208.94289516733278,1,4,3,1,40,2,63,Benign
93,36,17.749171198972803,1980,22.941844778295085,9674,373.15742286667006,0,9,0,5,41,0,57,Benign
54,18,15.804195982700188,3119,43.01678254786832,8360,168.90301716107294,5,5,1,0,39,0,53,Benign
67,32,15.84885378020788,4745,15.13536503398197,25620,224.61945270433353,4,2,2,1,43,0,68,Malware
43,10,13.273106321517101,1177,11.00152337120376,9298,131.2299561900832,5,1,4,3,3,1,43,Malware
37,10,34.41890375439641,2546,14.788156305631986,18799,452.3172639827378,5,3,3,0,21,1,24,Benign
83,29,31.123461029057356,2898,25.96912432812379,8475,224.17496062126526,11,2,0,3,5,2,31,Malware
31,13,14.500190148716484,3034,11.554730691233214,11560,192.186578961196,5,5,3,1,1,2,44,Benign
85,10,14.156871339495067,1298,41.52456360936313,24761,392.24167137596015,11,5,2,3,46,1,92,Malware
90,31,8.106019615551645,3313,25.82722691911324,26425,179.7760622441971,9,3,4,2,14,0,11,Malware
51,19,31.310925815284786,3567,46.8188033857149,23568,196.11014419935321,7,3,4,5,4,2,53,Malware
64,11,16.152981524798182,4566,12.295756813480281,18062,141.44650146428583,7,9,3,3,19,1,29,Malware
45,36,22.178461764353834,1274,20.83507832737491,26384,485.14876367795074,0,9,4,0,47,0,54,Benign
79,30,32.01133186642794,2728,30.40017126648493,17905,199.05509980867157,7,9,4,0,20,1,71,Benign
72,33,17.24301945422617,2846,29.132578114702316,12297,498.26532112095305,11,1,2,7,48,1,70,Malware
46,24,29.206041302685254,3995,16.549933641817024,19084,170.45977638739157,4,6,3,4,7,0,90,Malware
87,12,17.908568787462713,2794,59.70684067908285,20169,108.26073999126803,2,8,0,5,48,2,65,Malware
31,34,26.02822817053258,1052,24.221979041691796,22523,458.2774453777133,9,8,0,1,9,0,65,Benign
33,32,17.935532215765434,3859,46.051604232573155,9233,332.0069007360462,3,9,1,2,39,1,11,Malware
68,18,16.782774036640777,4679,21.00133486058591,7462,240.56399999365146,2,1,2,0,34,0,21,Benign
35,26,34.721277186857236,4887,53.892560536304195,24616,305.33586498282045,5,8,3,0,42,0,91,Benign
98,30,23.37049526010725,2845,29.38791550748462,15859,204.29078196297144,1,4,4,0,13,1,32,Benign
98,37,16.021735448689377,2423,55.04512444945522,29823,353.90354011264975,1,5,2,0,4,2,28,Benign
49,22,12.734584312604536,2437,27.09174598169855,29430,346.5874233370265,8,0,3,5,36,1,63,Malware
93,12,6.192991106888491,2627,10.432191074845672,21909,132.07691561587575,5,6,3,3,19,1,78,Malware
45,13,26.19699020746181,2947,35.85102155392307,25704,464.2752402404307,8,7,2,1,17,0,30,Malware
80,13,16.16472284585786,4727,36.239396807554826,26214,284.2101368900434,11,4,2,1,25,1,69,Malware
66,20,29.637624913362945,1488,15.991709139431778,13106,178.0616528328895,2,5,2,8,14,0,29,Benign
98,37,15.91605381866956,3549,21.74817867096462,5462,222.95354377440626,8,3,1,1,5,0,89,Malware
71,16,16.199875772750907,3354,49.174779549067466,24347,446.48870193504257,1,2,4,5,41,1,15,Malware
86,35,28.375430192202685,1416,11.837791231432961,27767,253.27406879284044,9,2,2,1,46,2,68,Benign
95,20,19.683999702579612,3556,34.476334334334034,17308,324.78446847825137,3,1,1,1,7,2,99,Benign
38,33,31.546843118041785,1920,36.52040617067814,10916,479.0758939531805,4,9,0,3,14,0,32,Benign
93,20,22.70407270113656,2553,44.4356030338062,15170,360.68657503278655,3,5,1,1,33,0,63,Benign
51,19,12.219344405431295,3685,11.87281337000676,24784,370.2866975702408,8,8,4,0,12,0,27,Benign
63,14,22.048155629001005,1665,39.282316354523196,17735,199.42753486483014,7,2,0,0,4,2,51,Benign
84,22,5.12005027804106,1005,10.15490182890916,17542,367.31807401119386,2,0,2,3,6,1,94,Malware
58,38,14.371921241561576,3469,23.258918364459532,5302,257.5210976770005,11,9,2,4,1,1,57,Malware
67,21,11.23857021493432,2474,34.98421276582406,27267,464.4169938398695,1,0,2,0,20,2,22,Benign
47,19,24.62563566808804,4498,55.56406687128086,5776,151.81553916423084,7,3,2,4,26,2,37,Malware
94,16,9.08115750499415,3437,16.329490800276773,16451,214.25613986545122,2,0,0,4,43,1,23,Malware
30,28,13.702923402844192,3381,18.464456450163752,5623,126.40029145688473,5,9,1,8,23,0,46,Benign
33,28,14.93925662970186,2471,43.46250321919138,6459,252.36153966800038,9,1,1,3,12,2,56,Malware
33,28,5.098796865916545,1337,28.743084691119943,24770,159.3490664625644,10,3,3,7,13,1,62,Malware
56,21,6.40299704758501,3895,41.17107009614359,12030,438.0575017849644,12,3,1,6,18,2,50,Malware
72,29,14.333783839325681,4159,59.87270835671336,19723,470.0172807956732,7,7,1,2,31,1,49,Malware
88,31,11.670693595757367,1268,59.3435830674427,9775,367.7702579218863,2,3,1,1,46,0,31,Benign
61,24,8.507202158454668,3112,27.68567897472107,6061,141.3338399943357,1,2,1,3,28,0,44,Benign
62,14,9.624849690618738,3725,35.19626769124163,5287,236.6523526489681,4,3,1,2,5,2,86,Malware
57,33,30.06610884140259,2087,55.234507931469665,20081,485.7967569391756,0,4,0,2,39,2,18,Benign
84,39,25.499587265381077,2293,14.608383120427877,28618,154.5204895838001,1,4,4,2,20,2,89,Benign
89,23,19.523525930049495,1656,32.61519519184235,25023,322.59575304911857,10,3,4,4,20,0,86,Malware
99,21,32.266243287107976,2400,28.87886741582295,12955,241.17179039822503,8,9,3,5,34,2,27,Malware
91,38,5.8865837282485565,2868,24.744138633049864,27719,499.66504486114474,4,1,1,3,14,2,62,Benign
63,30,15.348048078314585,3828,59.71021059611741,6143,214.1556258567248,2,2,2,1,15,1,82,Benign
85,20,29.701511525121763,3376,46.67746469861889,11544,119.10890611337734,4,9,4,5,36,1,17,Malware
42,37,23.84866983755964,4973,29.4373496196461,14615,380.873125929867,5,9,2,0,30,0,28,Benign
85,14,34.45062303475961,3565,51.45109458327096,20882,230.69573209764397,0,2,3,0,18,0,89,Benign
47,25,33.33544769864628,2656,34.48330503560284,18196,363.03257358184914,4,4,2,5,34,1,84,Malware
83,39,10.09827473224951,1861,53.641220618392936,13849,141.86079472580585,7,1,1,1,26,0,52,Malware
72,35,34.15960991587015,3468,23.31899228152892,24469,309.2252803721004,2,1,1,1,36,2,41,Benign
68,27,33.36604357922218,2336,21.18001136935327,12713,250.0926193610591,3,9,0,1,47,2,28,Benign
90,21,16.208328352210472,3356,22.36433406237238,18909,314.7068535914523,7,1,1,3,44,0,16,Malware
71,36,34.48640875066858,3861,36.92402880625262,26372,441.38895917645465,6,5,4,2,19,2,33,Malware
47,36,6.0753245697368214,3893,24.565669557756735,23585,489.0989151845102,5,7,1,3,42,1,32,Benign
52,14,24.822516647398945,2667,17.355984207319203,26673,401.2528596472012,5,9,1,1,4,2,16,Benign
83,25,12.984434127932262,2825,59.731395925286606,13870,406.74332608815917,3,5,2,0,42,1,49,Benign
59,21,8.883892897859589,4009,55.021661372070504,24841,311.574435895757,9,3,3,3,27,1,88,Malware
87,32,22.3260477483154,2212,41.75062187465399,7744,138.9599775433105,6,7,1,1,3,0,32,Benign
97,11,14.19050924555583,3768,54.5771436961973,23737,366.8238185286911,4,3,4,2,49,1,88,Malware
96,39,25.00476031433453,2065,56.77313687539094,23032,159.11194871298883,5,8,3,0,44,2,81,Benign
47,38,21.199431563432608,3637,43.80541459329178,6679,198.26442263149215,4,7,1,2,12,1,82,Benign
36,15,16.777682027259786,1319,35.933988934565406,19689,383.0330052280766,9,3,3,8,36,1,31,Benign
69,32,10.454664839446938,4058,54.10008961073386,10002,362.79703764723877,0,6,4,1,39,2,31,Benign
99,30,23.037505924165302,2680,38.38984984564547,26714,225.7303766359124,2,9,2,0,2,1,29,Benign
94,34,29.87691888426655,1444,16.3400271426937,8966,408.8176943894285,9,8,2,1,42,1,30,Malware
97,39,23.000134055278437,2397,28.342800022875288,24125,475.72631377690203,8,5,0,0,34,2,23,Benign
78,13,23.31567667321057,1285,32.29604758676885,18766,318.10384845776,9,0,4,0,38,0,94,Benign
81,39,20.35512092443305,3218,56.768450806779775,22237,371.07466360683594,8,5,1,0,31,0,31,Benign
58,39,16.647203519848752,4676,42.95927361529112,11335,208.7118337881073,9,7,1,1,5,2,42,Benign
50,22,18.723741249006387,3310,53.763878139794535,13784,488.3228178570776,4,8,0,0,20,2,87,Benign
38,19,34.686252713602464,3989,47.87958504199681,24790,209.48196471431555,5,0,4,1,38,0,22,Benign
76,26,27.490055063158703,4606,25.493044326134147,24336,454.9636096995273,9,4,3,6,11,2,95,Malware
71,23,17.916783919399833,2827,45.93544965320916,21203,471.1476447194877,5,4,3,13,31,1,99,Malware
80,33,18.718891998635613,3189,19.764986796193732,26447,387.8514378415744,3,7,2,0,25,1,94,Benign
85,24,19.988960232492268,4219,30.407290585873383,18185,424.6349710882985,8,6,3,0,4,1,24,Benign
80,17,24.779425831364385,2463,50.30459285779661,14776,283.14272311606413,8,4,3,4,21,2,84,Malware
99,32,18.97874702646544,3675,40.59645809576141,9911,467.8187157800216,5,5,4,0,41,0,21,Benign
49,33,25.585373553177302,1592,51.270625297630744,15806,397.05849801565614,9,7,4,0,1,0,15,Benign
56,27,14.875634199435435,1415,22.735179117502565,23255,230.69759661374133,5,5,0,1,42,0,41,Benign
67,12,17.319188960633717,3072,47.487441621364745,22010,113.97806706217617,8,9,4,5,49,1,33,Malware
94,34,30.921593741115416,3674,20.116218072091826,9207,316.3132905427524,5,4,0,5,37,0,26,Malware
83,26,14.86716964104628,1093,37.26520861990036,9766,436.2601298964501,5,9,0,4,43,0,97,Malware
53,33,33.93310199525005,3352,31.676729722721568,13217,444.2672475489206,8,0,1,3,28,2,34,Malware
76,33,10.175148409546788,3232,37.82379288854035,8048,434.0474901934151,5,7,3,2,1,2,69,Malware
92,16,12.25039447121518,3330,16.776671201413627,13813,185.8985941684474,3,7,4,3,16,1,72,Malware
86,22,18.910392522647236,2178,28.061393775650586,18377,270.45939183995904,2,5,0,0,2,2,95,Benign
84,39,28.92226178166109,1685,43.34519154330869,13908,345.53034207258895,4,6,3,3,2,2,32,Benign
89,36,26.94726432885001,1862,37.926539704051365,24044,367.0225968272133,8,6,4,3,43,1,95,Benign
91,25,10.233980528431692,1684,37.44848794559098,12667,233.8333686504742,5,1,3,0,17,2,93,Benign
59,14,12.100550779035107,3713,35.54150560656272,23125,377.0569295001844,1,5,0,0,22,1,54,Benign
51,13,22.257889671525124,2037,57.19424550194392,24456,336.3588029870451,11,6,3,6,16,2,85,Malware
58,35,13.85494235896109,3937,56.728484896986714,12903,326.7102298824606,5,7,2,0,13,1,90,Benign
70,19,17.669759734388105,3863,28.007248639914714,11725,365.20992949411084,5,1,3,8,7,0,62,Benign
71,22,19.59782526461087,4711,27.59475057921024,25117,341.34717154647,10,9,2,3,17,0,36,Malware
94,19,22.82738016051214,1340,37.74492282865306,9464,166.74985386346475,9,7,4,2,21,0,74,Malware
60,23,12.531539733177961,1603,14.78031420696039,6845,449.76653094611197,4,1,0,0,31,0,54,Benign
59,35,9.894204306648787,2806,25.150335038375793,17429,196.22790138900672,8,8,3,0,15,0,65,Benign
47,31,16.95690163382079,1733,21.543378290058637,13205,397.79551249295776,3,1,3,4,43,2,10,Malware
46,21,7.460786745668003,2496,21.169483416821425,29019,170.58266918338194,4,2,3,1,23,2,46,Malware
67,36,20.80295513272737,3866,41.92527629476339,7758,364.3865651444909,9,7,0,1,41,1,87,Benign
43,10,30.188154777049228,4893,29.217516717207467,21914,458.27350351966254,10,5,3,1,46,2,52,Malware
85,38,8.569269782981557,3954,18.55821873791531,28961,103.88420614824963,1,8,4,8,26,0,99,Benign
51,30,8.38191596388587,2131,54.37859224938798,20162,491.87106661611574,4,7,4,4,30,0,76,Malware
96,39,7.4065339660205645,2354,53.70743439688971,28701,111.8703466639619,3,9,4,4,11,2,56,Malware
85,29,30.43583869285706,1539,53.12314617661176,29325,104.54704835786171,5,5,4,0,38,2,31,Benign
48,29,7.4211468478448905,3486,29.537247112889638,24262,443.02403933491934,4,2,1,6,26,0,25,Malware
86,16,34.50386106153208,2732,12.849122675522619,8404,383.4816012416277,2,2,1,0,6,2,81,Benign
73,18,15.74993882138354,4035,15.337100894721802,21766,142.3242631713506,8,1,4,3,46,0,20,Malware
64,17,14.862864774274305,2735,23.80240398856496,26394,474.9659626383758,4,7,3,2,3,0,34,Malware
30,36,7.748952562911477,3713,20.998500205432734,20710,368.7728964651375,4,9,4,8,25,1,26,Benign
81,22,22.569236379152507,3431,53.69928100744177,14481,144.41741741523697,2,4,1,3,41,0,59,Benign
99,23,22.576466370583752,3629,59.317909019462974,10068,444.2214383697827,1,8,1,1,15,1,98,Benign
66,21,19.81417481870428,3207,50.833683116590116,18968,292.36194090392013,8,4,0,4,21,2,93,Malware
94,17,14.330604416476513,3479,46.49244513745942,15229,211.25347602675393,5,4,0,4,42,1,24,Malware
80,30,16.05742670196264,4935,39.43120699636571,28478,430.0164200930712,7,7,3,8,6,2,16,Malware
30,31,14.615101810212142,2419,48.49541495899364,16908,395.3785814763508,1,7,0,0,23,2,31,Benign
50,27,17.784392248415056,2989,57.351665609619545,15644,349.2175208576251,0,1,2,0,12,1,41,Benign
82,25,15.25364316443678,1614,40.06723349535405,28548,459.4052608531053,7,7,2,0,27,2,98,Benign
45,38,25.2655195959575,1487,17.730662200991695,16686,444.5119240272676,6,6,0,4,15,2,24,Malware
90,20,13.873594170418093,4819,18.192915863435985,18971,190.71666337795622,1,5,2,5,8,0,19,Benign
83,25,15.525146944833624,2212,39.19314015642931,8014,451.4744617525642,1,2,1,0,25,0,14,Benign
69,23,18.063796543674442,2441,26.67342698924039,25366,249.6159358294823,5,4,4,9,43,0,90,Malware
55,12,5.118855028127007,3390,55.51236876224847,9174,272.7097343205014,5,1,4,0,48,2,15,Benign
94,30,19.762477226626757,2384,40.58211669179862,29884,488.9329548514276,1,8,2,0,19,1,12,Benign
93,11,12.674594095788038,3156,43.824630671168016,8104,403.9497314183279,9,4,1,7,35,1,40,Malware
72,12,6.684513620735537,1848,10.291035505045128,24321,228.5943817450102,0,7,1,0,21,2,52,Benign
46,13,32.33063896294385,1300,34.94242760313115,19017,359.1703558666149,10,4,0,4,18,1,81,Malware
88,31,14.672562016607959,2391,31.558236069445584,14905,315.7297345060447,4,9,1,1,29,2,42,Malware
52,14,17.782557910181126,4326,45.29359283837665,17063,146.64129481823238,8,8,1,4,27,0,32,Malware
36,19,29.820294750147255,2339,29.131933016668285,20814,455.1009351959934,2,0,1,3,40,2,52,Benign
73,29,10.003669122611594,1704,58.82875159435812,22096,428.75259345359575,5,5,4,2,10,1,21,Benign
82,38,30.50926428744023,4142,43.51015907782009,22334,411.08414275477475,1,7,2,5,5,1,19,Malware
63,11,12.249138442321332,1268,42.99591665712947,22819,323.6613550308051,6,6,0,0,22,0,42,Benign
75,21,22.671136748459514,4917,55.967057237899134,9565,188.33497611256726,7,1,0,0,14,1,22,Benign
97,36,25.57035140498535,2524,59.76024169491728,6538,453.5584117278377,2,1,0,0,40,2,57,Benign
45,14,32.15041837603326,4280,19.89103446310566,15804,241.1862574475922,4,9,3,2,1,1,15,Malware
48,14,23.229139840523956,1477,50.5266571607364,18225,108.04724718205789,3,0,2,0,13,0,33,Benign
31,36,18.59695403750001,1175,18.115974766101374,29321,492.7096710984627,7,0,4,0,27,2,36,Benign
39,32,22.168080570253323,1238,32.85217265271049,23552,444.462841368767,7,2,2,2,49,2,72,Benign
79,10,11.062473882206117,3940,15.009270216623507,23584,349.0721421751685,9,2,0,11,48,2,33,Malware
41,13,25.67223002449552,2968,41.168548923358244,23054,104.96285577099785,3,7,4,1,17,0,64,Malware
99,36,10.606421361516656,1609,33.42590817025375,17861,191.08642286992165,3,8,2,2,8,1,19,Benign
51,30,21.717428362347707,3906,41.43494741628575,24748,280.81995519032984,13,4,1,4,28,1,29,Malware
61,33,24.42810984081467,4513,43.89803763077065,23499,351.23396929856824,0,0,2,0,26,0,31,Benign
30,21,31.95749541223264,4672,40.9716125015619,13416,383.2618066970613,6,1,1,0,20,2,54,Benign
83,21,18.505694779328437,2787,24.701456130368655,5846,415.30907912060803,9,3,0,3,19,0,61,Benign
87,25,28.259996797676376,1491,51.847957862183435,28085,322.2643702748062,5,8,1,0,14,1,28,Benign
99,33,10.025914649128296,3146,37.5843099687562,20211,362.4733711405523,9,4,3,5,25,0,27,Malware
47,26,9.68589436201475,1328,34.49255866084016,19582,424.4970792861455,9,8,4,0,36,0,89,Benign
35,30,20.743940411597904,4397,59.35319021174372,26819,387.9365241323218,4,0,1,1,28,1,83,Benign
74,19,22.89022295330309,1444,24.17539533532384,9069,481.9249328826826,7,8,4,2,8,1,57,Malware
52,26,23.970231221987245,2689,36.401515244758656,24340,449.85836015923536,5,7,1,0,49,2,79,Benign
52,26,27.37022126071335,1997,44.11622893039957,25771,167.74451111816956,6,0,0,3,33,0,56,Malware
55,27,13.847944632836297,3342,16.26129664666168,29031,478.96765068683226,11,6,2,2,6,2,22,Malware
36,11,23.678231655573665,1441,27.711986207326767,11911,181.67039702584478,3,4,1,2,25,2,17,Benign
73,34,10.64417362418968,1794,50.084435799866306,14775,496.50551428057463,3,9,0,1,1,1,97,Malware
56,13,11.569931271636868,2831,21.837911729991504,28132,380.5318168000026,10,7,1,1,30,1,93,Malware
55,28,7.019266651216438,1890,34.66451824518033,22354,351.01262109652794,9,3,3,0,5,0,98,Benign
65,20,27.41001758416191,3078,41.53153029914856,29069,229.72911050588544,9,1,4,3,9,2,14,Malware
84,26,20.20978911156752,2154,43.55811766538,22600,153.2430099665592,7,0,1,4,8,0,77,Malware
93,21,12.145571167986859,2751,46.41552210239129,26490,150.46920657974812,9,6,0,1,24,1,99,Malware
86,11,21.687131771008712,4598,53.298865852147216,26937,446.63007703607616,6,0,0,0,25,0,44,Benign
98,15,15.627205959013626,3485,29.64297215168188,28625,272.97673847985504,4,8,2,2,41,2,24,Benign
90,18,30.116297308678053,2349,45.33159629819281,17912,323.9407427452475,4,0,4,0,8,1,44,Benign
31,14,20.84443642386092,4338,46.60873238851258,24095,472.7344430549469,9,5,2,10,38,0,84,Malware
84,29,5.894321685614784,3333,25.01370650634951,14478,202.14188192397967,7,1,4,0,21,0,42,Benign
67,38,34.55285859019217,1290,58.40789751058206,5057,405.57499417086063,1,5,4,1,19,1,49,Benign
58,30,7.228956147078027,1367,53.2609586761031,14876,288.18590473528883,10,5,1,7,3,2,77,Malware
55,18,25.878745667002093,1485,24.493066434978203,11869,185.101863647655,12,4,2,4,39,1,69,Malware
64,37,18.11767517607831,3602,43.75343383434938,21171,441.18867223216307,9,4,2,2,16,1,30,Benign
96,38,12.479534195602888,1167,45.8900317229647,6304,371.97966937990014,4,7,2,3,1,1,76,Benign
58,32,25.29374703388709,2884,31.574181813768966,23014,137.96867303075607,4,6,0,6,10,2,44,Malware
63,17,8.77692061114961,4542,53.18716429704832,25464,316.70287811559285,7,4,3,3,6,1,10,Benign
70,29,30.74740095369475,2790,44.51146767545198,25687,440.705540877304,3,3,1,0,5,2,27,Benign
70,36,12.518359577393966,4241,42.90773425763591,11003,126.77392328861674,1,0,2,0,17,1,15,Benign
52,17,15.843609751519018,4958,21.04201861423591,21796,266.5099188902183,8,1,4,5,21,0,28,Malware
32,31,23.979309089125888,3818,30.392115567479124,23002,422.08578820670647,4,9,4,2,29,2,40,Benign
87,30,5.030879466961,4417,31.696124456617493,26555,443.34291204408333,3,6,1,0,31,1,57,Benign
61,38,19.182458431666014,1077,46.68305482895103,10136,410.14511053384666,2,9,0,0,3,2,69,Benign
60,37,31.82746764505014,3898,40.91972726287762,7777,222.2838300106224,4,0,2,1,38,2,65,Benign
72,32,25.412469238209088,2108,14.293029531313353,5739,302.7718242516188,8,8,3,1,28,0,58,Benign
36,15,16.637010948159038,1891,25.384897594362002,26283,396.5111906659921,8,5,0,0,28,0,17,Benign
30,12,24.81273284433056,1660,33.65237522307727,20783,161.03510117818232,9,4,1,3,1,2,79,Malware
90,14,33.09708274710019,2224,46.83664729284965,22302,337.9991053029664,9,5,2,2,12,0,96,Malware
43,18,10.6341595050795,1588,47.1784565039837,12585,388.1494900835887,9,0,1,5,16,0,77,Malware
81,16,20.954240265160017,4432,34.52716542858184,18753,439.996747744424,0,1,1,0,25,2,21,Benign
35,37,12.042127436392859,3809,15.84661911303388,10621,144.66868954271746,4,6,1,5,18,0,24,Malware
39,13,30.626739175121134,1564,24.645170168641954,29191,231.86987783701971,10,5,1,5,8,2,60,Malware
59,16,26.631507548046898,3859,22.734619112353464,17367,316.6615796741861,8,6,3,7,6,1,77,Malware
50,14,29.032277607484815,1301,49.05132051541206,27716,380.42275996581617,1,5,1,0,9,2,19,Benign
89,20,33.29035557479499,3340,18.99931570028268,6503,392.01451820996823,6,6,4,1,18,1,39,Malware
92,38,11.969263291465449,1293,33.24606111975961,24611,201.30366958886387,3,6,1,1,30,1,55,Benign
71,24,6.461575145472437,1108,43.5359401757195,5827,105.5506448068749,6,5,3,7,20,1,85,Malware
80,11,13.727111605067792,3412,58.23930764750185,24615,377.52679120231505,11,7,1,1,18,0,51,Malware
93,22,16.974179258848103,3647,59.962029011222,20089,463.65051493590875,2,6,2,1,37,2,48,Benign
85,31,23.75479420018599,3725,57.64610717777195,24257,419.00681804137565,6,8,0,1,29,2,17,Benign
70,25,28.931136874271314,2517,45.91211726267675,14809,348.98644122504766,1,4,3,0,11,0,68,Benign
61,16,15.494098641406486,4338,47.322041651104584,18355,491.02817622064015,10,7,2,3,18,2,70,Malware
44,17,19.204909602107872,3140,47.96050488045087,27236,273.24671123774215,6,7,3,0,33,2,79,Benign
91,15,28.56401797958576,2708,53.1302438273145,14876,310.01990039523844,0,7,0,0,3,2,90,Benign
56,33,11.75986178986326,4135,57.5892731426104,18947,104.9147055833529,3,3,4,0,28,0,96,Benign
57,16,11.513957838152955,1427,32.28530722601637,10632,478.38054513348476,1,8,0,0,5,2,59,Benign
93,27,22.67698969490101,1637,30.825543902106347,13886,333.33866197297465,10,9,4,4,16,0,16,Malware
88,39,18.08170491553601,3415,33.02322311893154,24663,256.319993562248,7,3,1,4,4,1,62,Malware
87,31,33.46690409106306,4813,42.99085857282971,25400,117.82573435496198,8,5,2,0,18,0,16,Benign
31,34,15.71091628953734,1104,48.77226981388823,23452,244.9676257305618,2,5,3,0,27,2,39,Benign
65,37,27.78666810520499,3256,53.52721954506646,21374,101.43924067026147,4,1,4,2,18,0,86,Benign
42,31,22.49278230392107,4645,32.81053771413028,27008,229.73405519925535,9,6,3,0,2,1,63,Benign
44,29,6.637282758490288,4059,28.16863130900647,21282,480.5819696274099,5,6,0,5,6,2,47,Malware
89,16,7.531566440283452,4823,59.167630735111324,10523,161.70694569215857,3,0,1,0,48,2,91,Benign
51,12,11.094694645699708,3521,21.594381050361314,14438,318.16444363577295,5,4,0,8,35,1,39,Malware
92,14,9.294578685470778,2084,21.100241762623863,13591,174.64692804196886,9,8,4,4,19,0,94,Malware
54,10,14.88114468933328,4417,45.77037274132478,20821,413.3516521232685,7,9,2,5,29,1,39,Malware
77,24,22.369667479960704,1011,18.982864780132118,23991,324.95912289546084,9,4,4,3,11,2,27,Malware
72,35,23.070876290221587,3513,29.97044998730612,20391,180.8944073409118,7,9,4,5,38,1,71,Malware
67,12,22.633033554882196,1648,24.619341115712597,5287,446.4965192955413,8,6,0,0,1,2,38,Benign
70,17,8.528259038994623,4266,18.43552283784743,20796,413.60951313339467,3,8,4,2,21,2,58,Malware
74,34,23.006762325814883,4145,38.98536195489468,22787,480.5205317702212,8,0,2,2,35,1,54,Malware
69,18,17.292406605721553,1874,28.675574537731443,9532,100.25127715705379,6,8,1,11,8,1,60,Malware
46,24,32.091579957581814,3433,33.1117086424223,15369,282.84677887883174,11,3,0,4,3,1,29,Malware
86,19,32.35952588323083,4207,19.7931502412758,5440,499.9365201991687,5,0,4,0,15,0,40,Benign
31,11,28.045214800515183,1883,48.39334013358783,26996,424.47516678872404,8,7,3,1,17,2,56,Benign
91,29,26.093214532976724,1554,25.735604172537286,9885,432.51445274297095,0,2,1,0,28,2,92,Benign
38,14,8.44858151952419,4985,27.13590895134494,26476,348.4529850905271,3,7,0,2,36,2,22,Malware
97,28,7.540826347600916,2459,22.607698105005632,6268,385.15986083329506,7,5,2,4,41,1,86,Malware
46,22,30.22501072742258,4110,31.72017860595169,28603,422.1305035134432,7,5,2,1,14,2,54,Malware
79,20,17.810474493723653,4614,33.178831361933604,11864,136.91225903676005,2,7,1,0,48,1,79,Benign
69,10,18.540868256028382,3701,36.483345816475754,28391,377.0322334442919,4,8,2,4,17,1,66,Malware
87,31,30.43379270039091,2343,58.378414099096986,19565,426.16324001309556,6,7,0,5,39,0,96,Benign
50,39,23.642928771823648,2894,55.23459040228517,5185,116.34631507403682,1,6,0,3,20,2,37,Benign
47,24,10.38221722706317,3912,40.469631549352684,25641,218.82127221076564,5,2,0,0,39,0,10,Benign
84,35,11.330396869620817,1988,11.945173388154874,21348,229.60464635313693,3,3,4,0,6,1,64,Benign
58,27,5.191315071045043,2579,40.61301704383673,15640,441.83295811242095,9,8,2,0,6,2,15,Benign
53,25,26.320102818246944,4771,14.483430338205814,8543,412.1405558387469,7,3,4,3,13,2,72,Malware
46,18,19.56834975483455,1352,45.51721192593737,14671,362.5685883662027,12,7,2,1,35,2,65,Malware
47,10,33.49891738511096,3561,29.50388232904653,9886,421.8892723371475,7,5,2,2,35,2,65,Malware
71,20,26.420384037448038,2506,51.884824578425935,9640,281.37188026308365,0,4,2,2,46,1,57,Benign
74,18,8.094579822997002,4487,57.12646226325653,6144,449.95223612084436,7,6,3,4,27,2,30,Malware
46,32,9.846243798178085,3851,30.85551707328045,25548,193.68633724122932,9,0,4,0,32,2,86,Benign
43,20,20.05173940349978,3029,33.02776477368731,5634,381.830752599941,8,9,1,10,34,2,90,Malware
78,22,32.74622505988198,2846,39.50737905064251,12577,196.70047390950185,3,2,4,2,3,0,89,Malware
58,35,12.417532696513446,4441,19.856636092902527,22687,115.94478936432888,3,4,2,8,32,2,57,Benign
33,11,29.767406057373176,3390,56.36664204141807,17853,213.66049592791268,1,3,1,0,7,0,73,Benign
49,23,14.368172604070255,4396,31.64999632506863,21916,297.16273139625144,3,2,1,7,34,0,54,Malware
76,15,13.096915686673343,4438,18.341016795800364,24081,437.3744060284689,0,2,1,0,21,2,54,Benign
38,17,32.04178247991487,3383,48.1365916709442,17841,303.5425957329428,12,8,3,6,29,1,26,Malware
56,27,6.417247762179583,4367,20.95756862219926,5952,171.66024102923683,8,4,0,0,4,1,81,Benign
44,25,24.822231162015317,3071,17.17646375359275,7805,497.1063883998891,3,2,2,3,4,2,51,Benign
48,30,6.295025428436693,1884,38.14360377470035,28970,208.0292271922497,10,4,2,3,39,1,98,Malware
81,38,29.022913597146747,2465,43.57476276457954,19363,494.1178900393545,9,8,4,3,1,2,73,Benign
55,21,29.882130648665196,3151,38.478137033245815,11782,474.5338726032896,6,2,1,0,31,2,61,Benign
55,20,31.80069723978953,4483,42.82553244736816,16407,316.9766034562573,4,4,3,1,45,2,49,Benign
55,15,10.582701847821811,1573,15.776200615387221,10212,136.78523305668523,10,1,1,5,17,1,73,Malware
75,12,8.734944677792013,2688,33.80090189420537,9130,378.16592458179,1,7,4,0,7,1,17,Benign
78,23,20.106051396744007,1774,27.85093220442706,29326,438.28706461952567,10,5,0,7,49,2,60,Malware
82,37,13.148978646801678,4365,58.66843081200609,24925,278.1204398718037,8,7,2,5,44,2,75,Malware
32,11,23.188924167411955,3934,12.481196708973371,15765,195.61618373835643,3,0,1,0,36,1,82,Benign
95,20,20.412418717122723,1242,24.91471015299615,8386,421.1296658850627,10,1,2,5,21,2,59,Malware
71,31,9.345563306762802,3389,57.0931097045861,16069,318.0311302703715,1,6,4,0,23,0,29,Benign
48,12,27.178114815553133,4925,59.17480915921647,14929,179.05200192619117,1,6,0,1,13,0,77,Benign
46,27,29.113531355777912,4930,51.245080386356676,16073,479.8154563869909,4,8,3,4,42,1,69,Malware
62,10,33.89129067182643,3680,13.799912200820465,21149,479.2392906740714,8,5,0,5,34,0,63,Malware
78,39,16.86616629083418,1864,38.06775141717702,18294,246.8198693778339,2,6,3,2,36,1,73,Malware
85,33,15.132048064446629,3220,30.006149633523357,15727,125.60124365669606,6,3,1,3,5,0,52,Malware
92,10,10.767879680598153,2439,50.322628384770084,11090,352.3154138198837,9,1,0,0,36,1,41,Benign
32,21,10.425951656275958,3150,12.751211778566665,10495,226.89069383338585,2,8,1,0,31,0,18,Benign
78,24,14.63159856139956,3207,19.856437582235106,29042,126.54210440001967,6,0,0,0,12,1,39,Benign
84,14,34.45450107062804,4328,34.45975331113147,23784,456.72256578742645,10,5,1,3,46,0,58,Malware
55,36,7.767760241724688,1713,17.882383147391348,17147,499.2465258401124,11,9,4,6,42,2,10,Malware
81,15,12.780986062324505,3604,44.635757134714915,8552,240.16220548411275,8,8,4,6,28,1,58,Malware
36,25,7.579351906251248,1575,51.03836105698991,22362,397.89850535367816,8,9,3,0,48,2,46,Benign
75,36,13.208941782072127,3243,45.225994681382176,11547,126.3083169120614,13,9,0,6,28,1,71,Malware
75,21,7.772042975921149,1988,32.014185681999116,26897,247.88217582385226,9,1,0,4,7,1,27,Malware
45,21,20.249266002680844,2414,53.91938331263231,29978,143.5007064198563,12,1,3,5,34,1,95,Malware
53,12,18.15066960560949,3981,16.884306585997084,15996,122.13997486540663,8,8,1,2,22,2,64,Malware
90,39,10.221509911596893,1069,23.016929194950443,22898,335.5164162037983,8,9,0,5,24,1,92,Malware
83,32,10.244236813255583,4764,34.47698426261516,14739,420.81239500929286,12,9,3,3,14,1,25,Malware
91,11,23.783272211581785,1842,13.066929943962599,21777,281.1881004566882,4,8,3,3,16,1,94,Malware
30,16,16.613640169716298,3294,14.784289078327363,24014,309.6716441763847,4,3,0,0,11,0,58,Benign
78,11,6.685848101997708,3376,29.872168586118605,27199,208.29200681008385,7,7,2,0,30,2,73,Benign
54,30,32.60577799301204,3205,57.1943148367277,21487,394.5549123495259,3,7,1,6,38,1,66,Malware
39,16,17.14857457429401,1917,55.42068466385001,18297,244.42930685674008,1,1,2,1,42,2,48,Benign
45,20,22.731426645700644,3745,33.298742913920556,6743,126.99960813053104,6,3,2,3,7,2,77,Malware
87,20,31.56235849755121,1742,17.107927225536503,18536,166.20308441026648,1,5,1,1,46,0,24,Benign
58,23,17.064769918209436,3632,18.90538279792178,10436,151.38744209820692,5,3,4,2,45,2,21,Malware
35,12,29.619801182337476,1054,28.877302730456364,5421,274.35111575984763,3,6,0,0,3,0,89,Benign
45,23,32.4425667380885,3533,20.50370975433907,11416,126.08506983333902,0,9,3,0,15,2,73,Benign
49,20,10.222021509901104,4314,14.148779719518892,27581,422.5937289868143,5,4,0,0,49,0,98,Benign
72,13,31.77477380009927,2837,43.68887417599986,26676,463.20207600860044,6,3,2,1,30,0,86,Benign
55,26,8.594973401191345,2376,39.07243188963474,19582,199.3576716809267,10,5,4,2,33,2,29,Malware
62,25,13.253822281379989,1409,24.56483789890425,11808,294.2039027127812,8,5,4,5,37,2,43,Malware
55,12,29.246343429507096,4007,48.947419127615206,9713,307.6252257586276,5,4,0,9,37,1,28,Malware
74,34,32.02053644862835,3952,48.797444385291726,8177,494.00048658317854,1,5,2,0,17,0,84,Benign
92,19,25.524163651191714,3774,34.550098510638094,8776,126.24783135463082,4,4,1,0,48,2,28,Benign
96,30,8.144775485674781,2038,14.826627775594694,25774,367.1529470971581,4,6,3,7,20,1,91,Malware
81,24,20.68976830714258,1146,55.92347000506788,29851,238.3059932851396,10,4,4,3,33,2,58,Malware
97,17,22.179023271493143,2513,43.43302617704856,28112,300.72248484506196,9,3,3,0,27,0,38,Benign
55,27,13.455791900019726,2679,22.352540957597547,28594,186.81382827814824,4,8,2,1,37,1,29,Malware
31,12,34.73887420701193,2048,40.52272735171133,21243,164.09691207048866,6,4,0,0,20,2,37,Benign
43,16,15.068838705781918,4682,30.251074791381512,29769,197.4261194769461,5,5,2,5,34,1,17,Malware
59,39,11.307643078827777,2714,41.7674819867979,17598,128.5047857032437,9,1,4,1,31,2,49,Benign
78,19,8.304080859561466,3380,33.693544786551044,22510,211.23611887266205,7,0,0,5,5,2,55,Malware
41,29,16.35503782619414,2197,34.27360751198667,19980,376.1403687927511,1,2,3,5,18,0,65,Malware
73,18,25.7785607493816,2798,46.79410459536797,21633,360.59277409777457,8,6,4,0,19,1,78,Benign
62,23,11.942512798774498,3337,40.68628730319879,16659,321.79848223693443,7,0,0,2,38,2,50,Malware
42,32,28.086326523907832,3617,13.997634562211283,10051,100.15496518817781,2,0,0,9,17,2,98,Malware
55,23,9.062038031651813,4917,13.268678522315183,11111,150.31279992160447,6,7,3,5,23,1,93,Malware
50,20,18.214037929357122,3838,25.25046187483626,9391,437.1477714594656,7,2,2,0,43,1,80,Benign
57,37,26.07121220318123,4990,31.512299826937316,29813,208.695347905829,6,1,2,0,47,1,37,Benign
77,10,9.059282080629131,4216,23.761127958964302,12787,464.8795554316492,5,7,2,5,2,1,34,Malware
69,13,22.93526629984932,3956,42.5729929034959,25104,449.81844591132653,8,9,4,6,44,0,65,Malware
95,35,28.968575372507168,4193,19.755396586281094,25393,161.97081365367018,7,1,0,2,24,0,67,Malware
52,36,22.866466888676197,1026,45.207054819808484,9905,459.2608169012495,7,9,1,0,48,0,86,Benign
77,15,20.343917729825527,4137,48.65753709444651,7336,351.13393222500844,10,6,1,6,44,1,81,Malware
31,31,30.14898659608522,2124,16.215965379782528,23968,352.11472213389084,6,6,3,1,1,0,76,Benign
49,35,34.5626105000365,3973,42.5403121681494,23149,441.0719462294382,10,9,0,3,22,2,89,Malware
88,31,10.439388570655243,3435,58.071798795005705,8917,262.02230581899596,9,5,4,0,14,0,89,Benign
75,14,25.740390239826112,4165,19.64119086316734,17808,394.1053185679117,10,0,0,4,39,2,96,Malware
32,12,7.419726630186101,2090,55.465141555807726,6114,367.10574254144564,9,0,3,2,40,2,19,Malware
84,11,6.285230719218415,1249,40.30239746370083,18010,408.6058671679706,0,2,1,0,13,0,15,Benign
41,12,13.424569106930303,1141,39.5472433665856,11040,364.07557969621473,6,3,4,4,12,2,92,Malware
69,18,34.12759365580639,1266,12.596134116043359,22523,132.02192026268463,11,8,1,2,7,2,47,Malware
95,28,21.565869541068132,4623,47.41501391931991,12967,217.0844009241517,4,6,2,0,2,0,99,Benign
45,28,13.048140318662336,1214,33.913652632402915,27037,475.9683492090885,3,0,3,0,3,2,27,Benign
63,26,8.977582892148764,1488,46.058719591756706,27876,189.37007546244956,4,3,1,10,40,0,29,Malware
73,27,32.60550209040008,1495,50.4590551723303,26046,288.904160401044,9,5,4,3,36,1,15,Malware
35,20,15.87099745614322,1479,36.189818668613924,17763,242.77119030189579,8,5,0,3,13,1,90,Malware
93,21,14.200918111609948,3690,23.18221566391571,24900,134.51948933098475,4,6,3,1,39,2,39,Benign
51,12,30.738902959970154,4561,17.078624569640667,19443,172.47547559511665,3,8,1,0,30,2,25,Benign
47,27,23.132084951326117,1000,18.025156396620716,15168,214.66684850318862,8,5,2,0,44,2,34,Benign
41,33,10.059083349248816,4080,53.34673269728994,19924,285.32739427426094,2,0,1,0,36,0,60,Benign
81,15,17.645315945575152,2903,16.178904781519435,14788,449.8095942564536,2,2,4,1,37,1,25,Benign
80,16,32.846932043171236,1840,29.23470365232842,6145,306.246512870351,3,0,2,0,14,1,79,Benign
77,10,32.03610723693063,3427,26.71373231445154,6627,360.7619843131485,6,5,2,0,26,1,46,Benign
48,15,7.103293781729326,1843,53.272783336948514,15050,270.38206067877616,1,6,3,3,47,1,73,Benign
35,27,13.058395782578666,4968,33.884675034714576,22629,448.02494078072516,7,2,4,0,40,2,80,Benign
56,22,9.636181940874483,4215,59.82232086740688,14674,365.04858163603745,5,9,4,5,7,1,69,Malware
82,31,21.014351427750345,2885,46.852737315157235,27145,136.2521012557545,3,8,2,2,28,1,64,Benign
77,28,27.49949951090955,4911,52.54617877021428,21753,291.0004829063729,2,0,0,4,8,2,61,Malware
36,16,13.866296334679028,3349,14.933613301333745,19264,430.89368180410105,9,0,0,1,15,2,65,Malware
88,28,27.73988232155965,1649,22.655112763244794,26239,393.4621410662087,3,6,3,3,5,0,26,Benign
98,18,25.061467192075042,2440,16.772309778591413,26704,462.12445911196056,8,4,3,5,33,2,36,Malware
40,12,26.846666282225506,2893,33.18109862002798,24616,191.0671355877954,8,4,3,0,44,1,12,Benign
44,32,33.447311399079595,3856,45.91437440809549,23169,490.86886567875985,5,4,3,4,43,1,38,Malware
93,21,17.738355823601083,4250,18.45317841015001,21958,214.03106714794626,7,4,2,3,36,1,13,Malware
32,29,15.277040738344375,2301,16.50842722848694,20759,120.07195103670156,7,1,3,4,49,0,36,Malware
98,33,25.51541624395063,4215,40.73043743902202,21088,298.26905087859507,0,0,0,1,36,0,93,Benign
52,39,29.226714244333706,3386,21.515637688171196,10504,144.13549539058192,0,4,1,0,3,0,85,Benign
82,27,10.743358751278151,2482,33.96625358768705,13020,372.524376403869,8,9,0,1,22,2,83,Malware
66,17,30.40398802444284,2725,12.555886386385886,25087,460.22250829964975,7,8,3,2,22,1,23,Malware
38,18,6.7355747299727415,2354,44.03064060337324,19404,468.5373087274078,4,7,2,2,32,0,65,Malware
44,22,5.191812562280587,2293,37.06581908210268,26861,342.81489707458456,5,8,4,1,38,1,31,Malware
32,17,9.752814482185382,4046,42.37114494793164,7572,314.1059483419142,8,2,1,5,23,0,33,Malware
99,31,34.36001560919698,4258,23.7703190029873,27289,497.59656928211047,12,1,1,5,21,2,99,Malware
46,19,20.706961328533293,3713,23.930148768076556,23499,331.77028759435615,4,4,3,1,4,2,20,Benign
55,26,6.397022345423281,2195,50.06802665453791,28821,470.9833295248908,1,6,3,3,15,1,93,Benign
50,16,34.91527052149139,1403,45.92811564924131,17271,466.6380202176263,10,3,1,11,45,1,81,Malware
50,26,27.347337644810676,2491,38.98643255993073,14348,215.80551834040278,9,1,2,1,21,0,38,Benign
40,32,30.14015227853649,3294,41.40717378910402,22469,105.5004302310112,10,8,1,4,20,1,82,Malware
67,39,11.388215794402504,4972,14.702208975055271,29736,275.6673631192728,8,5,2,5,20,1,47,Malware
64,27,8.16348302709073,2546,52.80856522256268,12193,444.5480544445643,7,2,0,0,25,1,79,Benign
43,33,20.452548281529033,3606,48.49535165058313,13950,434.4536868337504,9,0,3,0,45,1,99,Benign
43,11,28.165270528467275,3825,39.524576691172385,7748,341.46767501326167,6,0,2,4,31,1,18,Malware
39,12,24.133419569554928,2852,55.92975655504536,10405,162.66336400891382,11,7,1,3,4,1,54,Malware
41,38,23.93177994554513,1110,18.43189538496999,20805,143.03508557195332,8,3,0,2,29,2,35,Malware
67,37,27.712882510649596,4035,44.33286930170834,14021,481.8727935114452,12,8,1,5,35,0,98,Malware
63,28,11.81062476660536,1812,58.14908888260804,14040,268.55907279410286,4,4,0,5,30,2,61,Malware
70,10,24.845578454329683,4374,25.500448228496044,12899,359.26440669349705,9,4,4,1,9,1,15,Benign
39,30,16.76332007406072,1929,10.764615703375476,11981,462.3457659821459,8,7,0,3,37,1,30,Malware
46,30,7.0926045596101766,1885,46.74337334845666,9344,447.9572705282366,6,6,2,4,5,1,69,Malware
46,19,11.064278187301559,1908,10.349016222806354,18402,326.761272852268,10,7,4,3,18,1,68,Malware
96,30,28.820112176146775,4544,53.62668245910835,12203,295.16207222910805,6,3,0,0,33,0,30,Benign
91,23,31.87792094241371,3838,12.815062605178493,18318,394.10368524543577,2,9,0,0,13,0,20,Benign
30,22,13.484654345851308,3339,42.63823649359386,14721,239.85827696804435,2,1,2,3,33,1,29,Malware
41,18,10.710828140170463,2982,28.85920722115752,10440,350.1562520501724,0,5,3,5,49,0,26,Benign
33,15,5.801735127355244,4323,20.16703268583664,15441,109.26097344385654,5,6,3,0,40,2,60,Benign
71,15,33.43092165760436,4659,54.91291999269145,7892,429.72502430023115,4,5,3,2,37,0,73,Malware
42,28,25.515647751056235,1174,47.31229259634311,25008,499.21291008783624,9,2,4,0,2,1,64,Benign
33,30,33.710903151294815,3156,27.022028307163005,11687,481.88259694355037,4,2,3,1,44,1,95,Malware
98,19,30.91547548911665,4009,24.20765464286125,28807,243.9579362151258,5,4,4,5,42,1,25,Malware
48,32,15.21399778071223,2363,46.80061470805697,11304,312.44051281766536,7,6,3,2,12,2,94,Benign
31,12,8.380491372665205,3895,51.828538130316524,20389,194.48678524949275,3,1,2,1,29,1,86,Malware
41,27,19.971703845804132,2037,45.79252321479047,25489,221.1949621375755,4,3,4,8,29,1,63,Malware
35,30,5.80441393453013,3740,41.99946125178707,9454,282.93844066105197,1,7,3,0,47,2,63,Benign
37,28,9.49749884430349,4393,21.396236259432442,7171,398.83236274142655,8,2,1,4,48,2,65,Malware
80,14,12.002978870452505,4855,52.64019916382361,13469,107.15295633553654,9,6,3,1,23,2,16,Malware
40,34,24.969397884334256,4011,47.48309917291874,22407,257.50965216605164,10,9,1,7,40,2,22,Malware
92,20,20.296324218622885,3090,35.863714488320724,9621,322.5987673293594,10,2,1,4,5,0,92,Malware
86,19,14.072586683383934,1460,35.579388113339036,17905,186.073216874715,5,7,0,9,36,0,97,Malware
41,26,21.943051975740197,4173,38.45865139036732,23101,131.39147923841597,7,6,3,0,31,0,53,Benign
31,13,8.75607946665102,4696,51.41381970893313,28587,315.82954372733127,3,0,0,11,23,2,49,Malware
37,35,27.671243804558376,3752,47.112977441877874,23364,355.12399379431184,11,3,0,4,16,2,78,Malware
40,30,26.361054162598528,4080,52.81224969729416,22974,356.40091615057804,4,6,4,0,8,2,37,Benign
82,27,11.495080270415881,1148,35.36413858293612,5269,242.6337540142371,6,4,1,4,9,1,90,Malware
39,37,23.191746673289202,1337,41.23245295091286,25481,194.9447183756269,4,2,0,2,2,1,49,Benign
37,27,20.09907812891714,2002,52.72859034479898,18825,188.15457560636014,1,1,3,4,18,1,71,Malware
65,10,6.824489355493992,3271,21.61600300883577,24004,116.20957602292265,1,8,2,3,47,0,68,Benign
43,23,13.344617505084033,2133,32.2010340128112,10226,173.87334078598872,2,9,3,6,19,1,59,Malware
83,17,34.98448112071557,1353,41.03261184896935,10253,427.44245084357084,8,5,1,0,37,2,20,Benign
50,11,7.98606983332448,2107,55.75731286790507,18720,101.2205063044306,8,9,4,6,40,0,24,Malware
79,28,20.192339210664823,3602,10.791800552306249,18762,117.55544102293176,3,0,3,4,8,2,69,Malware
68,24,30.480012638437316,3113,20.628657908661374,13726,150.80757611162684,3,4,3,2,17,0,19,Benign
49,37,14.019556190154919,4459,21.72252538806452,7398,268.0962330703017,2,6,0,1,5,1,29,Malware
36,11,12.821259169812516,2914,26.33063401308971,28579,233.4951337458965,6,7,3,1,8,2,39,Benign
38,13,31.723791550709713,3668,24.089331021033946,26016,171.13434322179143,6,4,1,8,10,2,44,Benign
30,39,14.144898409447192,4685,39.50693927811193,12232,144.37978964276041,8,9,2,1,3,0,68,Malware
55,10,24.544799337583758,4206,54.28101321273727,18505,475.545014775911,2,9,0,3,3,0,60,Malware
67,28,27.209389529929478,2109,41.84889205361947,20658,464.500088517196,11,0,3,1,31,1,67,Malware
67,30,28.65853247921315,1083,22.076327947717957,13655,408.7594433545121,1,1,2,0,27,2,21,Benign
90,19,34.8427891192099,2977,53.18764250350423,5022,200.8087898896671,4,3,3,4,28,0,55,Malware
73,10,29.095762091297008,1226,41.60228945737566,13880,229.4792128068865,0,9,4,0,38,0,16,Benign
73,29,24.71036470662603,4331,20.948106249395078,6286,366.33798730541946,9,0,1,4,36,1,73,Malware
91,31,31.86390673276921,3939,28.08332685832516,8860,216.67955803908478,4,3,4,7,27,2,27,Malware
35,24,32.17233906916842,2012,49.49824033698913,15274,312.2491252909424,6,5,0,4,16,1,37,Malware
46,13,34.19499372978845,1019,46.94655907435571,15726,360.5135377571939,5,5,2,0,15,1,20,Benign
80,16,28.293957934294582,4106,38.82911847528213,22120,307.6785186051826,2,1,4,5,8,2,44,Malware
67,39,10.847819917943928,4936,17.238375137028093,28268,265.3139054860603,3,0,3,3,39,2,85,Malware
53,16,26.294182667119703,3802,50.16446486572521,19290,239.15760542300762,3,7,4,4,49,1,85,Malware
80,31,7.253853249314554,2466,25.377126427637407,7377,411.09996657699736,8,8,2,0,28,2,24,Benign
39,34,14.538887837461804,3988,48.57989694995812,29771,395.5995979910547,0,8,3,0,15,0,63,Benign
50,27,8.474225309467503,1269,42.378318288112936,21236,378.49122565734336,8,6,0,5,24,2,49,Malware
99,22,33.4982782066262,4806,23.20851408217591,27012,249.8708452778446,8,3,4,0,5,2,28,Benign
86,19,15.16262336673086,3453,20.618461406632832,14696,410.2946505393118,6,1,1,4,6,0,49,Malware
68,33,26.396469393297494,2531,16.54549616288594,23499,483.0814527914227,8,6,2,5,5,0,62,Malware
62,17,22.13955307358382,1303,22.09731182940579,18704,375.5918076465967,3,5,1,0,25,0,19,Benign
88,36,8.225342391714106,4741,17.891451122457,10392,263.15970042796744,4,6,3,0,40,1,81,Benign
47,19,21.840333436426324,2308,40.85256238938757,26802,418.59250513078774,4,0,1,3,7,2,31,Malware
85,23,24.830706302746187,4619,39.93915594886268,24302,343.72083042085205,3,3,2,2,31,0,30,Malware
86,23,31.44551771940889,4056,39.308603006639856,29407,451.07081803750975,5,0,2,0,3,0,29,Benign
77,36,7.102569272574295,1809,42.09449046124192,17216,385.2730126576679,1,6,1,0,18,0,78,Benign
71,29,13.869019552905218,2052,50.739226698228315,29760,407.9680215003617,0,5,1,0,29,1,10,Benign
56,31,25.770228317378375,3438,55.67763557749017,14881,366.9745852545076,3,9,3,5,1,0,36,Malware
81,20,6.029949076154356,4487,21.518776895088106,22596,136.80818346462092,0,7,1,0,29,2,45,Benign
71,15,11.106603685324128,2932,39.38872450844629,16837,294.04688797659924,13,1,2,3,40,0,42,Malware
61,30,11.560111892140043,3040,13.916811062363573,11224,122.59594994471774,9,7,1,0,33,0,99,Benign
55,39,25.079792383207216,4838,16.007121917779756,13689,279.01966120921685,4,7,0,5,47,1,72,Malware
54,10,13.578820384263423,1908,42.716965648069525,6565,386.5707954361704,8,1,2,2,24,0,23,Malware
52,28,22.987869867804722,1141,34.32902808452254,29793,268.5021886742191,9,6,2,1,47,0,95,Benign
86,16,33.96045340028922,3693,47.91660434172169,9620,100.65210077375552,4,2,3,1,35,1,41,Malware
81,33,28.797289460037018,2679,31.283874049528567,17408,247.71403724033146,3,4,3,0,47,1,20,Benign
60,27,14.987084139335181,1808,16.379920341646905,27996,127.10359327614178,7,7,4,5,7,1,83,Malware
93,12,19.171999065180927,1947,53.602682691541276,28923,412.23855539962426,11,0,3,3,33,2,74,Malware
62,29,11.020217063030087,4951,14.144423557266114,22889,413.5006277167399,6,0,0,0,4,0,58,Benign
31,39,5.471600309103495,4412,19.4482321267691,27706,422.55143574841,4,9,3,0,35,2,93,Benign
47,20,13.691461943745747,3292,23.84884329809255,17509,112.13087654709372,6,7,4,0,34,0,43,Benign
76,14,16.082258336148143,1765,59.76403035327134,9956,112.90772355392585,7,5,2,1,10,1,70,Benign
62,28,21.931015187554262,3923,30.842991008799196,11765,461.37974346237434,13,2,3,3,10,2,65,Malware
64,30,33.32199947791189,3959,35.085426523905745,16911,149.47355211256627,9,7,4,2,37,1,48,Malware
80,33,33.435562192155004,4076,48.48483754869342,20467,368.0360921776341,6,7,3,0,20,1,59,Benign
47,33,7.102948965778663,1919,41.82077926694069,20696,418.1817568784759,7,8,3,9,44,1,39,Malware
59,39,23.43937038593511,1938,52.07103459706667,23635,279.14548149223697,8,9,2,2,17,1,23,Benign
73,11,6.270579526635683,3496,34.32167292939469,11670,318.5888370856747,4,9,4,0,41,2,44,Benign
82,31,24.442432244471107,3313,58.6088843746611,28473,190.95228943037537,7,5,3,0,13,1,34,Benign
39,13,8.531091868254398,4562,49.8406180793154,19530,469.43998205715843,2,6,2,2,7,1,62,Malware
81,34,33.39208475066301,2262,30.06826941566326,15500,220.72044113577203,10,5,4,4,30,1,65,Malware
78,19,30.930160476169082,3297,29.0635911472624,26345,187.12447575043032,0,2,1,0,22,0,38,Benign
40,11,5.669864916601499,1954,56.47455960221089,18527,310.16141004873145,8,8,4,0,11,0,49,Benign
95,17,28.463951733735687,2314,44.22078179073586,17036,176.20548916034005,0,0,3,2,13,2,74,Benign
87,10,24.07691351511833,1542,41.07168172628193,18210,374.67665175114905,7,4,3,0,23,1,62,Benign
65,36,19.861075719031373,3679,47.891531871690546,8184,306.0461798689,4,5,4,3,10,1,73,Malware
62,15,23.07903460257465,2102,38.041691405585574,10748,159.1217816043936,4,5,2,5,28,2,30,Malware
76,20,25.347501813894127,3954,17.958338654286337,13531,126.89856734210935,9,0,4,0,17,2,90,Benign
42,36,31.533724266815394,3568,25.960773103921554,15286,154.7813978963975,6,7,3,0,47,0,23,Benign
69,39,28.020729831282363,4521,37.89724318544849,9925,154.6498620579041,12,0,3,4,30,0,19,Malware
97,37,22.261334579899717,4627,10.908391046358348,18100,225.14021004633142,2,2,0,0,22,2,83,Benign
71,19,29.738469822350254,3931,31.867535248161392,21872,433.30825967650026,9,7,2,5,49,1,10,Malware
48,22,34.60768869510801,3781,47.79014396379684,14537,122.91760811794914,2,7,0,0,40,1,21,Benign
48,10,14.005460626798842,1143,18.211700225813615,13982,151.23557550494823,11,0,3,1,20,1,88,Malware
87,11,8.552620820548045,4191,13.227947507845286,28649,221.15967310386696,11,0,2,3,6,1,24,Malware
52,12,26.943447821260992,3991,51.801457036384924,16708,321.3332715615287,6,7,2,4,18,0,51,Malware
83,18,34.357890017389494,3612,40.8636934231681,17380,405.1531361774586,4,1,2,4,31,1,79,Malware
94,14,8.501177636074027,4648,18.8289486244732,26755,468.47658101914493,9,4,4,0,26,2,39,Benign
41,19,17.951217740247266,2199,50.31524902915968,22570,264.8352834564173,7,7,4,4,47,1,37,Malware
53,19,6.868029265571667,3117,42.90647357436062,10277,142.3339257692906,10,4,3,6,2,0,40,Malware
63,21,28.295958283123692,4885,26.70596348242191,28106,185.40621734486245,6,6,2,2,45,1,26,Malware
82,27,33.46126147151337,3680,28.80981359808696,17425,214.89905211472723,4,5,2,3,31,1,94,Benign
37,35,19.969824633559995,3936,17.794408159352418,25791,414.4390577979783,8,4,2,4,13,0,59,Malware
47,30,17.285634417805674,4274,51.762779710437016,11433,374.65732704057325,9,2,4,2,38,0,60,Malware
86,30,32.23157069751563,3848,35.4503325821871,19400,183.60212936167014,11,5,3,7,35,0,96,Malware
34,10,9.001651679513499,3227,37.85095383218302,12941,435.4982020254033,7,8,2,1,25,1,76,Malware
55,12,31.747529344250765,1592,54.17459575988739,24653,443.66233773990245,7,6,2,5,32,2,58,Malware
59,14,16.763780084041024,1566,10.791530822654696,23090,452.97550998345855,8,9,1,0,29,2,37,Benign
83,34,21.78219237073692,1690,13.346153126164602,24983,210.00167549106487,10,0,0,5,35,0,90,Malware
42,35,20.84876315384927,4681,18.07894909299075,22086,153.49209796603165,9,4,4,1,28,2,23,Malware
58,26,23.47937523231335,2133,11.501890654407278,18248,141.5829627921086,11,6,1,6,19,0,89,Malware
32,17,33.26369941272512,4495,42.907807831219976,21260,260.0351013758773,0,6,3,0,19,2,98,Benign
87,26,33.53381096802133,1664,41.69397340941604,27040,271.72992411187,2,6,0,0,7,1,12,Benign
31,18,29.934448014910565,2982,20.540095146449282,6273,447.2839991896705,6,5,3,2,49,2,78,Malware
57,15,10.746322311133982,4574,17.47032224433474,5538,207.10241794437366,2,1,4,5,19,2,79,Benign
31,26,15.00548973165378,1405,17.284235069330336,16945,350.75685665308475,1,1,3,2,8,1,77,Benign
36,17,19.63474550763634,1985,57.66207066593211,9212,415.2850839299049,7,9,2,5,14,2,76,Malware
55,30,32.16382818105552,3684,44.67522643123708,24323,207.6611577677607,0,5,2,0,35,0,69,Benign
45,16,20.625944715386357,4162,39.27144142325396,5485,206.85583871087832,5,0,3,2,8,0,77,Malware
52,16,34.32306994006394,4365,26.124343590254714,22770,367.66210494144167,9,5,3,3,49,2,53,Malware
69,24,34.51523515007648,2416,31.652159895439482,22433,390.45451215192867,12,4,3,4,36,0,83,Malware
89,16,22.95752778388948,4108,14.470294059960384,5783,483.905056503217,11,0,3,3,2,0,64,Malware
61,31,31.324860186434336,1516,59.90759440275007,16251,439.976268263068,5,4,2,8,29,1,78,Benign
44,36,34.97668136071697,1849,47.75427317858174,7924,428.82056154795765,6,3,1,3,24,1,87,Malware
42,17,30.491495540636592,4733,41.0726578414114,29561,376.9256894789212,2,8,1,3,15,0,43,Benign
34,18,24.707330395587636,2901,39.38835976139411,29153,147.39465341917509,10,0,3,2,8,2,11,Malware
81,37,30.354005765614847,1907,35.21571860165862,26996,423.69649015299257,2,9,3,2,37,1,88,Malware
70,24,7.479651853694632,1315,22.87137138373479,13061,474.1286903454184,8,2,0,6,3,2,43,Malware
82,11,24.044639525895178,4243,21.319520172986685,12289,256.2871265969859,9,1,3,5,42,1,13,Malware
79,16,11.495660967050153,4477,37.476622859461216,8532,225.46478335443018,5,0,1,3,11,0,21,Malware
44,24,8.48190951952022,2285,13.510040727897584,29408,308.9926569280476,5,1,4,5,7,1,22,Malware
36,27,31.786137569843056,2507,13.723539943426784,9524,482.5822401876495,1,6,4,1,39,2,82,Benign
69,31,24.189348312741615,1026,38.04068015801751,23188,120.33290966937571,3,4,3,2,5,0,13,Malware
57,27,12.30639637765771,2518,55.99060241051196,27779,383.5522562892605,6,1,3,2,21,1,40,Benign
61,19,16.603468932204457,1054,55.71359255649273,29687,425.8673332829462,7,3,4,0,22,0,53,Benign
44,31,34.19829636060176,2934,10.541415033039616,29214,415.4996666894143,10,5,0,6,32,2,65,Malware
99,27,30.86546158638886,2855,15.36971078237249,5969,326.7097619881313,4,7,1,5,38,2,15,Malware
94,10,5.467453865015479,1248,39.15388468793475,23017,468.22519886908435,12,5,3,4,7,2,80,Malware
33,16,34.39402985397033,3320,52.423786090308205,13551,153.80950342542334,1,5,3,1,26,0,71,Benign
40,12,16.05588420039372,4330,57.72245433284144,26246,198.06023869754483,5,5,0,5,27,0,91,Malware
55,23,25.86254497957774,2801,53.02911130228896,5918,222.78252123391638,5,4,1,6,43,1,31,Malware
90,21,26.38029693827581,3238,43.88065676482279,21551,103.47096387664018,2,4,3,0,4,2,87,Benign
66,23,32.35053307121082,3622,20.026253879461787,24705,248.2677028830048,2,5,1,1,18,0,21,Malware
52,38,31.55182628610844,1856,13.631073698948118,20802,164.26393513144444,10,5,1,2,2,0,57,Malware
69,13,13.451887743489827,2469,12.375789134282236,16031,389.850460863189,9,0,4,0,33,0,55,Benign
52,22,24.306064348571926,2876,40.60383923127057,27573,265.9811228509591,5,6,3,3,1,1,81,Benign
45,25,16.811162687870134,2525,11.809430200767887,26521,381.7837788367404,4,5,4,0,30,1,34,Benign
90,25,20.76631209379159,3663,46.96199782327753,26358,217.4613078982158,4,5,1,1,43,2,51,Benign
97,31,21.640355763048174,2416,45.62353686754845,18661,152.76709896864085,8,0,3,1,39,2,84,Benign
60,14,16.8903033749311,4479,13.980541238833945,9783,152.79560942203244,4,6,2,5,25,0,64,Malware
82,29,18.9168206132128,4871,55.33111825183973,9493,181.30550097511008,0,5,2,3,26,2,34,Benign
54,34,11.250268037630335,2794,36.09646443126512,17009,146.08627704835646,6,9,0,5,31,0,89,Malware
73,15,23.229391497844155,4065,55.22192836688658,6973,188.2188295625908,11,1,4,6,16,0,90,Malware
41,15,27.76879446328282,3720,55.0805028094161,15900,331.61373787177604,7,7,1,0,4,0,63,Benign
38,27,17.892236123698236,3730,19.851703194355913,21481,202.53440598546183,5,7,2,0,13,2,77,Benign
41,15,34.33040264612206,1108,29.02888139681424,24460,237.1786245936128,3,6,3,4,27,0,35,Malware
98,16,6.716792222344057,3699,16.73131667519081,7206,121.09359341563284,2,6,1,0,14,0,15,Benign
83,33,22.674820452416434,4676,48.748900506816035,29514,456.8836370279191,1,6,0,2,16,1,61,Benign
83,39,22.50802320331286,1980,35.20624577689313,5086,155.26439683159873,1,3,1,0,9,1,94,Benign
57,33,6.088888352322483,4174,56.440378769749096,14958,239.4663342413907,5,0,0,4,30,0,73,Malware
85,25,11.737105171932141,3273,20.410760743813867,16383,251.79170013532425,8,8,1,4,9,2,67,Malware
98,18,32.16627750948696,1352,44.4183830759613,11315,408.850507610524,10,0,3,2,39,2,66,Malware
87,35,21.335421338276415,4231,59.46184138863544,25031,293.4171413225929,8,4,4,0,27,1,81,Benign
71,36,18.091576249036414,2427,43.26906309104957,8677,253.18251552718306,9,9,2,0,7,1,77,Benign
67,22,17.464893366105166,2730,13.438696641535632,19570,378.3498794361783,6,8,1,0,43,0,84,Benign
97,21,31.644824960603277,4395,39.421217484759524,12645,338.80590028074414,10,1,1,1,7,2,43,Malware
82,28,16.010935268647575,3192,18.992137484061836,17408,131.25383351480554,4,4,3,0,19,1,11,Benign
62,35,30.77500586978773,2777,11.525138870965769,17784,225.08010048303356,4,0,3,3,39,2,92,Malware
85,32,14.275777979283506,4536,26.748034865260706,13326,491.4432514397076,7,1,2,0,16,1,48,Benign
80,32,20.945119535085304,3962,23.305204152703286,11212,293.3340812122774,4,0,1,0,16,2,76,Benign
72,10,9.314593086077263,4203,49.43854494078771,15437,269.67722792440617,8,2,3,3,47,1,82,Benign
44,17,29.750909367303336,2116,28.684027053905023,11960,159.96792051188228,5,3,4,0,34,0,85,Benign
67,13,27.079246130144835,3320,46.64793901925982,25173,435.62806954606185,6,0,0,8,29,2,21,Benign
44,30,20.902791904242996,4775,10.81194959746657,18156,153.32315099682373,0,9,0,8,39,2,82,Benign
34,39,5.777039224369184,1533,10.740606671669553,22517,142.0334976769391,11,0,3,2,32,2,48,Malware
83,31,19.43771995572662,2217,11.465672877377855,24482,275.60014020990315,10,1,2,4,15,2,41,Malware
80,28,11.755895846757404,4241,20.967922089129022,24855,274.65875174765375,6,3,3,0,33,0,78,Benign
39,30,17.40122887625058,3507,28.699389251428084,10439,492.58759467222745,6,1,3,0,21,2,81,Benign
41,35,30.692794665759333,3988,40.39229015584273,8265,151.01339462919387,10,1,0,5,31,2,41,Malware
33,14,28.08809916052199,4082,59.29569429134864,6968,293.53083946841707,0,7,3,0,39,1,31,Benign
47,26,12.258587285227915,3228,27.72047835071663,12513,180.49812483899674,8,7,2,1,29,1,97,Benign
65,12,34.548602987766515,2255,12.782945337858312,24528,380.7055566859969,8,6,0,4,16,2,60,Malware
54,28,32.09631518871404,2979,19.745008083292433,12091,256.6747508271715,7,3,0,1,45,0,50,Malware
65,10,20.86020329401299,3076,54.8925916907431,18939,359.38715576032274,0,6,0,1,23,0,59,Benign
96,38,20.904509608637397,1531,44.96895950738544,6224,235.3644734510511,8,5,4,5,37,2,26,Malware
38,32,32.037978950099074,4076,49.51004120192799,12812,325.8183946535139,10,6,1,4,7,1,54,Malware
90,10,24.08434425317696,2944,16.20841028363963,6187,287.65479007516717,7,0,3,0,32,1,68,Benign
82,32,21.100652355883188,4617,16.749349435375397,21390,249.74599098814093,4,4,4,0,40,1,53,Benign
47,29,27.47445571042788,1139,15.6123003772448,7108,315.00991706719395,2,4,3,6,43,0,41,Malware
72,18,12.052913458122568,4099,52.85845821547625,20711,253.51947081912454,4,6,2,0,30,2,57,Benign
64,32,31.351322590867984,3145,20.49838043468022,26404,422.40751111375283,1,3,1,2,10,0,39,Benign
92,14,20.942457212241628,1261,42.157587268986084,22319,298.0950401011545,1,0,3,3,15,0,37,Benign
33,16,23.104978849151024,4829,35.808318309162956,28582,461.2509065946478,3,2,3,0,13,1,92,Benign
70,34,7.698316137645035,1018,37.219495593692685,17378,189.12169628887352,3,3,1,1,22,0,27,Benign
74,35,14.285268762866949,3059,19.771767919563413,10637,144.84955191404748,9,4,2,1,39,0,29,Benign
79,15,17.802060100162834,3584,41.76230467269947,6308,252.38694380333268,7,7,2,1,23,2,83,Malware
57,26,17.417285703080587,2548,12.15502672291656,6416,173.46382455457416,8,7,3,0,34,1,20,Benign
71,31,28.348530985353737,2488,59.673613812881435,26429,257.24775724149106,1,1,1,5,6,0,69,Benign
98,26,13.46967192470024,4659,11.337945324636452,23289,182.96437775092645,10,9,0,6,45,2,43,Malware
30,22,10.46327787029198,3306,12.50782703579311,16402,447.28652358927025,11,3,0,5,32,0,48,Malware
68,21,22.478517543867596,3071,26.232370994584066,29905,327.16181191586196,11,1,4,9,38,2,47,Malware
46,13,23.450445751012474,2031,51.581267788476914,28684,299.0357059926552,11,4,1,1,12,1,26,Malware
64,39,8.647499212587226,4951,22.859460588837145,12782,415.09803762731843,8,3,2,0,31,2,58,Benign
75,17,5.07405508957988,1227,33.596750689566406,11102,152.1468052689513,13,1,4,3,44,0,96,Malware
71,14,32.52947240065576,1375,10.898866558809647,24781,442.8058882082066,6,2,2,0,15,2,80,Benign
68,14,7.389109913400022,2146,13.94396582418221,25062,293.3216232824961,4,2,4,3,12,0,15,Benign
78,22,31.936007958260006,2113,40.39830242703536,11030,154.57329180982796,6,6,2,1,35,0,65,Benign
91,35,16.976446231592334,4884,19.71792347247143,8002,427.7645864515089,6,3,3,1,1,2,33,Benign
67,20,24.59167723985201,4527,44.71272815097627,28006,284.31008416474083,10,0,2,4,44,0,69,Malware
52,17,10.568440721191887,3271,49.269558750858856,16721,341.84021698275836,9,4,1,0,25,1,81,Benign
51,17,29.717510834824672,1735,52.51670997361416,7565,457.4435543404932,7,5,4,1,10,2,13,Malware
33,10,10.405801606996228,1256,16.68996689996613,7583,456.2766528881662,7,5,0,0,33,0,90,Benign
78,22,16.595274449447203,3562,32.775427451596244,15464,457.1275566225809,1,9,3,0,42,2,75,Benign
88,38,12.14077338442479,1832,57.354072495192284,15811,266.7669836771826,4,1,2,7,44,1,31,Malware
97,14,30.125178730608106,2806,48.60417712221539,19107,399.84235271202107,8,4,0,0,15,2,60,Benign
31,37,30.750074409466382,4889,15.848019092307416,27235,193.30834389768086,3,3,4,1,8,2,60,Benign
78,30,16.16086668110694,4219,35.12501225091971,28881,432.4707954118129,1,4,3,0,38,0,25,Benign
60,17,14.221354130128208,4458,56.11902909194194,23198,236.6889225597277,8,6,3,4,48,2,94,Malware
69,26,28.206961255854957,1700,32.00194027615929,8918,285.56498478419866,5,2,3,0,28,2,49,Benign
77,32,31.355359154337535,1910,51.87088044204844,18869,456.55665927751016,5,7,0,2,8,0,17,Malware
80,32,23.720599823421914,1698,34.79218605942786,11511,422.295980637673,7,8,4,0,24,1,80,Benign
72,22,32.8221102718731,1437,15.340583862287684,19116,481.00448205566903,9,0,2,6,2,2,73,Malware
84,18,16.491314385502506,2723,17.392746302975368,8213,245.3891959311111,7,0,4,5,3,1,80,Benign
78,11,9.556592060520867,4707,12.333787640408985,8887,160.43410786303292,3,8,3,0,25,1,13,Benign
86,28,10.38928946951124,3084,19.765737028778226,29141,464.16416923124405,1,9,4,0,34,0,34,Benign
44,29,25.094958568916603,2684,54.68070499352171,6222,297.2617548437454,7,0,2,3,36,2,68,Malware
56,26,17.225792692358496,3153,42.50990229716283,18310,455.7603164362331,8,1,4,0,17,0,79,Benign
97,16,9.689437950254531,1614,46.942846744145555,10746,392.82943709331136,8,2,3,0,19,1,91,Benign
93,39,13.766805647108237,2942,41.08307291966639,24491,449.9211622088144,12,6,3,7,29,0,88,Malware
59,35,20.91815216098246,2912,29.326964606917386,23897,361.8891742816861,5,9,2,3,19,2,94,Malware
65,12,8.643358008864093,3279,20.843056639800082,26236,424.9488054882642,2,2,1,1,37,0,25,Benign
96,28,5.1032749683322916,3914,56.280729200491535,17878,148.13439953784302,10,8,4,2,36,1,64,Malware
78,28,32.51894142486837,4217,35.74148907790108,26360,487.3178756850661,2,1,3,1,30,1,33,Benign
84,33,14.145835723342572,2040,34.054994060396965,19432,172.39168905672602,4,2,4,3,11,2,20,Benign
85,18,11.644944360289589,2182,59.80520442967729,21175,109.80110715905118,6,8,2,2,9,2,80,Malware
97,19,25.954424291845665,1959,29.19649941942383,9983,312.32294997771385,5,5,0,3,37,1,51,Malware
73,38,30.60208166542635,2839,52.706265744611954,15389,384.7649051263097,7,8,0,0,34,1,12,Benign
60,23,23.968363020305723,2305,53.11720301584281,25522,386.567373700195,9,4,3,0,20,2,50,Benign
87,27,12.634482622955948,1277,21.63351051788978,22704,235.6931380624212,11,3,2,2,4,0,31,Malware
82,35,30.84909870062926,1124,14.741984617508106,18200,401.5327345605273,11,1,2,2,5,2,35,Malware
52,24,20.31281588381658,4756,58.78100578579321,23750,437.02402174916904,8,0,4,0,13,0,13,Benign
57,35,16.435724088807405,4491,31.294843206778346,25697,344.0046969493717,9,4,3,0,4,0,25,Benign
45,10,23.14178358898922,2343,10.111016100509776,7535,254.39680288803933,5,0,0,0,10,2,72,Benign
66,39,26.018366709149493,1674,34.95089169144793,27673,345.4298336664856,1,5,2,0,45,2,26,Benign
50,34,22.814896223454266,1714,40.96501818737252,23759,444.89216014052937,8,5,2,0,44,2,28,Benign
46,15,32.60736337168417,3010,48.80441237240171,23997,460.18870433480544,5,6,0,1,44,0,88,Benign
66,39,23.84053417997161,2505,57.14710591118193,17406,112.60665085179942,0,8,4,3,2,0,16,Benign
48,24,31.357421378767295,4921,55.75853144727315,18453,148.95942335239022,8,5,4,3,46,2,75,Malware
59,34,22.608753054616205,3714,57.00679100274343,25769,101.80561917114979,6,2,4,1,10,0,64,Benign
74,15,14.890387211903747,2347,11.606257412973639,5224,296.97687294392836,2,7,4,5,47,0,54,Malware
47,27,20.968904524495862,1912,45.588706691523385,12396,274.55637099210526,10,4,3,3,2,0,96,Malware
91,10,7.590100689548077,2989,21.29289814028433,7800,318.32066471668634,6,7,4,1,16,2,81,Malware
65,39,11.905239016873828,3442,19.3776343602827,6280,373.4586927869106,4,7,4,0,7,1,10,Benign
81,33,27.9869498661115,1772,50.015928429962514,20714,246.31349677516107,4,2,3,2,9,2,26,Malware
48,12,24.84426832053278,3233,30.856484458643994,5521,183.43090750533815,3,6,2,8,47,0,48,Benign
73,26,9.995561316015841,4960,55.83000378911679,23002,257.92815135426395,10,3,1,5,24,0,17,Malware
36,25,18.140455287742434,3513,12.121754539785332,29190,103.60440027472735,1,8,4,0,9,0,66,Benign
73,17,9.259766177907492,2080,50.10904147435816,16874,431.7786707422372,10,6,1,7,46,2,94,Malware
97,37,30.67453569121922,2752,16.841720564129783,22985,253.49051989877736,10,9,0,3,29,0,59,Malware
63,26,8.275091052628666,3505,18.82886007824922,7306,349.11533697947993,3,1,1,8,8,0,64,Benign
95,17,24.627049902810036,2000,33.86758577622495,12822,229.89024900257377,4,0,0,3,12,1,35,Malware
98,26,23.210000029345075,4279,29.779497043639978,17858,345.92495553599247,5,5,1,0,2,1,62,Benign
84,34,19.183299369405496,2737,34.30861530643355,19184,316.1741574354853,6,5,4,2,9,0,42,Benign
39,39,13.347038679924253,1073,57.001326101552756,5942,183.42373195426487,2,9,1,5,7,2,39,Malware
71,18,17.118694999790883,4555,42.869446778178656,8931,350.129609937828,7,4,2,1,29,0,45,Benign
70,21,29.19173901383141,2108,24.51546909210003,14345,143.8489677424568,8,1,1,0,32,0,30,Benign
98,38,27.846524466383073,3679,18.64543561589225,8749,292.43433873134177,4,8,0,1,20,0,50,Benign
39,34,27.164273454834095,2037,31.00231375654668,29836,387.95122359571684,9,5,2,3,23,1,46,Malware
39,28,27.494707530831732,3887,32.58205136338688,29965,319.62508873306393,5,3,1,3,25,2,30,Benign
89,13,9.316591230660174,2664,40.06472049497581,9740,398.5084269817435,9,6,0,0,15,2,38,Benign
80,30,7.972893510872949,1911,23.300135176988398,21373,209.2650350780712,1,8,0,0,33,1,17,Benign
50,31,30.844958685620664,1793,48.37546235484084,20883,119.52741199620363,0,7,4,0,36,1,61,Benign
37,34,30.115237110333315,3096,14.923012273969078,17419,122.38815105455188,7,0,0,4,30,1,48,Malware
94,38,25.4395491213909,4497,38.022668180032724,21791,207.49019413015262,9,2,2,5,16,1,78,Malware
59,20,23.177172359466145,4013,41.17658266220556,23427,263.0668368584363,0,9,3,2,9,1,23,Benign
78,37,16.006151194471652,1358,20.341579053257266,10272,315.0020821503151,11,1,0,2,44,2,94,Malware
38,13,11.722477747340097,3289,51.300567524981055,19617,403.06451789517814,5,2,2,4,10,2,47,Malware
46,23,25.029693131895094,2857,40.77160626038388,13758,435.8437933970162,4,4,3,0,36,1,24,Benign
98,23,32.391039142474305,2076,42.28611073239864,20103,377.47238955897006,11,5,1,5,32,1,39,Malware
87,15,18.1098972721445,2800,34.887175288171925,27141,285.2835818890734,10,2,0,12,47,2,80,Malware
86,38,14.096374106687106,4140,55.47971085881692,19381,205.79480634870322,8,1,4,2,14,2,36,Benign
91,26,13.122254404684734,2575,44.69637907438122,17973,271.12092994957067,7,4,1,5,35,2,81,Malware
81,11,5.711157286992458,2719,29.091778244788127,16562,209.358460765133,5,3,4,2,14,1,44,Malware
90,17,20.609501665821963,2668,21.93029438920431,6979,349.7850455483978,9,4,2,2,1,2,50,Benign
69,13,34.64708089564495,3103,13.553083741174362,27548,427.28274419796315,5,9,2,4,24,2,62,Malware
67,19,29.457131484179673,1878,18.268041859017977,25222,307.2754974321376,0,3,3,0,12,1,70,Benign
72,16,31.92424154495775,4527,59.634147604182985,12140,118.33578986370395,10,3,4,5,48,1,54,Malware
92,13,23.63492288826518,3302,30.33834479958201,18476,475.8994511665974,7,7,2,1,41,1,39,Malware
48,25,19.443392314482523,1004,54.93436136387034,7315,217.7136047209466,7,5,4,5,9,0,10,Malware
79,23,34.71371022211254,2604,18.528467844263222,13292,465.8041354075266,9,1,2,2,13,2,42,Malware
62,25,18.414863319165406,2075,31.268043567042483,9756,425.2273210107953,8,2,4,3,26,0,87,Malware
42,34,32.5049172714034,1328,58.02592335167243,11796,265.25004532371963,4,7,3,3,15,0,16,Malware
91,18,27.85534426351205,3145,14.556612570964997,19314,122.6815068736582,10,0,1,1,44,1,71,Malware
72,13,14.92935275714158,4232,39.69921419062514,16636,479.0815617691228,8,5,0,3,16,2,31,Malware
78,38,20.091865497589552,4477,55.958595034815104,5032,363.6214668765996,6,2,2,4,10,2,60,Malware
65,33,16.52987665291104,4028,57.48416864771253,25715,199.86159303575639,6,8,4,2,17,1,78,Malware
39,15,9.086698224978948,2002,52.30037385558879,19533,313.4144813742199,5,9,2,1,40,2,94,Benign
35,10,15.70299744686579,1782,52.796721618007474,28274,354.1482035506234,2,0,2,0,45,0,64,Benign
86,16,31.669186528402832,1576,42.609147705873276,13523,190.66373085787552,6,1,0,0,10,2,40,Benign
30,10,27.57907056047204,1326,21.021155404749628,24900,137.4161999346888,10,5,3,1,47,2,63,Malware
87,28,13.32743222904986,4990,46.533927224245986,25965,206.9862183338652,10,3,0,6,47,1,36,Malware
50,17,16.03739939292615,3290,58.91922322293616,9215,119.04106730465034,8,9,1,8,10,0,53,Malware
85,34,23.493017690195654,2527,36.29667573364054,21541,127.9946040979437,10,0,1,4,35,0,88,Malware
49,12,17.48419445025462,3414,23.03486795384506,26329,162.63401739730253,3,9,1,8,41,1,96,Benign
83,10,20.091323490936887,3821,38.673553388249886,25012,163.36254825924175,8,3,1,6,8,1,69,Malware
54,10,25.94505233287947,3771,44.53051781203082,25166,199.1806339733266,5,1,1,1,10,2,62,Malware
57,16,19.017525444320622,2465,20.414015471220658,25205,474.97169287557153,4,8,4,4,7,1,26,Malware
34,30,10.729093690015874,4225,45.959467380471125,24072,330.3280091497611,10,6,2,8,34,2,45,Malware
50,22,20.61721811944488,3281,39.371642944219595,10044,269.00207197605346,5,5,4,7,1,2,75,Malware
47,39,15.683546906512774,1651,40.61749545740261,16114,325.51986743160296,1,8,4,4,5,1,11,Malware
76,10,13.72202685375868,3380,25.299396486991707,12846,102.28462127212184,2,7,0,10,17,1,29,Malware
99,25,14.843256833195573,1494,17.76334050556006,10385,457.89876388573305,8,1,0,3,48,2,19,Benign
86,31,18.170066524700168,2138,41.17249476528285,7098,312.92525642157807,2,2,4,0,20,0,78,Benign
48,39,31.598394286148633,3416,39.31164945762859,23540,280.66026601156057,6,6,1,0,4,0,67,Benign
94,31,27.021713129906008,2356,26.900609385690245,10454,476.6407757522525,9,9,3,4,46,2,90,Malware
32,23,25.036458155040858,2153,24.794683377294362,29709,392.1632337934855,10,3,2,4,34,1,56,Malware
71,13,19.137806326452,4999,27.362223083114202,25134,234.9683360169159,7,5,1,0,36,0,72,Benign
50,32,5.054898414490503,4249,34.49416692494101,7127,474.46299258277793,5,8,0,0,47,1,48,Benign
69,32,15.21652134317274,3142,58.74098675555806,7385,440.79904999742,6,6,4,3,1,1,71,Malware
96,21,29.395761199384207,4388,48.17823110131032,17719,481.8134917238687,0,2,0,0,40,1,91,Benign
54,34,16.64512728553219,3954,52.58698695827442,21024,138.4895749645204,9,5,2,3,29,0,69,Benign
84,21,21.914573752029217,2124,35.28247844517655,26984,482.11395575485966,7,6,4,2,20,0,82,Benign
81,26,11.142194490412905,2219,36.306180588938844,28415,317.1531355486221,5,0,3,2,29,1,83,Benign
73,30,32.47573225537373,1801,20.216233071851384,28840,368.88603183694227,2,6,4,3,16,2,41,Malware
85,24,32.695113072111994,3042,46.05229181505392,12762,184.89555987353663,9,4,0,0,16,1,72,Benign
84,19,9.382111518750614,1207,31.07920028953181,25581,156.1605960207849,7,6,1,1,36,1,48,Benign
99,12,26.724768476189965,3654,47.12234294088556,9426,131.75499903040054,3,6,0,0,45,2,27,Benign
95,32,7.257155232557389,1472,30.452769065631273,23662,268.925236857889,11,5,2,10,40,0,33,Malware
48,29,22.956428539402935,2638,15.425859360695407,6474,188.53978785036742,8,2,3,1,24,2,11,Benign
36,29,10.359609524779891,2031,18.652684389294173,18051,132.6491634798666,8,8,2,1,17,2,25,Benign
92,38,9.371157574676115,1135,50.578503903734166,10989,482.02647837147657,8,4,2,0,27,2,88,Benign
71,21,5.123594521780096,3657,22.93082447794663,12488,393.356537299015,6,8,1,5,40,1,60,Malware
71,10,33.225714106022096,3958,23.217721128353467,14240,307.1418032801587,7,2,0,1,9,0,93,Malware
88,10,29.877574745613735,1260,56.46840450011657,21799,397.3389931230039,4,6,1,8,20,0,63,Malware
49,19,7.324266717738772,2170,42.88178114334247,10507,344.58326891904005,13,4,1,2,46,2,65,Malware
46,27,22.9812683020107,1457,15.715377694217816,23550,171.21303755211366,13,6,4,4,24,0,71,Malware
56,24,11.986947043976986,2928,17.179263506596712,10782,353.37457760824725,6,7,0,9,42,2,80,Malware
76,11,12.920476464188202,2720,23.61837163601397,18903,372.40490754541514,6,7,4,5,21,2,91,Benign
31,26,31.225109650279776,4509,39.69978439133164,23762,194.98833566300772,10,4,0,2,17,1,98,Malware
92,17,8.429772368036067,2436,47.64127349528364,17646,228.0578589115949,13,4,1,7,39,0,86,Malware
91,31,23.044704069891306,4571,23.72482217265985,12293,253.32026390374384,6,7,3,2,31,2,69,Malware
48,31,17.037666049370273,3279,53.53210187074822,21672,341.0186558720951,13,5,4,7,14,0,84,Malware
46,35,10.724017988908688,3148,15.459008944207428,7600,150.72319282254702,4,5,0,5,37,0,81,Malware
98,35,18.557542257879874,1146,20.379958402158977,23109,397.39124940198616,4,1,4,2,13,0,29,Benign
68,18,33.21467861318385,1716,58.52324605714388,19332,238.40970830534562,7,6,0,1,29,2,73,Malware
68,30,28.448301476916566,1506,16.73724318268288,11053,376.70904787712954,8,9,4,1,33,1,77,Benign
65,29,8.963342040910009,3605,54.405565386190545,5716,473.1549573534138,9,6,3,2,21,2,88,Malware
69,20,30.482892191529416,3151,45.19675377020477,24796,447.9498587033822,4,5,0,2,43,1,86,Malware
74,15,33.123215869623294,3383,13.654354532085335,10323,395.03245179277525,5,1,3,0,6,0,58,Benign
33,33,13.308928425266217,1445,34.18534144499719,18490,177.33079346049544,6,4,3,5,15,0,95,Benign
54,23,15.00259086546043,3781,35.94896765724032,23777,392.82974743020344,6,5,3,1,14,0,35,Benign
98,10,8.78929779866165,1443,56.60698157079188,25464,354.3157623864121,9,3,4,0,32,0,61,Benign
59,16,15.348203132652266,1117,31.055229653858436,16254,409.01872900483596,6,9,2,3,9,1,70,Malware
97,33,25.194223914188367,2540,32.33818077321379,22396,447.52556833536,8,5,1,6,46,2,18,Malware
58,18,13.164650452888031,1928,15.624187739318915,27632,224.59004561555759,6,4,2,3,10,1,14,Benign
97,20,5.2047503230076,3770,41.95862817188312,7360,357.7216289680726,0,9,2,0,19,2,39,Benign
80,33,15.156339429004145,1566,20.54484879445483,6946,210.05527410186664,3,8,4,0,3,0,13,Benign
53,32,18.595220869061976,4602,13.876662911185342,8512,238.51397569465402,8,5,2,4,32,0,40,Malware
43,25,21.99068112262128,2936,59.8459500035397,13118,308.2578177021163,9,0,2,2,1,2,23,Benign
98,28,25.51475313074059,1087,23.48148139814026,26983,273.66535669285764,2,9,4,3,16,0,34,Malware
47,11,6.853530326863103,4830,17.052658256440196,6351,340.2522409881327,7,9,1,0,38,1,37,Benign
71,24,19.092558358983233,2652,44.974518729858815,20610,403.504588151482,5,0,1,0,45,2,24,Benign
86,12,12.990873880520553,1475,51.08410779609509,19817,342.0080098417684,5,1,2,0,32,2,76,Benign
41,13,33.439086966334926,2705,13.203874656317335,24459,487.9201978383075,2,1,1,0,2,2,86,Benign
46,29,15.796955293817676,2508,15.269665373489351,25288,395.2480036481225,8,3,4,6,36,1,18,Malware
59,31,8.003710961596111,4733,14.508691179102293,29244,494.0047305847924,4,9,3,3,19,2,75,Malware
52,37,6.244744723147133,1294,12.34796516612556,15539,397.37628962163456,11,1,0,2,47,2,32,Malware
30,16,12.962176627847194,1719,42.97282393171419,21911,303.1675488997194,4,7,4,1,15,0,57,Malware
61,21,10.366362166479277,2404,39.4156594869682,15845,264.40230523748056,5,7,1,0,5,2,42,Benign
38,13,24.49398880636228,1994,43.14033282799665,19102,394.2641560546341,8,1,2,4,14,1,37,Malware
44,19,30.408996251228995,2306,35.28335816370905,16166,374.849756218494,3,8,1,3,5,1,72,Malware
57,15,14.376761104107874,3891,50.87538427027908,18467,367.50588147622915,3,8,2,3,11,0,17,Benign
53,34,22.333743648814714,1685,37.33341512492878,20793,388.7135376904778,10,8,0,3,27,1,45,Malware
89,39,26.909158309431596,3686,55.937346739981244,18668,448.8688452986729,9,8,3,0,39,0,11,Benign
64,31,16.95463067418005,4227,34.28242662519966,27031,191.10412301630095,5,6,3,1,37,0,33,Benign
56,23,6.989768340142027,2203,49.532933060579936,26544,325.95789155780705,3,8,4,3,7,1,31,Benign
49,12,11.875547327833559,1960,30.368017684181705,14473,341.32047505092333,10,7,0,5,2,2,88,Malware
94,26,31.491974242660497,1934,31.76119473882214,10485,217.14273512201845,13,9,4,6,49,1,33,Malware
78,20,29.734407987646847,3937,52.44960226189584,19175,495.1798459057596,10,7,0,2,42,1,78,Malware
30,19,7.595975864717511,3961,15.382991767883166,8279,414.2151665384879,6,6,0,5,23,1,62,Malware
39,35,11.718461701017224,4158,38.2458877491604,28794,228.50644100215428,3,1,3,0,21,0,94,Benign
76,38,28.074958463699602,1405,46.31682338893928,28116,243.37374226723315,3,1,0,3,49,0,90,Benign
88,30,19.5769469596646,4907,47.52103077085268,25400,387.3032595360507,6,7,0,0,23,1,67,Benign
91,19,27.79901095087173,4567,39.57467635849877,18018,104.59736859733707,5,1,1,0,1,1,44,Benign
47,19,11.332774149864395,2290,32.40322420797569,20740,285.61613506979114,7,1,0,2,29,0,64,Malware
75,12,33.58094417510824,2617,23.03912219333789,16486,237.2443888408905,6,6,3,9,35,1,35,Malware
61,33,28.50822346399698,2087,55.47131176770611,25320,441.60118718890186,2,6,3,1,35,1,55,Malware
56,35,10.923569744780242,1118,28.489397376066268,6044,416.51796417956916,3,0,3,2,37,0,34,Benign
47,24,21.753476020399667,3388,49.94960442666729,19482,232.83877068819478,6,6,2,0,47,1,94,Benign
68,26,8.392913842887735,1312,11.583280648131813,8439,445.9187909995071,2,4,4,4,18,0,20,Malware
78,36,15.843044453795077,1162,21.608460734330457,21696,465.4400024270114,11,4,0,2,33,2,33,Malware
73,27,24.788641054265625,2528,27.27923964420613,20948,320.9835396537044,10,1,2,5,6,2,87,Malware
83,28,14.90383063786315,1292,43.57870316551021,13507,163.6948010632292,8,5,3,13,10,0,33,Malware
63,28,24.702751872739036,1689,25.966540358094548,15642,408.1312331393072,8,3,3,0,28,1,82,Benign
65,21,12.343383939822859,2400,12.068190040965357,6890,227.73769601107827,2,6,3,4,12,2,11,Malware
47,33,26.63620341599201,2565,18.693375802700803,18759,310.9125560159208,6,1,0,1,4,1,15,Malware
67,14,15.787687217597872,4472,22.9582676184663,25605,118.23546581098725,2,7,2,0,49,1,34,Benign
88,33,28.714438127343115,1672,18.80237399679095,17192,300.0361690468446,6,4,2,1,25,1,90,Malware
38,36,9.100697441534408,4471,20.18622800705667,28362,252.1058132961544,4,7,1,1,7,0,12,Benign
80,25,15.859338480568557,1398,48.44784703366772,26223,374.42611729631966,5,6,4,4,38,2,14,Malware
64,39,18.917973613240527,3956,30.601682197523008,26179,116.31347198244342,3,2,3,5,20,2,41,Malware
34,24,17.7153657350173,3534,30.25896223339626,7028,349.9781888543786,4,8,1,2,44,1,57,Benign
43,24,17.9928351356102,4586,58.330316832974304,20690,408.7824294296265,5,8,0,0,23,1,64,Benign
59,36,18.344100000352178,2047,32.33509189721001,18251,105.11125865354552,2,1,1,5,8,0,45,Malware
33,15,34.66410575697954,2942,56.38290662661974,7907,399.98533786880404,9,2,3,3,41,2,45,Benign
68,21,10.794713098089641,4130,24.953154910834016,8143,152.08161091006144,7,9,1,5,17,2,34,Malware
93,11,28.05991491525813,3796,30.031312995208655,13919,379.2224461891845,3,9,3,5,29,0,65,Malware
54,36,21.553663433199738,1239,29.814167803373106,26774,282.11055055028305,7,0,1,5,48,1,37,Malware
57,29,17.408852543295623,3358,37.30394161573222,12574,320.7965225247068,8,0,3,3,35,2,44,Benign
95,18,24.005861515257934,3368,39.212364542697614,14659,234.93890017232513,6,2,2,0,26,1,22,Benign
51,13,30.605943292994116,1671,22.406251452113445,14306,198.1865625309671,9,2,1,2,10,1,88,Benign
60,14,18.99915091859258,4552,49.679212520855934,6677,128.41894322293967,4,4,2,0,11,2,69,Benign
52,30,30.94404106883203,3619,34.826297733839624,7043,445.8759949924826,2,5,4,5,15,2,36,Benign
77,35,7.813950048771496,4823,10.352177675940373,12681,344.1716862542728,9,3,4,1,18,2,84,Malware
49,17,24.592526659792966,3461,39.56703166583401,8114,493.11966372836696,5,9,4,0,4,2,15,Benign
67,31,14.995401839625895,4393,49.90297207645682,25550,440.1807601619666,7,6,1,5,27,2,65,Benign
84,19,16.601459818164923,1401,22.52333689077289,18653,447.85330688765936,7,2,4,0,45,1,36,Benign
97,16,22.13059252712911,3106,11.8935504680963,9853,339.1398722730693,9,3,2,1,5,2,51,Benign
30,31,19.397503948927167,1052,50.35893278253614,13095,132.37708178641788,8,4,2,6,6,0,47,Malware
36,23,16.453383155295633,2087,58.81383579858136,29682,465.35850482635055,8,7,4,1,10,0,64,Malware
86,39,14.24970265459194,3680,13.828180733245118,11599,147.15449365969468,2,8,4,0,19,0,28,Benign
41,39,23.549459066945964,2142,56.90184036628606,7341,306.85840374342763,5,2,0,3,12,2,95,Malware
34,14,20.167389554888757,1285,27.9637205988031,27703,442.7422952446576,6,0,0,5,24,0,22,Benign
79,25,14.699273765326414,3065,57.07198042940438,17244,288.96320572932837,5,1,1,0,16,1,77,Benign
71,24,11.148830566326764,2028,42.44196620012234,22493,166.2681416630332,2,1,0,3,9,2,15,Benign
41,14,28.234045878912564,4908,54.51221562242066,22634,249.27873948276417,9,2,2,1,13,1,38,Benign
47,12,28.991447735836637,4463,49.29165125257067,27856,495.3549440839529,6,1,2,1,18,0,98,Benign
95,32,11.41364380940608,2928,11.399887141031343,12408,499.9036745964971,3,0,1,3,32,0,70,Malware
46,38,12.84947039733801,1159,13.272125116252695,8073,384.333996019097,9,5,1,1,44,0,24,Benign
97,19,12.174290675044606,4959,36.2872302559272,26754,455.1969237417822,11,6,3,6,19,2,21,Malware
91,14,31.537092367296243,1141,16.48095099224563,10545,117.68269126583229,6,0,0,0,38,1,30,Benign
70,32,28.223911431855516,1396,33.05171195785758,29656,210.3886299929965,3,8,3,0,21,2,91,Benign
63,24,7.23720569749942,2041,57.731514928223376,15727,247.58381974953286,2,6,4,4,21,2,34,Malware
99,27,29.979978494812574,3627,24.737864377724215,5915,104.79905898727276,9,3,2,1,49,1,47,Malware
74,34,6.105554621773749,4185,34.44563569078704,21645,250.78462223877946,4,2,1,0,6,2,78,Benign
87,17,12.595993729490381,1533,29.21298150340347,10514,137.2126340237601,12,5,4,4,2,0,85,Malware
80,30,32.569741522898454,2555,41.49134821241242,20044,306.96372080624275,12,2,3,3,6,0,58,Malware
63,11,30.92993884298628,3958,19.69224653257794,24703,101.76772355957202,5,3,4,0,17,0,38,Benign
73,31,28.443035441738445,2798,22.996964506714164,29534,208.17995542686063,1,8,4,5,30,2,71,Malware
44,17,18.726416873277486,3508,52.938392568200506,8040,446.51336105368455,6,4,1,5,11,2,51,Malware
99,32,14.642423030600234,2633,50.56681119301692,9903,185.22322156810583,5,9,0,1,25,0,31,Malware
79,17,31.4463751262137,4688,49.45948444353202,17835,125.93737185957927,2,4,1,0,35,2,57,Benign
61,13,24.712222708076364,1285,48.5459804658948,24046,199.892313779782,0,8,1,1,9,0,37,Benign
96,39,13.865265651433804,2028,32.97187467307895,16186,431.02348240139474,1,1,0,0,25,0,32,Benign
32,28,18.895876338963447,3176,46.44453862661041,28342,334.8749453978125,7,6,0,0,45,2,62,Benign
80,32,31.445006667848574,1955,29.36024089360589,11241,334.4297477350163,4,6,1,8,8,1,25,Malware
96,27,32.10366308234664,1670,15.03547900947401,26648,100.22960466700086,10,5,0,4,3,1,69,Malware
77,39,24.779062819151882,4834,29.668732082444617,28321,288.86048555024445,7,3,2,3,26,0,49,Malware
46,30,26.976675821511016,1498,17.933152211396543,6972,206.2472158804944,4,6,4,2,38,0,48,Malware
36,38,6.178934996864106,3323,29.54258403162548,7174,234.483604886558,7,2,4,5,22,2,77,Malware
42,32,23.13801522911564,2106,24.871260768144328,22711,339.47465506724853,9,8,3,5,24,2,15,Malware
95,10,25.66977705112931,2855,39.958033353396246,26274,449.7359100501419,4,0,1,0,21,2,56,Benign
33,29,5.61131441240695,2141,28.07702077492117,11722,172.66276233515106,0,5,4,0,16,0,20,Benign
39,24,30.315769638687666,3076,45.27948316895892,28698,407.28880946741884,8,0,4,0,46,0,19,Benign
46,27,32.84855034952223,4052,35.60733405238247,14031,119.56087097537495,8,5,4,1,36,2,40,Benign
81,31,12.13809357256364,4429,55.974613925769994,12248,230.6916663650438,6,4,0,5,10,1,80,Benign
35,21,30.373877980908937,3697,14.55127176751935,17028,187.56507587194056,3,4,0,5,2,1,23,Malware
98,10,24.965377481274928,2180,44.38545943206661,28110,466.2335934691821,3,9,4,0,33,1,68,Benign
38,16,22.420874592505953,3078,43.61984387850198,21931,171.19916254633978,0,5,2,0,27,0,15,Benign
50,28,30.293779210674458,3890,57.53132737063503,17354,331.4527672524046,6,7,0,3,17,2,67,Malware
53,37,13.56831607235611,3006,28.577593352182625,16858,165.91326630209596,6,8,4,0,11,1,27,Benign
33,10,28.72568533060562,2309,25.271898485608116,27113,289.39348611067203,0,2,3,0,9,2,42,Benign
53,33,14.435623030046097,2688,18.61967221068283,10552,265.3599605460323,10,4,4,4,10,1,39,Malware
88,16,28.62369628724221,1335,23.26442576776468,8876,116.54287689353913,12,5,1,3,11,2,93,Malware
32,11,18.531620172693724,1569,35.094538637756926,27265,430.3470374802416,3,0,4,0,15,1,10,Benign
97,16,8.508364144792413,3360,51.88564809799885,8791,412.0450860466575,3,0,1,0,2,0,66,Benign
69,28,16.445595809179714,1598,24.214330174032064,24255,211.14334882712205,4,0,3,8,17,0,90,Malware
77,22,12.00479834929252,2146,17.88710583286953,12542,345.59805475838124,6,1,3,4,11,0,68,Malware
83,34,8.015946523586575,4774,23.606423553708435,5574,245.06783235231134,7,3,2,8,43,1,35,Benign
64,33,8.30861205270995,1864,15.04634875142423,6101,407.6908573119819,7,5,4,0,38,0,62,Benign
85,14,28.402141955121493,3418,56.33477081539981,29605,376.993782513143,8,2,0,7,32,2,27,Malware
69,32,31.441935575674027,1804,53.63120760111236,22759,136.18679244798474,8,8,2,4,5,0,33,Malware
97,28,32.81387358297512,1313,25.424585849257618,10234,437.67526614794525,8,2,2,4,18,0,27,Malware
75,10,30.61838516991364,1027,22.34939079659335,25332,171.7704420380168,10,3,1,2,46,0,48,Malware
42,10,29.906722918563254,4226,55.269865703245785,18816,169.64388098615748,3,3,2,1,37,2,88,Malware
56,36,7.065075545498179,4013,10.088597566047799,11874,393.49874992782065,2,4,2,6,48,0,45,Malware
35,27,28.703707841651312,2253,40.02887639956734,20513,173.3004245563048,9,4,2,0,46,2,99,Benign
46,33,28.498479789693533,4620,55.80018804728353,19319,148.9587814165714,7,1,1,0,2,1,41,Benign
65,10,8.938711823138394,2029,35.42787444531764,25188,234.2331308913924,3,5,3,8,39,1,93,Malware
31,36,24.86027695803897,3520,10.148347979981695,17822,435.4849923212707,12,8,2,2,27,2,79,Malware
81,37,18.575220093778448,2996,20.943571469257783,25848,170.72350329300852,8,4,3,5,8,0,81,Benign
95,14,32.00040570416212,2341,56.1220796945967,10845,235.62919724712805,12,0,3,4,43,1,48,Malware
81,18,25.86225087187002,2248,10.851121208991461,8731,214.50158023090256,5,8,1,6,28,2,95,Malware
72,21,33.52962609122756,4104,29.73898830316007,28909,242.4243458879544,7,6,3,2,28,2,46,Malware
51,18,8.14767935823931,3136,49.48723631664891,25781,385.7087177430783,4,6,1,5,49,1,47,Malware
84,27,6.218219433571796,4405,51.90454968425017,29271,262.1862323937553,12,5,2,1,5,1,80,Malware
96,32,34.20738073281638,3087,33.8803966314335,27174,403.8306725363371,7,0,0,5,30,2,82,Malware
89,20,7.405764843347131,1680,21.624187586642627,16714,356.1612552993469,1,6,1,1,43,2,43,Benign
87,10,16.585874627306886,1374,39.98523588430795,15546,244.43967284356694,13,3,0,4,27,0,37,Malware
41,28,24.499118667516644,4369,23.188901577865074,8750,272.8963126428922,0,4,2,1,27,0,72,Benign
98,31,31.401700200022514,4045,22.763212899795818,24518,381.4490848234013,8,6,0,2,25,1,82,Benign
68,34,12.637319546417782,3440,50.379988169850655,18124,313.90216527129206,10,2,4,5,27,1,39,Malware
42,19,5.8717463565507,2041,17.713291764830654,6299,447.3360645709547,9,1,4,5,12,1,50,Malware
70,11,20.638603714975684,2550,10.27607392009954,25990,473.2733673907069,5,0,2,3,4,0,17,Malware
86,16,19.133360608167237,3179,26.838760850292456,22270,387.08293041533705,2,7,3,0,34,2,17,Benign
82,29,14.206795465672387,3337,34.5486977497515,16999,495.68284792891166,8,7,3,1,24,2,87,Malware
41,11,31.216981025043474,2853,45.254019594766184,16177,338.614714967734,9,6,1,0,36,1,18,Benign
42,28,27.47966514749704,1805,49.05576288021443,23430,115.93231612428299,0,9,4,0,17,2,34,Benign
86,15,30.7434914959774,3256,43.1759605566815,26274,301.94082245086537,9,8,1,8,32,0,18,Benign
69,19,9.854268784315977,3374,41.32544401584633,12002,192.00371175434356,7,9,2,8,44,2,73,Benign
74,18,25.772358768210232,4039,43.28743611597175,27985,233.48527215372346,9,0,0,0,45,0,12,Benign
64,17,34.25305206256572,3550,23.576325879054952,27351,296.0280208592812,7,2,4,5,12,0,36,Malware
32,35,23.35741675426077,1278,29.11806614822839,10527,218.02032176433255,4,4,3,6,6,0,83,Malware
34,39,10.140930958864585,2405,40.82182504997822,29278,223.848655506068,3,1,1,8,32,0,75,Benign
40,20,34.873411834044035,1787,13.278533017698642,27280,260.8065345640729,0,6,0,0,2,0,91,Benign
85,18,20.849707446751346,4054,24.766267503392783,24841,214.58293910252434,12,5,3,9,16,0,68,Malware
39,29,30.201770548287417,1951,30.320947237882653,28941,167.800398072499,11,9,3,6,45,1,49,Malware
63,37,9.48084342291294,2332,36.6720341426968,16492,406.2241050285249,11,1,2,6,27,0,33,Malware
96,29,24.98288653273764,4969,34.32410536804805,8298,258.0847049495377,6,7,3,3,4,2,32,Malware
60,18,32.378530946115916,1276,45.90659390769969,16590,432.70292019598406,4,2,3,3,28,2,50,Malware
95,17,20.96053457335818,4147,33.671333770823054,28886,453.0867958058514,4,3,3,6,16,1,62,Malware
99,37,13.659801817544132,3345,55.20649919124944,17564,400.385394460728,1,4,0,2,23,1,58,Benign
70,24,8.822654838727594,4896,29.015917107620865,19179,258.66926481673374,6,5,0,0,47,0,75,Benign
92,11,13.878339957149908,4449,36.268585308807815,26660,388.5288452085898,3,8,3,2,45,2,70,Malware
61,33,15.64652608780574,1432,10.160519480101339,15252,162.08820175142918,3,8,2,5,10,0,73,Malware
49,10,26.298653156894886,4930,25.52389782230947,22910,364.446303662221,8,8,3,0,18,0,43,Benign
86,18,10.358642210888059,2009,53.32864886569961,19532,262.41282558154444,0,7,4,0,35,0,36,Benign
79,18,8.183145671462228,4183,26.67881972981458,17902,362.2577659966899,8,4,4,3,4,1,73,Benign
54,22,16.608186231012635,4849,22.6593166666231,23534,401.9162368566893,5,4,1,0,21,0,69,Benign
41,17,18.759608492274133,2095,37.17684812211108,18481,325.07459521332066,9,3,4,2,26,0,44,Malware
68,36,23.85155156652515,1316,13.936504922103623,7156,356.9914372219576,9,6,1,0,16,1,62,Benign
46,30,26.225939039028173,4092,36.580256582519965,15615,185.41117256210322,9,3,1,6,36,2,81,Malware
74,14,31.678331265007987,2211,25.183289912109416,7794,337.07982188373273,10,4,1,2,19,2,80,Malware
40,38,13.668606965841082,1120,29.155144493719376,9243,284.18971551809966,9,8,1,1,21,1,67,Benign
99,12,20.858234680757867,2365,49.568250216857244,28210,271.22114382288294,6,6,3,0,35,0,22,Benign
52,30,15.981221204091957,3700,43.098200930705914,20360,264.1263017485178,8,8,0,3,39,0,85,Malware
99,13,5.0426501609297025,1303,32.30530465619214,8042,224.36961119434744,7,7,4,0,37,2,86,Benign
67,26,22.382954681597827,1935,38.87581565424697,28079,222.13386495457138,8,2,4,1,21,0,62,Benign
31,25,29.47388227013416,4518,48.34293776601146,11892,379.8825711802148,7,2,4,0,21,0,26,Benign
66,25,6.093184583101823,4787,47.28918725980942,9091,323.11990233425774,10,1,1,5,13,0,66,Malware
78,34,5.1047527580891074,3768,19.26608552755892,24618,111.98084294546571,4,2,2,0,1,1,69,Benign
81,35,26.83455219532214,1495,25.045961099960238,5435,119.41009203154792,2,9,0,0,35,0,24,Benign
62,39,25.515791750264995,4592,27.411846548301263,7372,328.0476004192907,3,2,2,0,48,0,87,Benign
51,29,17.17556316005063,3232,19.377114500250222,15396,438.51339152206407,6,2,2,9,33,1,28,Malware
34,12,24.84814644862729,4952,10.60807270031521,5111,117.5911244835826,8,5,4,3,38,2,44,Benign
47,15,33.60158217593003,3935,18.69836343944061,8034,302.8827736440454,8,8,2,0,9,1,27,Benign
67,10,12.43588389665911,3855,50.41221635407436,10574,440.45415020228097,3,6,3,5,31,1,26,Malware
66,30,12.377797835947515,3379,37.29602256962356,10888,101.7791912395317,4,6,2,0,22,1,93,Benign
93,25,10.586966142926416,1712,27.08290134935904,14288,210.31756304072246,1,6,2,1,6,0,34,Benign
39,24,26.71960249921251,3623,40.417222281473244,29558,467.9680873384163,6,0,4,1,48,2,46,Malware
71,16,15.595677145140202,1349,46.99170626733959,10049,132.5878493566285,4,3,2,0,27,0,32,Benign
77,11,34.66079401961392,3885,27.721389151043134,12360,342.79859099979456,2,8,1,5,23,1,32,Benign
73,19,26.439467103714538,3367,33.30374207674872,22341,302.95266663973075,3,3,0,0,30,0,84,Benign
45,34,16.021306599421536,3584,13.21066083350578,26215,160.67174525955127,9,6,3,1,3,2,55,Malware
83,37,9.475581021903942,3459,39.85452681062396,9968,116.99480399445804,11,1,0,4,20,2,93,Malware
64,24,22.760744495831666,1905,27.820354777609232,13285,301.0348406978002,3,5,1,0,22,1,16,Benign
57,15,13.847097592892766,4227,31.676182380039382,24150,394.05207559562376,2,4,2,3,21,1,96,Benign
31,11,32.16527243888859,4804,31.130030897346234,11825,170.897110929831,10,9,4,5,15,0,71,Malware
42,33,18.24213199629424,2827,41.62046443712714,5667,376.5279315281559,6,1,0,1,49,0,32,Malware
70,33,13.779498936156626,4722,38.62326744772405,29307,318.55332470083897,2,2,2,7,42,1,94,Malware
88,26,22.656554437120423,3580,31.105302388828402,5514,243.13857023629328,0,2,0,0,15,1,30,Benign
98,37,9.109235029131941,1501,10.847751074536435,9289,365.7721984900611,4,2,2,0,47,1,67,Benign
82,10,21.846472184086352,4557,41.04813073156896,15293,176.79071103352962,8,4,4,0,15,2,59,Benign
74,10,6.683344355592205,2177,53.97887370171635,5811,282.77252838058456,11,9,1,5,5,1,37,Malware
49,37,23.206660452416227,1913,48.477578579694885,20568,319.72199262595996,3,8,0,2,41,2,75,Malware
53,13,20.904915317042867,4139,59.08078161250411,27091,283.4782161062227,0,6,3,0,20,0,18,Benign
90,29,20.62297946416915,2515,16.953766901035667,27233,259.0005507428674,10,5,1,1,22,1,44,Malware
87,25,25.524931611733418,4112,21.126002639392684,27456,396.3654558272947,10,3,4,10,28,1,70,Malware
56,17,6.33369843280054,1526,36.96337326109895,22904,362.44038660893995,6,4,3,0,27,2,77,Benign
55,10,18.791943938908883,4862,21.79408511719032,10749,355.78483414456684,8,5,2,0,13,1,95,Benign
36,35,18.321159891211238,2192,11.727489064084493,22862,456.7202579654249,7,7,0,1,14,1,32,Malware
71,28,18.79347325527498,4717,30.114413808197305,20439,497.40026294191904,7,8,3,2,10,2,15,Benign
76,20,34.3967291319603,3026,24.382236707699125,23385,326.8818132880831,6,1,1,3,10,0,93,Benign
82,26,9.17835419432781,1710,23.18804228294414,27202,239.30715107788396,4,7,3,3,19,2,78,Malware
88,34,25.712892711787777,3040,57.65864085121243,23522,411.5501396727259,2,7,4,2,27,2,21,Malware
67,19,17.059884121356696,3797,21.92270581327248,8069,156.8396251131331,3,6,3,3,24,0,68,Benign
98,21,20.351795729735407,4003,16.47162855936989,21734,305.1636684176717,3,3,0,1,41,1,74,Malware
82,18,27.871817175685884,1111,16.26596289539256,23689,309.8033927818558,9,8,0,0,43,0,48,Benign
44,16,9.72126327720443,3510,50.31620367442646,28592,493.38714701186103,6,6,2,3,1,1,50,Malware
55,38,27.907556379094768,3099,45.74240372633702,28254,496.4027259946858,7,4,3,6,27,1,12,Malware
77,21,7.109923480533188,2672,16.47430977835311,26175,419.68565531235464,1,3,3,1,8,1,51,Malware
48,24,19.49928533629499,3302,20.987655943039314,19639,289.2062751142319,8,5,4,1,17,0,52,Malware
38,17,27.262125730987414,2650,47.367150422176515,6264,318.89031598991346,3,5,0,1,41,1,94,Benign
93,26,10.776543660640982,4229,23.730819891730704,22941,227.89665260736976,10,8,1,2,28,1,75,Malware
83,14,28.127469381062703,1299,59.077103757867604,26344,431.9382814711256,4,6,2,8,44,1,38,Benign
80,23,10.004375207772297,1957,37.02850333104544,27772,398.61847753428236,5,0,3,6,43,2,56,Malware
68,11,28.97716270811364,3474,19.600398520504413,13977,408.5701151296492,8,3,2,0,27,0,35,Benign
33,25,19.068067188255128,4995,52.94042272563666,11734,155.47053526204078,10,3,3,2,33,2,24,Malware
32,38,25.5391499558932,4037,25.97377729486176,25290,259.4535885241364,2,4,3,0,24,1,54,Benign
93,26,32.522193751075655,4847,24.440367753218894,19639,314.9406761687777,5,4,4,3,1,2,99,Malware
58,12,17.25264570841201,2890,26.372061672574922,29441,149.86318746271556,4,9,3,5,44,2,82,Malware
40,32,11.988725804683185,1306,48.409862411151884,18846,247.44921055343715,6,3,2,0,8,1,70,Benign
87,10,31.01492289853031,3146,18.660647485797405,17398,134.9730089656842,1,2,2,2,45,1,94,Malware
56,36,9.848499443143345,1120,29.0892890130469,24817,483.53649090997226,3,5,4,0,2,2,29,Benign
50,27,23.944281555122497,4673,11.541638639220523,15499,400.50533183040966,9,1,4,3,47,2,58,Malware
68,27,32.697598641218434,4101,51.33133086748039,5665,348.29924839390475,7,8,2,0,18,1,36,Benign
75,13,25.23190134605917,3018,27.035938315350265,19866,181.942573410779,2,5,2,1,15,2,74,Benign
95,24,10.870432563500458,3277,22.40864599041872,8657,233.65097487098976,7,4,3,0,42,1,18,Benign
65,37,9.56851855289699,3698,38.99466211877496,20573,157.79396076534394,5,2,0,0,40,0,67,Benign
94,28,12.569165933017732,2277,45.24959418756877,25532,314.44785078440174,9,3,2,8,4,0,60,Benign
92,28,16.742204985697352,2427,50.64480185914716,19525,428.2063959152538,6,5,1,3,39,2,47,Malware
64,19,9.774770955497093,2517,27.389247274953394,18952,107.61460867592464,8,2,0,0,15,0,93,Benign
60,14,28.93442199323953,4102,50.61504250745348,15383,141.323467878938,9,9,1,0,26,0,28,Benign
57,28,15.711060278266661,2185,33.244050018572906,11903,191.73990957644537,7,6,0,2,13,1,53,Malware
30,20,33.08260207738179,2931,15.057113377261246,10299,385.6266972636351,7,4,2,0,10,1,20,Benign
54,16,30.27472592105972,2455,52.315374135788964,22926,457.5919355077389,10,9,4,6,37,1,87,Malware
72,14,32.2645478840506,2179,37.38173910523072,21215,401.20493470979665,1,0,4,3,44,2,98,Benign
96,29,13.8347814501062,2346,40.12347859736927,5717,309.97902006835784,2,8,2,0,34,0,85,Benign
92,21,22.211946314665706,1628,56.87456348473677,24523,142.0449456457082,9,8,0,6,27,1,54,Malware
80,28,14.643485541270723,2214,37.957574246962764,7920,401.9657497425948,1,0,2,0,27,2,16,Benign
31,24,12.70845534742543,2199,10.27917653389945,5654,142.255896149552,5,3,0,0,45,1,12,Benign
93,21,23.21260343607652,2961,53.53079205015513,11328,239.0759420357571,6,3,2,0,24,2,89,Benign
98,13,29.53986141799346,3995,24.237554016173,29274,223.19660459945624,7,9,1,4,31,1,71,Malware
38,39,7.8079341837996274,1516,35.08834603920019,28117,243.68938535664265,5,7,2,5,10,0,10,Malware
31,21,13.273062840982142,1844,20.244330128071013,8811,231.8116173602774,8,1,0,1,13,0,24,Benign
63,27,11.154025426583818,2547,24.849178422748672,19437,407.67188668668405,2,6,3,2,19,0,53,Benign
89,26,28.950505194681927,2594,44.33244240335169,23133,168.68949358468748,4,7,4,0,44,0,20,Benign
90,28,33.001162192766586,3880,31.478667551895697,20747,438.3384200429435,4,2,3,0,37,0,10,Benign
60,25,7.398281305500769,1819,41.35653152906936,27201,443.304098991095,7,9,2,0,3,1,12,Benign
39,20,16.37640244121723,3858,51.17878456564755,11111,296.3703291290843,10,2,0,4,49,2,31,Malware
65,11,32.43527128155971,1761,27.041101109317257,15919,142.45949939570295,3,8,4,2,15,1,52,Malware
78,25,15.33914661638895,2362,38.41700191630205,22465,330.16289560625694,7,7,2,3,9,1,15,Malware
99,10,26.379843089411096,4676,48.879394668656815,28158,428.37254871966985,5,0,3,0,3,0,31,Benign
78,26,8.01999159558029,3366,45.75615963846873,17375,215.7894076897407,9,1,4,0,4,2,59,Benign
32,27,18.33162594836427,1110,36.992171799092546,10363,435.0989696785955,4,3,2,7,29,0,37,Malware
34,38,20.099023267748855,2841,29.169175536367757,15533,370.7675410858713,8,5,4,4,29,0,87,Malware
90,38,27.72992233955181,4951,30.375099061650875,8201,494.8985762971342,6,2,1,2,31,0,38,Malware
55,34,13.664739517394786,1806,31.65676059981328,11998,429.88454539546626,2,3,4,0,22,1,14,Benign
34,38,12.925657176515813,2496,27.44227644730759,10331,180.60018563719387,0,3,1,0,40,1,44,Benign
44,22,14.089030105874942,4919,44.9537817444849,15951,279.6016238430035,8,9,4,0,18,2,20,Benign
45,14,21.670895263812223,4088,16.270762613591486,21674,141.40338592104328,1,6,4,0,2,1,10,Benign
30,34,31.280132403942524,2243,58.372706035863835,11960,127.8682267252897,7,6,4,4,44,0,16,Malware
45,33,29.928241893839203,1486,48.949275098577004,10738,382.4216963484688,8,6,1,0,35,2,12,Benign
66,38,6.738369692330057,1810,24.908152608338693,8423,465.1727219096042,10,3,2,2,12,2,95,Malware
32,36,31.368653338760705,3043,12.127378463531782,16358,489.43020667010074,7,4,3,1,22,2,40,Benign
81,15,7.853281226551755,4376,45.565158618946306,8499,208.18654169154658,3,3,4,8,41,0,12,Benign
76,10,17.460442079566093,1516,46.717952248491656,29557,180.70853674373024,4,8,3,4,26,0,26,Malware
42,19,27.962133177626637,4200,58.18113052637883,18086,324.08795482449204,10,3,3,5,25,2,27,Malware
84,14,7.445331081018295,1834,22.68527787875825,29188,180.34402923206318,1,0,4,0,32,2,88,Benign
50,37,6.2119904083090045,1623,14.13625451021119,26952,218.36283602728741,7,7,1,5,9,1,89,Benign
95,10,14.899874108323825,2047,55.75673788592163,22227,434.89053203137803,11,5,0,5,38,0,26,Malware
83,32,26.897768235719443,2564,22.93245173063876,19973,424.18514259068246,12,1,0,2,10,1,88,Malware
56,35,20.652693127163445,4982,46.07657236619409,22297,458.02931000141706,1,0,0,0,35,0,51,Benign
67,39,17.510056118290628,2155,13.032981891383896,25823,292.89740597138564,13,9,4,2,48,0,36,Malware
87,20,29.392199525471653,3603,48.02924024880835,27051,325.63429347738554,2,6,3,2,32,2,74,Benign
91,33,28.00127786582734,2344,16.35129485685702,29280,408.23580326507994,5,7,0,3,41,0,39,Benign
75,33,28.581296292018937,1496,44.779317402080174,25374,195.70621324783957,5,9,4,10,41,2,39,Malware
40,16,18.791804718476058,3935,36.61715239267024,14168,429.23743651305494,5,8,4,1,3,2,78,Malware
37,27,5.583477274760939,4790,57.77440652336302,6200,107.02299193158207,3,3,4,4,30,1,74,Malware
93,30,10.164109204745907,3429,11.845882153867151,28773,419.063955524731,6,6,1,3,41,2,13,Malware
50,29,27.239012848298774,3263,24.602437290002907,23032,410.3631791410028,4,4,2,3,44,2,20,Malware
92,30,27.59520415248875,3803,13.47544586671219,5121,220.71197993703726,8,1,1,0,35,1,67,Benign
93,19,34.168958381040085,1542,53.95988176198595,9370,391.1649432644392,8,2,3,0,5,0,22,Benign
49,34,10.705595807305784,1915,39.69505768305539,14151,185.59744566522102,4,7,4,0,30,0,19,Benign
37,24,8.68780364457935,2801,36.74848061789495,8815,330.49305506155133,5,9,1,1,1,0,97,Malware
87,13,9.163689012080432,4082,16.57289460581549,9407,380.2347099665328,6,4,0,0,9,2,93,Benign
75,25,10.54364345222421,1081,34.45161286565255,19753,385.8795529610259,7,2,2,0,49,0,27,Benign
60,24,20.854050185236236,1993,29.93518275879077,22736,493.1740540089439,2,7,4,0,4,1,96,Benign
38,24,34.256343889224546,2179,25.78759340695116,26606,172.80226473826554,4,6,1,1,46,0,51,Benign
44,21,22.68294449001821,1165,48.60944777492972,5687,292.31945155622316,6,6,0,0,20,2,53,Benign
55,17,20.680641969399286,3255,13.06380199167224,18556,452.041817695664,1,6,0,0,24,1,71,Benign
39,17,25.200686911516133,3071,42.334286368110085,18444,324.6050424280003,8,4,1,0,37,1,88,Benign
58,27,7.217911722744697,1806,51.14965156011059,22239,450.55561016963605,6,3,1,6,44,2,33,Malware
65,39,29.46062402451097,3934,55.365364143016215,20006,273.623510956894,7,5,3,6,13,2,39,Malware
66,15,24.40638629957603,3738,47.29582973777051,19103,418.14056845085975,8,5,4,0,13,0,74,Benign
52,14,10.135750387715756,1331,24.12278394291078,9436,448.0197196054127,9,5,0,4,19,2,50,Malware
70,11,23.92146263598291,2585,40.02537302618517,5021,438.57574788424495,5,7,3,5,49,2,76,Malware
57,21,22.88623887697611,4049,17.07018054571776,20973,448.54601782287267,4,5,0,4,17,1,33,Malware
77,35,6.945589564844017,4590,15.8530311872388,12317,187.8218786428934,8,9,1,6,20,0,41,Malware
67,13,13.007965935372688,2534,41.931207106925726,23388,275.5936522461224,6,3,0,4,39,0,72,Malware
60,32,16.728248686678437,4683,52.55538272921014,11712,169.8287484233839,8,9,0,1,15,1,13,Malware
43,22,12.346655884309405,2616,13.362406284980946,28197,172.2164709770496,7,9,4,6,33,1,10,Malware
58,26,12.294850633863224,3288,15.300186606664937,17144,295.1309231404854,6,3,1,8,29,1,30,Benign
80,25,22.18845421092255,3883,38.28036537146785,5969,484.0351018837019,7,4,0,0,8,0,17,Benign
78,18,19.12577051181317,1180,20.91059305096701,8778,336.7645225204453,12,6,2,5,21,2,55,Malware
72,35,25.01876545184024,2316,40.59090613888239,28718,441.5380386335888,3,0,3,0,40,0,21,Benign
34,37,33.69221261329751,3016,20.727191262766993,13536,474.87359780909355,4,0,0,0,10,0,10,Benign
71,10,24.816681338036357,2106,15.824098715302972,26964,134.63014354562853,3,4,0,0,49,0,31,Benign
36,24,22.462877968476253,2589,37.27874910824137,21284,164.82559607181918,12,4,3,2,1,2,87,Malware
71,21,30.42678474996493,3137,53.10975690163094,29461,216.3367120712225,1,0,0,2,32,1,98,Benign
65,14,23.96219331701107,3486,44.256098607526496,8331,346.7108271971888,7,6,1,8,24,1,37,Benign
56,32,9.966838109264028,2738,50.93625687679823,9295,124.69168739843654,6,6,0,0,14,2,81,Benign
87,33,14.442460983753886,3590,23.316758719502413,27532,414.6618039437872,6,3,1,1,28,0,73,Benign
75,27,27.000808480532132,3240,54.298932564851285,27827,125.51548676905554,11,1,1,5,40,0,49,Malware
95,29,27.151471490810604,1487,28.851958728813536,20962,163.37272302591384,0,1,1,0,27,2,98,Benign
54,11,34.61026250926878,1611,52.62238339284968,16799,252.68314566807516,4,3,3,4,15,0,64,Malware
56,13,23.8092463520692,4420,33.558779507436306,24691,323.087942659211,8,1,1,8,25,0,96,Malware
30,24,31.986355642577163,2112,23.39288236802481,27250,452.6018695761336,1,0,0,1,1,1,69,Benign
71,15,6.637409317685812,4002,23.012941551339644,20073,485.4919114389847,3,0,4,2,42,1,50,Benign
81,31,21.986670344319453,4194,38.383394218232645,21923,453.85684961792356,6,7,1,1,4,1,89,Malware
54,21,32.59544074106587,2397,13.95051351034229,26655,142.8178630739679,4,1,0,0,39,0,68,Benign
83,38,13.617327055345866,4118,56.50280972942543,20231,352.491794101856,7,8,0,5,27,1,77,Malware
96,27,9.646298113826276,2456,23.573174784926785,15485,276.6858288480299,7,1,2,5,31,1,45,Malware
35,36,15.515304802902808,3193,26.781240892292764,28556,150.31688724450248,12,3,0,6,43,2,42,Malware
87,29,28.767085017328064,4074,21.665077687061636,15252,322.0449485010141,6,6,2,0,20,0,54,Benign
99,13,7.541024440439469,4601,10.150398028036069,18265,242.6633222341712,1,6,0,3,42,2,84,Benign
82,39,23.010159751072532,2337,44.62751184043989,6488,238.31513571854032,3,9,1,3,24,0,59,Benign
95,10,9.068948175328295,1326,39.527645051711175,5285,137.77804748448227,10,7,2,2,17,2,56,Malware
87,24,18.065973246417386,4035,50.482227009855784,10733,491.5411862682858,4,2,2,0,30,2,86,Benign
31,39,33.97931004654967,4152,12.050538672549024,27866,390.38396008952805,10,0,2,6,39,2,53,Malware
51,27,10.854328095406593,3200,56.432782236666014,22621,212.13368453616755,11,3,1,7,7,1,77,Malware
66,23,6.02049646538097,1401,26.544347003018277,20280,466.9900628950007,5,2,4,0,33,1,97,Benign
49,12,17.81610016934128,3867,55.65349312528969,21496,479.23487853208377,5,3,1,7,42,1,42,Malware
53,38,22.33086763070465,1487,15.356574103376976,9433,424.14993732667716,12,5,4,1,4,0,85,Malware
94,24,13.92553205094184,4882,47.19602907348206,29665,363.7260656445144,5,0,1,4,8,2,30,Malware
94,36,21.253040101300773,3114,38.96791157161633,11926,250.55064788903542,2,0,0,0,2,2,55,Benign
30,14,33.602058387559616,3136,27.9095607626292,15998,273.7386031003092,6,1,1,5,42,0,82,Malware
32,36,14.353123622483611,2158,13.957119796650964,22437,282.0045013737478,8,9,4,3,29,0,40,Malware
75,33,14.282810935978725,4950,40.236825492337026,6563,479.5050620204134,1,9,3,4,34,1,71,Malware
84,31,19.48303693642863,3249,11.321994153695655,20827,404.0538418783568,1,2,0,2,17,2,25,Benign
93,12,20.459490076740632,3475,35.06410495730037,18699,216.8057213347815,5,4,2,4,40,2,21,Malware
74,31,5.040977776252556,3987,40.21042878968275,18891,349.8562347819081,6,8,1,1,20,1,63,Benign
55,16,23.476253936145195,2202,46.6261873643761,29932,337.56021468612283,1,5,0,1,38,1,18,Benign
94,15,34.92072045994132,3386,59.5667317112423,25110,424.8507997224751,9,4,4,0,29,1,44,Benign
53,35,13.760241484113697,1078,23.004685675388245,11689,138.12335839302196,9,7,2,4,6,0,62,Malware
64,31,23.924301387995875,2620,26.119491068673753,25938,380.50863660713287,2,0,4,0,20,2,52,Benign
53,10,5.1386496510202,2556,27.0572673404496,13662,232.46793613009407,2,6,0,2,27,0,79,Malware
57,28,23.129798368906947,1377,46.57913559294175,24298,151.85281628495562,6,7,0,1,6,2,98,Benign
45,16,18.412049282834538,1164,56.59096341280569,7986,392.7093324306341,9,8,0,2,49,1,65,Benign
88,13,20.90879460394021,2563,58.71618747907794,20586,232.6584095473679,9,8,0,3,6,0,73,Malware
83,21,21.31714902477151,1748,57.290568327906456,19026,392.0494974682761,3,7,4,0,46,2,37,Benign
45,29,10.308589078995611,4871,53.96915038576217,7620,164.9747800243931,5,9,3,4,7,2,96,Malware
44,32,28.099043656378708,2720,59.54886869103155,16454,494.3711297908162,8,2,0,3,38,0,38,Benign
40,34,21.66408863031017,3984,28.797286341724845,28553,421.36320627217356,9,5,2,1,36,2,95,Benign
94,39,13.105833784909825,2845,57.41606599993532,14333,215.6607143985202,5,4,4,5,6,0,67,Malware
97,36,33.121446396962966,1154,48.05099811979558,9403,396.2097016247625,13,2,1,1,34,0,33,Malware
72,38,5.383211300121681,2146,18.422992976398913,26043,154.31995030386133,7,1,1,5,1,1,29,Malware
98,38,26.778116419993676,4670,12.273259393860116,22422,361.3749808675083,10,1,4,6,30,1,36,Malware
42,27,16.437055569713113,4273,20.724197893516113,27951,123.85474588159373,5,9,4,5,22,1,28,Malware
39,18,20.67634493933921,2063,48.93755621438131,16742,233.35498390678046,5,9,0,3,48,1,99,Malware
70,28,13.745292483367448,3216,41.584844061294206,21438,491.3850181287546,7,9,4,7,17,0,47,Malware
79,31,14.637565287900596,4141,21.21781286733426,29497,148.36814968324904,6,3,2,2,42,0,69,Malware
88,13,5.454986438327042,3839,47.096072723567964,17700,338.96961297639535,10,8,1,4,20,1,12,Malware
68,10,26.895352661357066,4985,17.06611197191015,12412,128.24215438637088,3,1,2,1,32,0,32,Benign
32,18,26.323952324021555,2353,51.09206969293472,17103,367.7604846117449,3,4,2,4,32,1,68,Malware
36,36,24.630746012216665,2463,49.7080487985366,12125,211.46486118421842,2,7,0,0,6,2,83,Benign
78,24,31.33852041752024,4470,58.62879853530242,8467,223.99024058303792,1,9,4,3,6,1,33,Benign
55,31,32.038027416753025,2516,17.513978231465906,6494,235.12101411808715,7,1,1,0,8,2,65,Benign
62,17,21.693329582757663,4050,55.330649720730015,9133,182.06272585024368,9,6,1,4,44,2,61,Malware
77,24,25.544704762011882,3401,27.055133186091926,8703,476.6629540283992,7,5,1,7,11,0,50,Malware
31,24,5.329952032113794,1327,30.802993239765584,26249,462.33273695814006,2,0,2,4,29,1,75,Malware
61,27,30.39029176625596,3545,33.42225314433847,20499,448.00609199355637,2,6,1,7,33,2,31,Malware
33,16,29.49240272388493,4490,41.34520266012779,21566,142.5782186987152,9,9,1,0,1,1,75,Benign
49,31,5.607458552704847,2526,59.73816850590214,6236,193.3779354027017,1,8,2,5,27,2,37,Malware
65,27,21.284756502251547,4610,39.99794015276166,17427,344.8903437247037,11,0,0,4,8,0,97,Malware
61,25,32.19966711311808,3392,56.335793252020366,13812,488.14840055593106,1,1,2,8,13,0,47,Benign
57,11,10.441639610938413,3690,22.75141010423615,20838,341.9269529218736,8,6,2,0,37,0,95,Benign
30,13,15.579347646712945,1788,29.920583090757482,9127,230.84070466993438,0,0,0,0,37,2,76,Benign
89,29,14.931610355560432,3424,35.22497647192904,5234,426.9616444920522,13,1,3,2,42,1,67,Malware
85,25,15.678214261992544,2318,26.145099489333536,5072,154.17221995982658,3,2,3,1,42,0,46,Benign
64,12,6.256580913653062,4359,58.8433551482165,27151,452.6967533818591,1,1,4,0,29,2,11,Benign
59,33,13.370530512960991,4325,46.284177694861356,6789,489.8707160478117,8,1,4,5,26,1,66,Malware
83,39,13.845689381007068,3481,33.944067609128005,13859,487.06106157988506,12,1,2,3,41,2,96,Malware
65,32,30.976161454687734,3548,47.56523506048969,9023,159.07862536631816,11,6,4,3,26,1,86,Malware
84,11,15.563480213951076,4156,33.37212495413256,17004,319.84300273183976,0,9,3,2,40,2,88,Benign
87,12,18.41650219680654,3568,10.861266368396302,15531,333.967611857937,9,3,4,6,32,2,54,Malware
94,35,16.42214179641166,1561,37.15967039051681,19244,177.9674361681117,9,3,3,6,42,2,62,Malware
98,34,8.620203488047453,1512,41.25926093806008,16551,318.71093889075047,4,7,3,2,24,0,86,Benign
80,38,34.71070273176872,1515,59.060370935928084,7260,358.61502958922944,4,4,2,0,3,2,93,Benign
51,14,29.774755721141926,2539,12.039642413030885,9262,231.58469789882372,11,0,4,4,13,2,16,Malware
82,11,21.227609210821004,3544,35.60484787275669,12388,226.27230660118005,9,1,4,1,11,1,86,Malware
65,28,19.29093483167514,3649,14.907737835418091,27929,124.09539991119215,4,9,0,3,5,2,48,Malware
97,33,24.477641763890272,4062,17.44979507854802,11934,482.7302239697617,7,2,0,0,1,0,77,Benign
65,29,14.792934455697145,2185,40.52316694842381,12456,421.4463712035849,7,3,3,1,34,0,72,Malware
81,39,6.508486110634356,1666,21.578385613324865,19191,403.7796523617863,1,8,2,0,44,2,55,Benign
82,11,17.129504408440617,2550,47.45870556475123,15219,108.7115679767404,12,9,1,6,32,2,11,Malware
79,11,34.519327322235824,3412,35.70993462976364,13370,349.7236418368392,3,9,4,1,13,1,24,Benign
70,31,10.470404176331684,2567,20.91064425828686,27698,172.25141418316394,6,4,4,1,17,2,14,Malware
47,33,20.83115876458917,2448,34.68958388005325,11117,364.6870125221188,6,5,3,0,2,0,12,Benign
51,32,5.25564188964736,1966,10.044086345406036,7051,348.46219639017016,1,2,3,0,21,0,25,Benign
95,29,8.660945455357544,2980,53.13700218289205,25815,440.77014306556447,6,1,4,5,21,2,58,Malware
50,27,22.61575101401351,2598,10.63391885278814,29770,202.17363812592038,11,1,3,2,6,1,99,Malware
73,34,13.922417885235049,2980,10.350494624609127,19279,110.984711581701,3,5,2,2,30,2,15,Malware
76,29,32.17053459381874,1363,40.57519715898235,16727,465.64435175037005,11,5,4,5,15,2,44,Malware
68,34,17.185092978717044,1107,58.67604628950414,7940,463.4544113919277,3,6,4,3,15,1,47,Malware
58,30,11.241007913931576,4085,52.796674217698936,16009,282.34381641950375,6,8,0,4,45,2,93,Malware
83,23,21.367753078541107,4094,22.600945629472584,8628,131.2352235708495,2,2,3,1,47,1,95,Benign
46,37,28.84920905527888,1622,19.833340557384282,12634,299.1875955337939,1,6,0,0,9,1,73,Benign
89,24,5.582590885921844,1320,41.30560903167277,10463,309.6056883107119,9,6,3,2,12,0,94,Benign
60,21,20.16560355890124,1509,51.13188735110387,14423,428.69018870932496,9,7,1,1,7,2,41,Benign
78,20,28.202796701814385,3719,28.10393354500149,8698,386.8405777464782,3,4,4,1,24,2,10,Malware
31,20,8.107659638960875,2064,31.617729518353794,6959,128.3218303714361,9,2,0,2,21,1,57,Benign
77,39,32.083955567994366,4865,15.774475683887559,6526,382.135044368055,7,1,4,3,9,0,32,Malware
43,16,12.93552229900548,1303,17.641321062767958,15369,154.29578741251473,4,3,0,5,32,0,27,Malware
88,21,10.118108231384804,1968,38.41757975130104,29223,135.78881081979497,11,7,0,4,2,0,26,Malware
87,25,22.677682187080237,4727,15.132807287421848,11929,259.44285257395535,5,4,1,1,7,2,40,Malware
87,14,10.250934374540869,2438,20.10230623979505,8519,130.9454427336702,6,0,4,2,2,2,63,Malware
80,11,25.391045611135464,4521,21.733851200594202,23079,431.70759751399885,2,2,2,5,45,2,86,Malware
31,31,19.7030624599529,4871,32.19622666068152,27280,285.2516740026729,3,4,3,5,12,1,69,Benign
70,25,8.298678852865397,2417,12.28059820618181,29374,334.80150226484716,4,5,4,4,15,1,75,Malware
45,32,32.37470403746144,4736,34.988548584646935,27850,330.7458094016853,3,1,3,0,35,2,82,Benign
33,39,25.196162298906504,4665,56.43372031970407,19071,491.24391453998334,7,7,2,0,6,2,95,Benign
41,24,21.37979079601304,3412,11.22318305595363,17311,466.3130027785223,8,6,2,0,7,1,27,Benign
58,20,16.23021846050392,3785,41.54924326037327,5376,439.6512235141473,7,6,3,4,11,0,27,Malware
36,38,9.045797140114152,1988,51.792118257577116,5778,253.30769076525394,7,6,3,4,3,1,92,Malware
43,15,26.225551131839662,4068,25.62304212745886,10275,158.03988020199364,9,4,3,6,34,0,72,Malware
41,22,29.40967460087178,4500,16.575927250961243,8343,336.7468010028301,1,1,2,4,31,0,40,Malware
34,39,8.774565498149379,3199,12.166989380463153,19428,276.1264300440265,10,7,2,1,21,1,38,Malware
61,28,19.837028736144273,1258,42.19515297179012,27376,190.21066096505055,8,2,2,0,29,2,97,Benign
72,19,19.545385609774687,4901,37.61171901145342,8595,139.0768461044471,3,2,4,2,19,1,92,Benign
98,33,15.49735124659903,4662,21.46474941959988,19061,274.43731893095685,4,1,3,5,7,1,89,Malware
74,28,28.680256861754152,3754,51.5808653815874,19456,360.34708812857883,3,1,4,1,43,0,60,Benign
38,39,7.985893514205409,2974,46.77531760761717,23883,350.1559254948937,1,1,1,1,11,2,41,Benign
78,14,11.1505767461627,3270,23.821439249339157,19937,409.56857592843613,12,5,2,4,3,2,30,Malware
62,34,5.048083067555202,2289,47.66815114323169,18187,286.62185076974333,7,7,4,6,39,1,39,Malware
47,36,16.189561642490446,1229,22.249710675038628,21970,228.6558301042179,9,2,2,1,43,1,16,Malware
38,30,13.73534503701116,3486,43.763373093318044,12489,315.4801668127992,1,5,0,0,44,2,47,Benign
91,16,31.009819512744695,1149,15.927252053693971,24383,490.0024239077595,9,2,3,3,45,2,21,Malware
86,20,27.374307322284643,1909,44.61197316666036,11744,118.03621521852685,12,8,2,4,33,1,68,Malware
58,23,7.534165896868156,4528,21.938720949113012,13801,311.46632129277737,8,0,3,3,28,2,23,Malware
54,32,27.22867745187111,1977,38.623467712085706,15692,231.70580095028086,12,6,4,6,39,0,80,Malware
44,30,25.262006642586712,4207,18.623193342594128,23867,142.1400955689445,4,7,0,0,32,2,26,Benign
35,25,13.451728208009891,1634,46.298347378397615,18918,273.86822638564445,12,8,3,5,4,0,32,Malware
71,27,5.463823241138302,2893,13.043978719652586,27179,356.4656519931466,1,4,1,0,35,1,86,Benign
58,30,8.454872041661375,3446,18.270889340135938,29293,311.2662268975265,5,5,2,2,17,0,29,Malware
33,32,12.498232538556781,1621,19.206823993541825,24083,111.67058810575598,9,4,3,0,35,2,14,Benign
86,32,29.498670984569152,3190,12.067179292699928,12484,331.6469857953606,3,9,1,8,42,0,15,Malware
78,13,18.95938477723426,1947,47.25062580801228,20823,192.8010335202843,3,4,3,0,37,2,22,Benign
73,10,32.551865793771505,2093,59.04762523699664,5108,236.5906220163925,6,6,4,5,26,0,12,Benign
43,31,28.674453783448996,1053,48.91988942058412,6498,224.8818973036515,1,3,2,1,48,2,62,Benign
32,38,13.613245395320204,1843,53.03159810611978,27481,443.4053231099342,6,5,2,3,17,1,40,Malware
91,24,30.360864697415387,3985,10.300383016913857,14141,119.02920705454179,0,3,1,0,34,1,12,Benign
93,23,8.50174521232271,4474,15.893498188729662,20008,239.19870080947697,12,1,0,9,49,2,17,Malware
74,28,6.083525613620092,3599,37.95101696474312,23051,257.9265347447206,6,1,0,1,8,0,80,Malware
87,36,23.25614362739947,4780,58.89344423970837,24568,347.5337053934768,6,3,1,0,9,1,59,Benign
49,14,15.252291046389159,4098,43.03564655241018,28837,415.58593939185624,4,4,3,0,7,0,80,Benign
87,13,14.882770599879414,2865,28.706834686903882,26331,391.06605506598953,10,0,0,1,1,2,84,Malware
86,22,25.616245583950622,1298,17.30746527407296,15586,401.04884131664784,7,2,2,10,40,0,97,Malware
97,27,30.50311483468711,3739,17.641784719132538,9917,176.954806521381,6,4,1,0,41,1,68,Benign
81,21,14.665265160206044,3605,28.13766011583919,21005,464.69490949811257,2,7,1,6,16,2,30,Malware
66,32,14.750414660675025,4725,45.69050986720036,12428,265.65947178440393,4,3,2,5,2,2,29,Malware
37,39,21.015531178771614,4391,11.590964551245532,28245,104.44361238027531,5,5,0,1,8,0,83,Benign
73,30,24.595508062413195,1444,52.60887957308193,25786,367.238472833945,7,3,4,0,22,2,58,Benign
34,24,11.087173866655336,1097,57.07757178449029,6057,341.60111961780603,2,4,1,1,27,0,89,Benign
98,39,32.38037458735618,4197,54.44082302654156,27696,150.38305403567173,8,6,3,5,18,0,83,Malware
60,32,24.632495715560363,3105,55.65134546984465,22752,483.94704216373555,10,7,1,4,16,0,47,Malware
74,18,23.754854341042947,1176,10.766963970913187,29486,324.625772325086,0,9,4,0,26,0,42,Benign
38,13,32.12586908203305,1718,58.88961579749479,19867,287.7055945235945,8,9,2,6,22,1,78,Malware
61,14,32.21795241783431,2308,28.31785574451744,27122,259.24888881496315,10,7,0,4,1,1,68,Malware
62,18,9.066503618794679,3038,53.46405591825874,14863,183.94055135744657,9,6,2,3,32,0,21,Benign
96,22,9.352265119396018,3713,19.340443534980707,26017,481.1251236847809,9,3,2,0,46,0,17,Benign
59,19,27.85846096820443,4098,32.32628713311185,20605,380.8634556302679,2,3,0,1,22,1,79,Benign
58,36,33.706398366319114,4522,12.208219431198833,25122,327.0414995701069,11,1,2,4,27,1,96,Malware
32,25,24.99541035539324,1322,12.003799842141362,8625,352.4800807186956,8,8,2,1,38,1,57,Benign
86,39,17.339509958215103,3722,57.16380503848191,20025,436.1681833809051,0,5,1,0,44,1,76,Benign
59,22,25.504194193212367,4321,50.530330626451956,26584,354.2881123925905,1,2,3,0,33,0,47,Benign
38,13,11.864347290696164,2723,36.49130222068966,24120,145.83629158854947,4,2,0,3,30,2,43,Malware
55,30,34.93898899423351,2393,36.27290867822689,13896,378.91806352996747,3,0,1,1,19,1,13,Benign
31,22,17.932556535770544,2989,47.43773092380931,29858,325.94775035710774,5,1,4,4,33,0,16,Malware
91,30,32.950580075260866,1845,27.083439078524503,17021,486.5376430649489,4,4,1,0,25,2,94,Benign
32,17,17.923941585913248,1089,48.093463793097605,25067,393.48768586912956,9,8,1,1,6,1,83,Benign
75,22,32.84419343365771,1130,34.25041899966362,22354,237.60116639210463,7,2,2,5,48,1,98,Malware
97,24,15.07056324439747,4881,41.89587014557325,21872,154.1591405631104,6,6,3,2,29,1,86,Malware
54,29,27.8162895396742,4596,58.24147250515739,16298,292.91223698776355,5,5,1,1,15,0,94,Benign
80,29,33.53006037227048,2052,33.56577787601307,28845,371.74171232471315,6,2,4,2,12,0,92,Malware
42,22,24.37942034587305,4848,30.920232987322507,15281,170.9102071627696,8,3,2,0,38,2,68,Benign
73,32,25.326956773246284,4615,55.287458697067926,13361,359.7777097154066,5,4,1,9,15,2,17,Malware
64,36,8.086587359661534,3709,55.1290247458172,17208,430.24470320516235,2,1,4,3,31,0,70,Malware
84,14,19.226598414917028,4157,59.62093509415879,12150,162.82007135383373,7,7,0,5,1,0,59,Malware
38,31,31.602662182603623,3105,37.54314996541546,14784,382.31428144307375,12,6,1,8,20,1,93,Malware
31,31,12.227295086921544,2080,27.21307705133014,18155,127.30305343992595,9,8,0,3,29,1,17,Benign
90,37,28.650890404949394,1993,22.01950315888518,13757,103.18003315469343,10,7,0,5,48,1,25,Malware
70,15,25.27129657411823,2417,11.70481784758309,14609,113.05387453122626,6,6,4,4,11,1,57,Malware
73,39,11.689578942216123,4096,46.336431210544276,12355,352.6018310572764,0,8,2,0,9,1,71,Benign
93,35,13.483736158038933,1189,21.673808686772336,29960,489.344821073675,8,9,3,2,16,1,65,Benign
60,14,17.826827003620913,4006,40.33204426128286,19199,408.548900855901,6,4,3,3,16,1,37,Benign
76,22,8.753876465621769,3123,55.829618268219775,15837,201.76370401619894,7,2,1,0,33,1,83,Benign
31,38,32.40113891474621,3418,57.51068036972634,24519,128.67547460033921,5,5,4,3,19,1,30,Benign
98,14,27.180728152161667,1898,10.220506699015516,25560,346.6616515971924,9,8,0,0,25,1,53,Benign
87,34,15.948923000107392,3898,25.85375156881782,28307,101.29155406090047,5,5,1,2,34,1,88,Benign
73,22,13.989964859148854,2760,51.868901473261346,21363,417.03424970881906,3,2,2,2,39,0,79,Benign
85,33,25.68736610937132,1505,36.822260267576766,24640,197.2482103035689,1,1,3,0,24,1,50,Benign
72,29,17.72662765858223,2966,50.37543667410764,28896,219.68683038996699,0,4,3,0,49,2,44,Benign
63,32,11.880097157152182,1182,52.6661641418969,13429,237.5915948293946,6,7,0,3,32,2,65,Malware
59,17,17.90452258921272,1153,32.13131099706614,28847,405.4211766873147,8,7,1,0,39,0,94,Benign
99,37,31.138909496677165,2292,27.949146901239278,21237,206.2967486202836,9,0,1,0,3,0,26,Benign
84,18,7.058199096198904,3950,32.77166330252628,20846,213.78835755482044,12,2,3,4,13,0,35,Malware
96,30,16.050747418457362,2953,42.639760131213315,16632,316.39677526147216,1,4,2,1,30,2,72,Benign
42,28,33.87018269051496,4349,28.357957644340917,27826,285.2002114516661,3,0,4,1,23,0,83,Malware
32,38,5.444955273637428,4411,48.74941443488763,26216,482.22787553375053,2,5,0,2,30,0,43,Malware
55,29,31.71920952593656,4946,55.19963968425112,15124,205.3586328322691,6,3,3,0,12,1,80,Benign
86,24,16.245010957314783,2046,24.115560107936325,7576,136.7564973082035,1,8,3,1,45,2,41,Malware
53,35,10.685546137263714,4503,58.249482208711974,7071,316.39258983568857,11,1,1,2,38,2,13,Malware
82,31,5.449392424151052,3573,41.13626233626553,29907,173.80783146895257,10,9,0,5,24,0,19,Malware
99,19,7.115684041963882,1605,53.90843856098705,24513,265.45068011035664,2,4,3,0,24,0,88,Benign
72,20,10.155300926725767,2366,15.195821763605274,15703,174.87917742613092,4,4,3,7,30,2,65,Malware
89,14,5.762277151387346,3926,22.574956852811937,16241,452.3879554900299,10,5,3,4,17,1,44,Malware
87,18,15.075496042700138,4123,26.05095397162961,9284,230.97985292760134,3,4,0,6,15,1,42,Malware
78,38,6.34679343123262,3386,25.141107558725665,8535,409.94700213669915,1,9,3,3,36,2,34,Benign
71,20,25.76648185533432,2958,18.593057829926593,11365,479.4413572456926,3,9,3,3,24,0,56,Benign
95,36,29.567213406123795,2064,53.410047376241614,21283,476.2202320708365,10,8,1,1,32,0,20,Malware
40,39,31.623917707132748,2699,30.930607064477503,20298,309.92043865999256,3,0,2,0,24,2,43,Benign
47,28,21.473845429080058,1517,58.15651062333941,5352,493.3020425519996,9,7,4,3,3,2,45,Malware
81,11,33.39528623539596,3454,39.17361833950736,8122,362.3748873505761,5,5,0,3,45,0,26,Malware
75,15,5.169363516793005,1137,16.919731782243154,10207,151.39557468047857,1,8,4,2,1,2,21,Benign
73,38,9.020549664923681,2122,37.29523549169785,19823,455.350777223295,9,9,3,5,20,2,89,Benign
51,32,13.794979421927454,3388,59.67725738621211,23415,287.47569670143093,6,6,2,1,21,2,35,Malware
82,30,28.670733258627106,4807,38.258584354963745,7926,161.0777151175736,9,2,1,6,12,2,83,Malware
88,10,31.561674204015713,2339,10.09346725647813,10825,416.5687021637091,4,7,1,4,36,0,22,Malware
59,12,23.544033539182333,3589,56.653995179520955,9044,349.76120303104176,6,9,0,3,44,0,91,Benign
37,12,16.497090332274155,3272,21.74472030640947,17388,452.84838864428144,3,2,2,5,21,0,94,Malware
86,37,24.975368107581918,4909,44.42645265344783,29265,430.92898532925716,6,2,0,0,19,1,96,Benign
49,23,10.426981160730984,3308,35.754007747772135,28975,228.04417046243935,5,3,1,9,19,0,96,Malware
54,29,18.73622156517296,4318,26.271687842044308,9620,202.5258259997484,10,2,3,9,37,2,45,Malware
48,39,20.226322949698698,2102,24.131976183819432,6170,393.5314192917978,3,5,0,0,2,1,78,Benign
34,35,8.146136630336438,1696,56.437993125355234,20505,329.32514577866056,2,6,2,4,33,1,54,Malware
56,31,6.016179806648188,1810,55.59629479599186,10640,127.94992407325284,1,2,0,6,37,1,88,Malware
69,14,27.503164920504382,4763,35.65674200268896,9917,172.65511971818262,7,2,1,5,10,2,97,Malware
55,26,21.041190778391258,1472,22.92475977675696,26629,160.54137872412866,8,6,0,3,32,2,21,Benign
56,24,14.967161056338064,1076,15.117101608599889,16825,335.91875314319947,4,9,3,2,30,1,92,Benign
91,15,18.1168589498345,3309,17.82881914295428,12306,134.30490526702158,7,8,1,8,17,1,98,Malware
79,23,33.73110239729888,4812,36.112586287030226,19262,183.08037475672904,2,2,0,0,30,1,47,Benign
71,23,16.547413157418518,2025,25.39149802895046,16125,318.1505983254432,4,5,4,0,14,1,86,Benign
58,34,8.104376799613192,3064,12.103407112997836,10801,153.22272396367308,9,4,4,1,5,2,97,Malware
68,36,18.90806538690031,1343,32.758369265555004,28129,199.30872631843167,2,7,1,5,36,0,76,Benign
89,26,24.44145120434206,4083,47.30946462321568,20498,462.71641353318046,4,8,3,1,13,1,85,Benign
70,17,5.363393482996745,1939,54.58475579799938,29647,378.8470073889541,2,7,2,0,16,1,75,Benign
62,17,14.970216800455416,3741,39.264202284154464,7292,222.75257118929636,2,0,3,1,13,1,29,Malware
45,28,16.805432603913495,1845,46.1646061921223,26058,450.9420489417124,5,6,0,1,29,1,49,Benign
52,38,18.911445372918372,2030,28.203523543246618,19977,200.11392330798577,2,7,1,1,24,2,43,Benign
36,18,14.05052581023366,3293,34.81190896084698,14425,335.6330841258387,1,4,4,0,18,0,31,Benign
55,20,25.007667753976197,1985,46.481342825501464,21577,247.3977350576992,2,3,2,0,39,1,24,Benign
41,22,33.34127671177437,4999,46.38291136861472,17619,400.85976374356886,4,6,1,2,8,0,75,Benign
34,22,32.41994528119146,4228,31.226313228475206,29611,248.63494237517384,5,5,1,2,5,1,44,Malware
98,36,24.931802444270502,1173,37.18336707791614,18839,199.54466906903536,10,1,1,3,48,0,40,Malware
78,33,20.2065219843275,4558,56.19276697754847,10197,343.0818429870841,8,8,0,1,14,0,86,Benign
55,28,29.77445379324978,4912,41.59988024716168,28572,398.136176686707,5,2,4,5,3,0,62,Malware
34,35,30.078115635756905,1845,42.12873128432948,18958,314.5454752741789,7,0,4,3,6,2,99,Malware
51,30,29.88719158459085,1692,49.231014619268,13436,386.51531427598445,8,2,4,3,45,1,97,Benign
42,28,9.73537813608199,2008,15.761144815798641,8466,268.806482145829,11,0,2,5,17,0,66,Malware
57,14,5.7629702408582055,3328,36.144214582436376,16959,418.17845802396306,6,9,0,4,43,1,74,Malware
62,25,34.4958022924433,2332,57.9715868135491,21043,334.0098718178184,3,6,3,4,42,1,47,Malware
52,18,33.78962587162923,4037,28.083019608804946,10212,178.4999939138669,4,5,4,3,29,2,47,Malware
47,37,21.931353826662892,1236,24.746307321104553,29504,456.30068124019493,9,7,3,3,22,2,95,Malware
59,29,34.79191150152082,3204,40.060398280237884,10945,434.72958317177614,2,3,1,2,41,2,19,Benign
55,31,28.116411343035818,2274,21.05597122826517,26879,485.56488366912845,7,5,1,5,43,0,55,Malware
45,12,20.521405503603514,4070,37.797257826182445,11319,327.6034065482749,8,2,1,5,34,2,36,Malware
68,28,16.67993201429667,2244,17.78260054288203,17477,370.2963936388978,1,3,4,4,6,0,51,Malware
62,14,22.785896284805542,1337,38.989673034895276,23165,445.43169449172495,0,5,1,1,43,1,11,Benign
55,17,20.47406304996438,4294,40.11895918225888,19299,121.03653283726676,4,4,0,5,41,1,67,Malware
77,23,34.814075801035884,2234,30.920023950613142,21999,464.88185335555585,5,1,1,0,27,2,28,Benign
94,33,19.71380948027711,1336,29.137321271934425,25547,208.4653683565163,7,8,4,1,49,1,71,Benign
67,12,30.077632585614715,2157,22.272913920022468,19659,122.81747267664423,6,1,0,0,14,0,20,Benign
31,33,29.40871469414724,2867,26.546115391679717,26658,195.04279473630237,3,7,4,2,20,0,23,Malware
35,22,7.142188205173703,3818,34.917298359568164,16496,334.5439853486442,3,4,1,2,27,2,66,Benign
75,20,7.610203019318935,1494,22.382945051455053,6531,119.13879949668296,8,6,0,2,3,2,42,Malware
79,38,24.794303444041887,1546,49.14172316859313,19439,100.30590652899924,11,5,1,4,17,2,53,Malware
67,17,12.77324020205904,4254,45.45176206628858,25945,355.7450692529634,6,1,0,0,4,2,27,Benign
47,28,24.725811040913193,4886,23.46529335729977,21187,281.3549389750805,7,3,3,2,42,2,38,Malware
56,19,9.338776829405901,1160,14.8717581550774,11571,437.73210040610763,9,8,0,3,13,1,39,Malware
70,38,16.91204681617412,3036,10.00900194919814,6775,203.01891474344643,9,6,3,3,1,2,12,Malware
46,35,8.07410798976752,3652,39.835942619074444,21285,212.28304173005944,4,0,1,4,41,1,41,Malware
91,27,13.462792304469179,3434,20.56818732268244,12136,131.01856156366662,1,3,0,0,21,2,24,Benign
58,35,7.648957703230138,4268,10.629123505076956,15681,315.40467197117687,5,9,4,3,3,1,58,Malware
87,27,34.11735965593037,4898,27.954263529601132,20059,246.3617559575095,4,2,0,0,47,2,96,Benign
99,34,16.851753035368255,2741,58.09992311587167,14341,235.88313939429025,1,0,0,3,25,1,69,Malware
51,16,32.03566303694558,2507,44.497140381490865,25090,283.0530696872454,4,4,0,1,42,2,55,Benign
35,25,34.13515307086545,2525,52.8881851461229,10155,439.87495071548165,3,8,2,0,44,2,89,Benign
55,15,32.28687980382716,1987,17.236954913036502,28789,142.07543834625173,6,3,4,3,1,0,59,Malware
68,25,18.648789930986265,4560,13.664407730971819,18553,309.4374510080651,2,1,0,5,14,0,15,Malware
41,25,28.366918927461718,2375,10.576488175486123,26730,178.57400147791338,9,6,0,0,34,1,89,Benign
43,32,9.610984512650779,2553,57.78311450097436,18714,184.9564789424998,6,7,1,0,40,1,29,Benign
51,33,7.844978414576264,3281,25.010136767677423,19590,202.6940848155732,9,1,4,0,3,2,58,Benign
80,37,31.30704403492184,3023,32.9752471170429,20291,283.7606770908246,8,9,0,5,42,2,37,Benign
52,10,5.933604371097452,2917,29.726181180088727,21466,297.76001972298235,6,8,0,8,9,2,35,Malware
77,33,34.169820526915096,2868,46.52284676964296,28178,448.60450465262164,4,9,0,6,5,2,65,Malware
79,28,25.164016401923387,2601,25.498244097637155,16572,456.8448562551066,8,7,3,3,25,0,57,Benign
42,12,17.588390642018265,4827,36.772644130702574,15771,334.6656812176327,8,3,2,4,33,2,15,Malware
39,15,9.241259791431656,4480,59.779113247773374,9936,212.56166226154645,5,3,4,0,5,0,62,Benign
84,13,26.696934528641368,2299,32.20317756721181,22491,427.37479636382784,9,4,3,0,12,1,68,Benign
38,13,21.893352632100584,1710,37.56357703498778,7074,417.15279741459244,9,0,0,0,39,1,89,Benign
81,13,26.33381022339708,3506,35.12640311554189,29121,419.18137307998796,5,6,4,2,11,0,42,Malware
31,19,17.53766616886763,2476,50.15930790680161,9474,106.54703340094778,0,3,3,1,33,1,21,Benign
54,18,6.987802491827351,3460,23.341982701678752,15116,401.54554320271984,3,0,2,0,16,2,87,Benign
42,17,14.449166016521808,2041,18.52190080713985,20689,441.0877828523658,7,3,3,5,3,1,48,Malware
80,28,14.450622596440724,1071,47.7046579132431,13572,342.01317532398673,4,3,1,5,5,1,11,Malware
87,26,5.2603747501298255,4738,30.780909318432712,5636,400.4976791752815,5,0,0,4,40,0,86,Malware
63,26,5.287430452967705,3425,55.68630044883436,5799,410.4680827315678,10,8,3,5,19,1,53,Malware
64,10,14.9227486160133,3046,42.20796428966988,25396,302.6333622870756,10,7,2,6,48,2,28,Malware
32,29,26.828701543976376,3729,38.21715558558713,21666,425.44828648612753,9,8,0,4,11,2,18,Malware
88,23,23.721311912506245,3881,13.522852741293859,25693,416.9163894004304,12,6,1,6,21,0,40,Malware
99,31,12.170529401195271,2378,46.5205952568899,23430,466.44174278533404,6,4,1,3,9,0,88,Malware
77,29,23.082879565165136,2817,44.30201827564791,28057,468.54945284748067,6,6,3,4,43,2,13,Malware
93,36,24.421327866784747,3198,42.003596224357736,22238,311.88583320479233,1,1,0,0,18,1,72,Benign
48,20,20.67709768474997,4332,23.395476178534526,5616,112.59753603021502,11,9,3,3,12,1,55,Malware
96,12,20.640619255604676,2103,57.336966083722224,24614,107.64276257949894,2,6,1,0,43,0,41,Benign
34,33,16.092436191879177,4177,26.082756351641002,7088,475.5706806424914,10,3,4,5,39,2,90,Malware
96,39,8.701830912597103,4594,17.611547837696712,25257,234.9444343580317,0,4,3,0,23,2,14,Benign
40,17,16.564514001512737,4474,59.36005774675069,29056,251.01328122333751,6,6,4,8,38,2,48,Benign
97,31,15.360029484404826,1719,47.312313956188405,25998,287.9632117608062,9,1,0,0,40,2,22,Benign
98,34,22.75917778628175,3015,30.739344116309066,6044,206.3195988804816,5,4,1,0,13,1,77,Benign
30,37,30.68780506299825,2931,56.79582154443534,22029,336.1656779246856,1,1,3,0,35,1,37,Benign
92,19,16.26125494521155,3177,14.555868718309863,22324,413.8481566385003,4,9,3,0,28,0,22,Benign
58,26,26.292058336990554,2194,14.383060821327888,17529,202.93665481631766,3,5,3,3,35,0,66,Malware
41,38,29.354911324894054,1405,44.122550931429274,21726,397.2245031083591,9,9,0,5,23,0,33,Malware
70,17,11.352545411923884,2945,18.898602418942176,6666,368.8076573034201,7,7,0,2,15,2,18,Malware
31,31,32.04950530639156,2056,55.85697575966421,7464,310.23338512226513,9,6,2,3,8,0,16,Malware
66,10,7.113348145380818,1535,52.017958714943546,5037,230.17683881841364,3,4,3,1,15,0,31,Benign
74,29,32.05158016393072,3244,25.318361205059322,25815,449.10978385796807,3,2,0,1,1,1,12,Malware
77,30,9.908986778875704,3964,54.44197911346851,19808,261.1184286848105,6,3,1,3,35,2,81,Malware
53,16,15.11508808502947,2069,12.144384350366419,15352,249.86522728969055,5,1,0,3,12,0,13,Malware
51,33,23.1570566050449,1273,37.43189263687469,21634,356.54834057510755,2,5,0,0,9,0,51,Benign
40,18,32.17050097312476,2766,56.77813868544166,26391,468.13266307966745,7,7,3,0,39,2,11,Benign
87,37,12.671043216957058,1132,52.76914894678491,28622,303.20716748828164,4,7,4,6,33,0,62,Malware
75,21,27.907217403997265,1263,27.80366619004975,21647,389.0762654217722,1,8,1,0,21,1,55,Benign
58,31,26.313074247226076,4668,19.143521761731744,27911,282.7532099584034,0,4,4,0,31,0,15,Benign
64,35,9.791262864265013,1366,20.527029420187226,10886,187.523060402735,0,9,2,0,30,1,66,Benign
44,18,19.38391833752984,3872,35.72539390392026,10105,149.58093050335282,3,5,3,0,43,1,95,Benign
89,29,19.445152795328966,3052,39.8386471918237,6621,154.53057459975167,7,1,4,3,42,2,12,Benign
71,33,14.138354439699503,3316,11.640715831181822,23137,108.53028634420632,9,9,0,1,19,2,26,Malware
72,12,28.39763949607386,1850,30.677577961744404,24966,321.16091083524407,7,3,0,2,34,2,83,Benign
78,13,32.77801557119295,3780,51.51935578219523,22541,152.4423917496018,0,2,2,2,45,0,97,Benign
93,19,26.497173758084504,2729,32.21644751178985,10508,446.2793363764377,0,8,2,0,17,2,69,Benign
61,13,34.18864199068444,2444,18.458769547470524,14957,493.1590098672048,6,5,1,2,34,1,48,Benign
93,31,6.51405413244837,2369,57.74301465095484,25540,298.34749071243016,6,5,1,0,1,0,37,Benign
31,18,6.1166805526818555,2948,23.313776996323334,25219,279.8695783800531,9,3,3,0,25,1,54,Benign
53,31,31.815760324797402,3116,49.921413281703025,10861,239.22899016286917,8,5,2,7,35,1,13,Malware
95,10,31.93401109089807,3847,19.689708316946742,16733,355.21077820374126,8,0,3,7,10,2,91,Malware
67,14,8.21362355263647,1357,31.158636461079496,16448,343.21083680588686,6,8,4,1,33,1,48,Malware
60,18,15.72338147206774,2711,34.52112698874059,24487,237.35284837090163,0,2,1,1,14,1,12,Benign
55,14,30.061837343385598,2409,35.03176479741222,9752,237.26666069460128,6,4,3,0,6,2,74,Benign
58,15,8.856220325049376,1324,35.82369340503524,19265,357.92153332663986,8,6,2,3,20,1,25,Malware
96,28,13.022842178276212,1750,21.24737703448807,22429,321.8184728921507,7,1,4,1,46,0,55,Benign
54,17,25.42988110573859,4552,35.79577609804176,13015,387.42217109534727,9,3,1,0,12,1,49,Benign
77,19,34.456971634339936,4250,34.08563769388771,24241,476.5569398016642,12,5,3,6,27,1,64,Malware
94,20,28.914165202111768,1255,20.435974856313162,6102,411.83662439986693,2,0,2,0,11,1,45,Benign
82,22,28.31952868443162,3466,59.40957797518554,12303,221.7382832134831,1,5,3,8,15,2,69,Benign
96,29,15.279879910734106,3258,53.27816963932751,27829,403.6489735402709,9,4,1,6,28,1,45,Malware
47,13,24.840292150144226,1910,54.37881755112415,27386,280.009810924885,6,1,4,4,38,1,45,Malware
38,20,8.39264866792484,4810,44.278552519144746,29962,411.0625562750772,1,5,0,0,2,1,56,Benign
67,21,34.76801099550498,1583,17.994851534587827,22996,454.6285082201901,1,4,4,0,14,1,57,Benign
50,14,19.417529532619707,4438,38.404603194987445,22949,199.9757396519609,4,0,3,3,5,2,19,Malware
94,39,24.164236047931354,1576,51.07198158136931,8355,195.45800461198263,4,5,3,0,47,2,31,Benign
50,19,31.28515696044361,3213,11.936824434433127,15568,273.04996330965815,11,6,0,2,37,1,37,Malware
56,34,5.028948855306919,3261,34.792155164380986,7507,120.6135494592067,10,8,3,9,10,1,45,Malware
99,38,34.279472827889236,3576,29.806143999745906,23584,374.2743757107627,5,1,4,0,14,1,41,Benign
73,33,15.774779365105795,2871,20.60623648296518,25388,399.8804318293444,9,5,1,10,18,2,22,Malware
57,16,15.187722241874791,4244,28.912500188265884,15964,238.1720021207564,9,5,4,1,34,1,43,Malware
74,30,9.351900082779617,2152,59.17487554347264,27194,286.11410123869035,0,0,4,0,17,0,72,Benign
46,18,30.74553230850623,3050,46.16216631808888,13998,336.14263485009144,12,7,4,6,28,2,74,Malware
69,18,31.125186076017215,1894,24.976854000747068,19822,129.4391384062002,9,4,1,2,38,2,89,Benign
32,19,5.599669968346708,3943,40.26775257404148,25167,384.51901354618366,6,1,3,0,31,1,31,Benign
95,19,6.67175662619949,2783,22.332812014283988,20333,310.680668299618,5,4,4,8,33,1,40,Malware
75,11,32.55024981901012,2093,40.54219545121369,16221,349.704912889089,3,3,1,5,36,1,57,Malware
59,13,8.686043968322046,3099,54.808334474246585,5640,389.53223234035323,1,6,3,0,47,0,31,Benign
98,17,23.627823919008765,1436,37.84383999712762,10925,370.22349630926226,8,9,1,0,4,1,80,Benign
38,38,23.589513505049478,4449,46.66699877263414,25470,138.12863547425275,8,7,1,5,37,2,64,Malware
40,23,31.091910053259628,2021,32.66694993581484,16187,413.0368304463178,4,0,4,0,23,2,49,Benign
98,26,22.17962316277035,4842,36.206195883199825,7099,344.01863273349454,3,0,0,0,21,1,13,Benign
95,22,18.020342339318866,4822,44.75375393774393,15834,385.9523368028201,9,7,4,2,25,2,87,Malware
60,30,34.23142347773137,3141,50.62025025256986,29251,204.60069000483534,8,3,1,0,15,0,52,Benign
62,33,11.8644642799691,4630,42.972569326272485,19860,188.57088767370303,8,7,1,2,14,0,90,Malware
68,27,12.881540530495498,3634,58.87459969450465,12898,430.4369111443145,8,6,1,5,13,0,74,Malware
75,27,7.54308964395824,3650,50.991129389914136,17277,256.1556739611441,1,8,2,2,33,1,11,Benign
66,22,34.25950451464833,3133,48.85801023039376,29817,330.1386889620313,9,6,4,0,21,2,91,Benign
89,17,26.19080626512846,1517,52.255078949051274,20699,320.6381889464867,8,3,0,8,43,2,12,Benign
60,35,5.362912624742031,1741,24.060546771217453,27173,334.0667289812076,2,4,3,5,44,2,65,Malware
40,21,26.129420827371124,3024,31.602357697419034,8749,127.80257098659766,8,6,0,2,24,2,94,Malware
31,34,17.12408333341077,3477,38.22314591972953,9746,220.98945824663426,7,1,0,6,25,1,86,Malware
56,32,34.02649075206024,1862,33.11931592213428,17581,126.59221579456705,5,2,2,1,35,2,58,Benign
31,33,13.321625064871792,3041,52.37289091120399,28579,292.0643901074617,9,2,1,0,23,1,36,Benign
50,30,26.30859016141695,3876,11.3534258839616,22817,460.83947216279563,12,8,0,6,48,2,69,Malware
87,10,23.82302451123187,1042,20.458770861641042,11502,255.6704733257116,11,1,1,5,4,0,76,Malware
34,29,5.361499246887461,2847,54.085327050092744,17960,412.9799015722562,6,3,4,3,48,1,78,Malware
81,27,31.556507879971207,2733,12.955006883848359,14631,214.89854357401205,8,7,1,2,21,1,46,Malware
74,12,9.188379810588994,4441,21.349415180439905,9277,442.5063088147223,4,0,1,0,38,2,57,Benign
49,21,24.907663369934994,1403,27.56251651882431,9887,267.8012435497857,10,8,4,13,24,2,75,Malware
90,28,28.26645352382867,2326,47.537028040584545,13103,242.08696626035885,4,5,4,0,26,2,79,Benign
67,34,23.92782939495383,2205,38.00903480834242,17954,378.99184181511833,6,3,0,2,25,0,36,Malware
49,22,7.913416025409767,3216,57.73023513901655,10933,305.10291290231305,0,4,2,3,8,0,86,Benign
54,19,34.25537408764073,3250,21.393750753648675,18013,234.92801789407292,7,6,3,5,6,1,14,Benign
31,24,12.10453743563667,3753,53.60602024943647,28891,123.23689179099064,8,7,4,5,36,1,61,Malware
61,29,23.83594309831607,3590,24.14567448746244,9448,166.65572952663996,8,4,4,2,34,1,67,Malware
55,11,28.915341747839335,3149,22.27491295632801,13668,408.9294868506346,6,6,3,1,40,0,34,Benign
99,28,33.177080297195346,2599,34.91875990496754,26712,468.29268302480284,6,2,1,1,3,1,71,Benign
70,12,23.120315877677236,3393,13.560225262824684,10194,167.53531391013115,8,1,4,2,16,1,25,Malware
96,23,12.77162447489347,3650,29.21535064966416,19622,327.7764886032823,7,1,3,8,6,1,57,Malware
30,16,30.099170522208993,1441,27.783798405487182,10350,113.6694775757014,10,9,0,5,49,2,80,Malware
80,17,9.896598978502144,1249,18.005077785088677,10696,216.33738289991146,4,2,2,0,21,0,61,Benign
34,38,5.668472842132118,4254,53.03974226374553,8657,279.5151836081806,8,5,4,0,3,1,76,Benign
42,20,32.24446575327205,4373,29.294482185469164,14480,394.35114691952384,8,9,3,3,46,1,24,Benign
48,38,22.26166874163818,1877,59.09600897568412,5268,117.6431413879274,7,0,4,2,1,0,90,Malware
41,31,7.08924472433956,2886,54.985397451888716,24319,412.49226040112643,8,2,1,2,7,2,76,Benign
77,29,22.391881613690156,2303,19.740534978496274,17588,181.05910572212764,7,2,4,5,24,1,70,Benign
54,15,9.350425049673458,2740,35.256108616896924,5089,403.81270841796834,8,1,4,1,42,2,75,Malware
86,38,5.941580191905952,2112,40.090206918327645,6925,350.1883247143919,12,0,1,2,20,1,78,Malware
64,20,8.495721424722625,4876,50.948025147181056,18611,235.8303347697209,2,0,4,0,34,1,33,Benign
34,26,28.253222855179107,4496,54.28213748256974,8247,389.5005923164696,11,0,1,3,46,1,53,Malware
51,38,27.669827144407996,2944,41.200901057774495,22532,194.52903352556905,5,7,3,5,8,2,80,Malware
86,19,23.129544047458495,4356,11.756710157110769,21241,187.89118360635166,4,5,2,2,25,0,34,Malware
76,33,11.279848697384171,3718,34.06382247590646,14794,124.69790326980635,2,8,2,3,38,0,29,Benign
83,26,27.169011973859256,2898,54.240176809316615,10297,257.23086952964036,0,2,3,0,28,2,98,Benign
32,30,17.24135801645203,3022,45.704480127212996,13196,139.08265244107292,5,6,0,8,37,1,75,Benign
82,11,20.3226085137902,4201,53.50709707047289,10932,267.80036214385825,2,5,0,8,25,2,75,Benign
60,15,31.92922079978964,1247,43.70398948613536,8061,103.92143043082429,11,8,2,4,12,0,19,Malware
98,34,18.73572571214376,3699,12.201750490748633,21814,162.03333886311108,2,8,3,0,43,0,59,Benign
62,14,23.79098461554472,3948,58.40033281033053,13581,472.94877627687987,8,8,4,0,20,0,79,Benign
79,13,33.85254475513724,4260,55.900927028483935,13015,418.22472646816476,6,6,3,5,18,1,20,Benign
45,39,18.541696965019923,3138,16.328976995631166,16742,194.46543629421797,7,8,1,1,33,0,39,Benign
68,11,21.821836945780706,1567,15.63455834218744,8542,387.31680282853944,3,6,3,1,33,2,94,Malware
75,21,22.532438746503438,4809,36.953925023851006,6373,367.3927164301747,10,8,0,8,37,1,36,Malware
76,12,12.221346766182629,2869,47.85254172784416,9839,170.7702456175221,11,1,4,1,39,0,51,Malware
73,15,27.107661868488574,2862,29.108660596912685,25563,248.4234108042997,9,1,4,6,12,0,45,Malware
38,33,26.799110848215427,2188,16.819108177162104,16490,465.4822970246547,5,6,2,0,37,1,54,Benign
79,23,11.406702244870461,3595,35.52780493906773,21836,395.4871532822601,12,9,1,2,14,0,36,Malware
89,17,5.400141345035379,2353,26.878306810948622,29898,404.1396785225969,7,5,4,2,20,1,65,Malware
44,30,34.96824711705359,4612,27.588597777566235,25398,325.5544134938516,3,5,2,0,41,1,46,Benign
65,30,22.44763198882069,3127,42.24927684201911,11049,366.2159194940424,8,4,4,0,18,0,79,Benign
92,35,10.43096127128004,1933,54.28040496147519,20883,303.4953905073222,6,0,0,0,10,1,48,Benign
98,23,13.506964475440382,1980,37.92958654278222,27042,396.3575213344934,0,6,4,1,17,1,17,Benign
70,38,23.533761266272997,1869,44.38012554148178,15180,393.09105816867833,0,1,0,1,5,2,85,Benign
53,12,9.128467431442411,1168,42.99734957606207,23934,112.43327502889878,4,7,3,1,28,0,56,Malware
78,25,6.118419113268693,4616,37.5573096278465,13697,352.70975705590547,3,9,0,0,37,0,76,Benign
47,24,28.954395033642303,4164,25.537907279156506,12028,351.9254654896722,8,6,0,1,33,1,63,Benign
36,16,26.475387330557503,3671,28.889709245511938,5495,126.92798623985264,3,1,0,2,38,0,18,Malware
33,24,14.288049443989506,1378,25.785189924520807,10036,264.15250606945716,9,1,4,8,21,2,52,Benign
98,22,6.7547413332370745,2232,55.87490482410274,28521,459.5156494449319,0,9,1,2,39,2,21,Benign
89,15,19.58812732544233,2932,51.330933525522155,5385,481.3755298813257,2,7,0,4,43,2,49,Malware
84,24,13.285588697766768,2925,38.96736864256104,16726,412.8843790852874,2,4,2,0,28,2,12,Benign
45,26,16.933376519409432,1193,55.61217354871003,8614,160.58847558834,6,7,4,0,1,0,86,Benign
58,13,13.219080391268086,1263,54.3204346573989,9771,249.88798271522188,9,0,1,1,3,1,21,Malware
52,31,10.25802859777773,2270,56.38471998759176,12280,173.02133968683574,5,8,1,1,13,1,46,Malware
43,36,16.609693605091664,2653,21.088692882776648,23280,360.8544544642461,4,7,4,9,48,2,16,Malware
78,31,33.94682370433446,2471,45.875151888194736,28392,409.25778052506996,8,5,2,5,26,2,79,Malware
62,36,12.986836010299012,3015,40.46122499617509,8517,453.5062874498407,8,7,3,0,45,2,50,Benign
54,23,15.078999321409535,2763,46.69153189173036,5810,444.2593901873482,9,0,4,5,41,0,13,Benign
50,24,14.87726100573892,1520,23.16896819591436,22266,139.68397106436436,5,7,1,8,6,1,96,Benign
46,37,19.40866459371621,1918,44.740453571914884,19848,150.26960279161713,2,0,3,5,25,1,13,Malware
52,21,30.305166163783507,4782,30.491425762719352,8794,463.8687251768275,8,3,1,0,35,1,76,Benign
86,28,17.06367774648935,3526,51.70458981531501,10307,437.51377276717307,10,9,0,2,19,0,47,Malware
87,31,29.18443892099126,2300,49.76828625808865,13121,284.1512660197759,8,2,3,1,37,2,36,Benign
43,37,8.450363282976115,4200,20.567880542945858,14408,272.0208367108613,5,2,4,3,35,2,20,Malware
49,19,31.847216140463395,4373,19.19276382016515,10229,321.11986995324804,9,9,4,1,22,2,46,Benign
59,15,10.559122505718037,1573,45.8865860642433,7955,338.6543399526492,4,8,2,2,37,1,67,Malware
48,37,6.1760449724758235,2537,37.52374473640802,21345,201.6866241737219,9,7,3,1,11,0,17,Malware
82,34,9.7506344113119,2383,37.86029553410245,7953,261.49670539090096,10,9,2,5,25,0,41,Malware
85,18,10.722493738719558,3890,47.62576617296773,24954,347.87718565556713,9,7,4,6,26,0,87,Malware
52,11,20.25512382840077,2380,52.7485396510895,10742,182.50695442764487,2,6,2,0,10,1,93,Benign
91,13,18.49814878259167,4537,21.948195030435837,10184,499.5332950532844,9,7,3,0,46,2,97,Benign
62,18,26.47623250795126,4243,37.776977339527505,22472,213.17578091681492,4,7,4,0,28,1,69,Benign
47,24,6.528532573809905,4828,51.44773547460386,5316,320.96611120879993,7,9,1,4,19,0,74,Malware
62,39,19.931187541282533,4159,53.639708559750126,17010,321.6638374929828,4,5,4,0,19,0,19,Benign
61,22,14.974136807701425,2523,24.37046941692583,11238,280.5940913556416,5,7,2,3,36,2,28,Benign
90,29,23.921189962730253,1895,15.207692829875626,17746,196.6173826708577,5,1,2,3,42,2,48,Benign
83,17,6.310991723750553,2106,21.641162693888994,19020,326.1412289342078,6,6,4,2,18,1,54,Benign
46,35,6.048044267544781,1516,57.274975700726365,29354,136.40576614004428,6,2,0,3,26,0,57,Malware
48,37,17.817548041888898,4932,33.12398562176071,5394,254.7704453342135,7,7,0,11,49,1,27,Malware
99,28,29.340184376045357,2023,30.928689527801243,10315,189.70087800640152,7,4,0,1,8,0,80,Malware
63,28,25.132821924058238,4622,10.654217436710509,14765,149.67110958757854,1,4,1,8,5,0,97,Benign
54,34,5.501182757346977,1895,12.550734146067557,22446,470.193172352463,13,2,1,7,8,0,95,Malware
97,25,10.354162826423671,4393,43.434796473736185,23807,379.9771659773093,7,0,1,7,30,1,25,Malware
40,20,11.801943935523289,1464,39.491353436249824,25935,167.5315529364533,8,1,4,5,8,0,15,Malware
45,19,17.691767826355843,4884,38.77641492477019,9371,479.75834423980655,2,1,4,0,36,2,80,Benign
90,17,22.601470517653986,2610,15.516143801223578,27058,186.39684325910304,5,6,3,8,10,2,91,Malware
36,10,11.493805216918691,1612,27.603058478267673,8581,194.24530551889544,5,1,0,0,27,1,58,Benign
45,19,16.47542673416893,4212,50.6179069320074,18549,153.3081502180246,10,6,3,6,41,0,97,Malware
45,39,22.518301819812926,1604,18.74556119583186,11548,391.14125417259316,11,0,0,8,15,2,89,Malware
69,27,16.50305911704947,2654,54.13436254912182,9258,328.3501730539584,6,1,2,7,20,2,28,Malware
41,12,9.295082641538965,4871,16.07391501744516,14834,123.30045296594827,3,6,3,5,38,0,92,Malware
64,39,19.749833766146708,1620,18.457466506199406,26279,110.11997976598518,8,6,4,3,18,0,74,Malware
50,20,14.719825878614163,4047,33.88749805768643,11947,313.0637951102923,5,1,2,4,44,2,31,Malware
79,27,30.92565087664507,3602,57.26499522242687,29168,360.61247676907476,2,9,3,3,39,2,40,Benign
72,12,28.26874724281503,3183,26.477383907271182,12236,429.14944660634666,5,6,2,1,12,2,23,Benign
46,17,10.708252767010684,3377,42.91089967790244,10228,291.3091696622157,2,8,2,1,46,2,39,Benign
61,36,9.579073739925331,4800,39.43356279945381,17467,370.61219150362285,0,7,2,3,46,0,60,Benign
70,36,15.430300199435,4002,17.481131825027877,6542,393.4622643828356,10,5,4,4,43,1,41,Malware
35,37,17.36523501330777,3442,22.408345069708165,7899,345.2210771912424,9,3,2,1,49,0,52,Malware
56,23,32.960544539741846,1155,56.5076386321911,6478,240.88650094697056,1,2,4,0,18,1,26,Benign
49,15,14.04862211255999,4110,19.241481182654976,14623,152.75819321105723,4,7,1,0,35,0,71,Benign
54,24,31.02753058905475,4353,44.75049448775566,18972,359.0154178118007,11,2,2,2,38,0,26,Malware
95,23,20.15927838061147,4911,58.23472413001522,26394,407.4785327249599,2,4,0,0,27,1,70,Benign
38,16,31.56871176672169,3917,15.975299610113904,16256,175.93084746158468,7,2,4,0,8,2,15,Benign
82,19,26.058613319857592,3585,29.959099509365725,25435,297.9466876325925,4,8,1,9,35,2,18,Malware
90,24,26.25166904328107,4615,21.196607222136862,24960,258.89815391478174,2,6,4,0,32,0,40,Benign
67,38,20.563924624884436,4117,21.078075870227146,29219,182.28123021012652,1,2,2,0,9,1,39,Benign
32,19,30.209121247344193,3715,15.94929219998404,29479,198.12525994473475,12,9,4,7,44,2,68,Malware
99,31,12.632744157250869,1243,42.47755919957329,28037,195.06965933107043,5,6,3,4,8,0,82,Malware
84,26,32.22053814550607,4974,47.31717549553559,23676,267.572381797346,8,3,3,0,8,0,19,Benign
30,36,24.103275651079016,3594,43.83969550115281,26263,256.1847673327096,7,0,0,1,1,0,73,Benign
99,28,18.16126704477577,1449,56.23282288095764,28589,321.6714928907089,2,3,4,0,25,2,42,Benign
74,38,34.465697102466706,3325,17.283940435902707,6138,137.28427594505433,3,9,2,0,7,0,12,Benign
76,26,30.860423207349204,1753,25.992268669250308,23929,332.5001343617048,7,7,2,6,32,0,62,Malware
55,21,28.160630384950988,1405,27.2286404851228,14552,108.73843531592496,12,5,3,2,10,2,50,Malware
43,24,13.217074132068316,4961,21.60410519234523,19794,202.95005133612838,5,0,4,5,48,1,87,Malware
83,35,34.21222101297193,3818,17.11024720784833,8190,300.8552055917828,11,0,2,3,36,0,24,Malware
75,21,27.289625084778674,2069,34.335173796313185,29631,374.7745213538629,11,3,1,3,45,0,19,Malware
60,34,23.156518520871245,1748,51.72198140237142,25903,408.5062494458389,2,5,2,2,22,0,89,Benign
88,38,32.65397687039999,4591,57.7269862801659,16383,114.22452650655224,4,3,4,0,17,1,48,Benign
58,18,9.865450457873877,3819,16.467031610924884,17337,314.9947551867976,4,8,3,0,11,2,33,Benign
46,14,9.170481582928304,2294,51.1578614036368,16628,241.7746370090497,8,1,1,0,47,1,88,Benign
43,13,21.911402431722806,2579,51.229056148263744,15151,377.9635681153046,3,5,2,0,48,2,22,Benign
65,21,6.701407898993321,3285,29.448906077628347,15321,213.51190484465366,7,6,0,0,41,0,92,Benign
87,25,24.91960585601047,3035,15.501481207272708,9977,397.4894518509802,7,3,0,6,16,1,20,Malware
53,18,12.222234143468594,2190,59.5004003378449,28088,340.89476313466366,9,4,3,1,25,0,22,Benign
92,34,8.570797338292142,2399,42.77965152644094,11191,415.8689534870402,4,4,1,1,30,2,49,Malware
54,12,17.28487549374434,4659,59.10978475207902,10765,493.7575832285316,2,1,0,0,12,0,68,Benign
88,30,18.97848879096691,4740,34.18277578423292,29813,463.4343908656667,3,4,0,0,41,2,63,Benign
61,12,10.114545916882133,3248,29.759649996836437,8039,337.31607793848696,7,9,2,3,47,2,70,Benign
47,35,6.246058128683965,3793,22.359273798522693,20741,457.50487096318983,8,4,4,1,49,0,99,Benign
66,27,17.42166773716441,3279,59.17860008860097,29964,161.2359251419217,5,4,2,5,26,1,68,Benign
55,26,27.785790079652898,4517,22.66286347311368,25367,117.21406276877943,7,3,2,1,26,0,89,Benign
38,37,31.225993118030647,1723,11.188137810902518,21016,313.2532999614457,13,9,3,4,12,1,26,Malware
93,19,7.926448823872992,2441,35.62342067942389,21570,489.74791045554423,7,3,2,5,42,2,22,Malware
49,11,20.74026389033765,2177,28.85252465254577,20479,383.89457897676294,4,6,1,0,31,0,22,Benign
83,33,12.902089664191543,4439,23.069125171463227,8428,222.0569614334525,9,5,1,3,26,0,24,Malware
59,20,16.239016088085997,1724,41.73040582405867,12758,367.508541122844,4,7,4,3,38,1,20,Malware
82,33,33.00325489279719,1086,28.213430744891113,28138,115.96308524188066,6,0,0,5,28,1,10,Malware
92,12,15.562243188369408,4601,30.11254441584364,8388,288.247848264194,9,9,0,0,6,2,44,Benign
40,32,15.960377905349805,3750,11.152280194702215,26453,194.9022733653316,3,1,4,1,1,1,91,Malware
60,32,11.281874772349738,3867,39.45354642765288,24318,119.67926062489246,7,1,4,0,2,1,53,Benign
78,11,33.80055254077567,1053,16.10355149235214,25755,199.96415228247417,4,1,2,0,27,1,67,Benign
48,18,18.694620699808503,2751,20.69024294477109,18112,388.98417253110733,5,2,3,0,42,0,10,Benign
41,28,22.11176402170289,2065,45.85589103063191,20301,320.4755129067043,11,5,0,3,8,1,95,Malware
44,11,18.595042769041992,4420,25.662136309195553,20831,109.37395931498202,2,2,0,0,10,2,61,Benign
60,37,12.587572302915925,2253,18.160509871919047,11934,263.8951012615984,7,6,4,4,9,1,75,Malware
72,28,29.312378394229608,1741,38.871207353124035,27371,400.86844181343673,1,2,4,0,11,0,62,Benign
66,11,5.854136776304635,3741,20.74522474689703,11859,481.8418774253405,6,5,0,3,4,1,91,Malware
58,24,25.70730290275081,3483,23.548910697935252,25353,449.7430283436138,8,1,0,1,30,1,74,Benign
55,33,22.828184317980572,4212,41.066965498893694,21031,100.607900491989,4,1,2,6,37,1,12,Malware
31,30,9.328419520662475,4359,46.993089068195744,16441,187.48079881072815,6,2,0,10,39,1,83,Malware
44,12,9.977151329020682,4922,46.98298425977885,7751,183.09475369675425,9,7,4,0,27,2,57,Benign
33,14,24.776767637026083,2872,34.11217059354152,13173,265.237852011097,0,8,1,0,17,2,24,Benign
79,20,14.364163749898145,4393,32.71484555047178,22959,358.30182581693634,4,1,1,1,9,2,76,Malware
67,36,12.972142344970376,3641,49.38225921156287,11503,161.22762435250507,7,6,1,2,47,1,86,Benign
52,33,6.774682866118379,3489,19.651736255625853,22643,466.2714776021825,5,0,2,5,6,1,71,Malware
88,16,27.994492679683525,3214,17.61012237642296,22440,410.8467659285754,7,3,1,3,29,1,97,Malware
57,15,31.48015805901936,2946,43.234753301475486,27044,267.7327749310573,4,5,3,3,5,2,39,Malware
95,23,29.59533055177201,4917,30.475346719462767,11243,333.59739050967676,11,6,3,2,45,1,52,Malware
37,38,18.981023585001108,3613,45.499923028509045,11800,316.7208021129759,6,2,2,5,49,1,41,Malware
58,10,21.018692257416873,2486,22.8300111731618,21713,332.8920222708308,2,2,1,2,1,2,44,Benign
40,35,12.268285819540651,4527,26.243594053338345,18376,444.0461014998274,9,4,4,1,18,1,64,Benign
47,26,10.185642182563583,1072,54.83388245926953,23553,180.04785578026934,6,2,2,0,14,2,24,Benign
84,26,29.69003524674034,1724,31.082826341079407,14770,373.48558747034116,1,8,0,2,12,1,43,Malware
79,23,28.950324816344907,4754,39.54767348601922,8006,142.81312005499447,8,1,2,0,4,2,91,Benign
43,19,28.32079485310676,3995,15.334109705915473,27224,283.6655899156175,9,9,3,7,8,2,32,Malware
38,39,18.900779191929043,1269,18.941458609637937,12145,354.335547579402,0,6,4,0,6,1,41,Benign
40,17,30.935232825336776,1218,11.794386441132211,23907,105.00066445871371,3,6,1,0,20,1,59,Benign
92,17,32.78696208052444,4719,31.21854058808333,25606,143.22650560293724,6,2,3,0,23,1,59,Benign
96,23,14.850330339603342,1546,59.446000224751195,24299,136.50670776990893,4,7,1,7,17,0,92,Malware
82,16,11.740834753410674,4729,53.6936576325733,18497,249.8770430404579,7,2,1,2,1,2,49,Malware
68,15,18.927890923279495,4254,41.64544574702535,27058,348.80358275137905,6,4,2,1,39,2,53,Malware
85,13,10.379790700237775,2101,53.054824597873306,23340,498.3860121862544,4,0,2,8,38,2,21,Malware
57,10,31.520086554196908,3355,39.708467817621155,27573,201.6315541366867,2,9,3,2,49,2,77,Benign
68,24,15.139715002333084,2788,28.438444016706885,23456,154.38381259663578,6,3,1,2,49,0,31,Malware
54,34,22.285153596217302,4399,18.677320055055766,18922,265.9050593550475,9,1,2,2,14,2,52,Benign
50,24,22.84158487721375,2968,42.65243708801121,16007,158.39017306738253,4,4,3,6,2,0,88,Malware
39,10,20.44963641037689,2927,19.65256381953727,5872,109.8178170393715,12,3,1,3,16,2,94,Malware
72,29,9.695771282692949,1420,30.87142086000301,20794,325.5836235953264,9,3,0,0,45,0,51,Benign
44,12,34.73001920280114,2259,51.29009210776316,28881,451.82900529036306,4,3,0,0,48,2,28,Benign
77,32,10.178096877233891,2857,16.461465128086424,27388,444.3400420482763,7,4,3,1,45,0,81,Malware
50,14,27.545220817127294,3896,16.451070952839757,27821,140.31542912742995,2,8,0,0,26,2,88,Benign
89,14,28.740886221654772,4660,21.220120779579865,17533,158.99076611915478,4,8,4,0,11,0,13,Benign
79,13,9.35491125083818,3933,37.595865356114956,28717,296.4483972633494,12,3,3,3,33,0,34,Malware
52,26,32.99490534649641,3509,22.58617391299565,13448,247.08660805537644,12,8,3,2,13,1,60,Malware
42,30,19.632762878831848,1584,35.15989686275003,26301,381.2298171072759,0,7,1,0,27,2,69,Benign
98,29,23.8664887570306,2562,25.099130552984356,9032,297.97640008476725,5,4,4,1,12,1,46,Malware
33,23,24.265581681043884,3963,35.31211024542028,19687,108.04727147492686,6,7,3,3,37,0,35,Benign
38,35,20.14865376776902,3085,23.88157245008651,8260,213.82567131177308,4,6,2,5,47,1,82,Malware
64,38,9.260661323634611,2789,59.00061878042826,12166,460.59674827671813,7,1,3,2,3,1,53,Benign
50,17,27.552600736738974,4979,34.63589505709839,13885,304.6035307497282,10,9,4,1,4,0,64,Malware
87,11,22.453575053704768,3473,47.182171705412,28826,419.17950068126356,7,7,3,7,15,1,59,Malware
47,17,8.560418457721504,4669,45.027327944910255,18026,260.9184397107709,9,8,0,0,28,1,40,Benign
72,10,26.009659059008257,2892,34.52796874071806,25421,370.7854591384956,3,1,4,8,47,1,79,Benign
35,38,26.082897824194717,3481,21.94310308339626,28585,167.60128689478373,10,1,2,5,14,1,34,Malware
96,13,21.454593382877455,4430,35.53591389564324,18006,394.6133068886734,0,9,4,0,24,0,69,Benign
41,28,7.716464308747041,4102,44.04858118602173,21939,414.63241856672624,3,8,3,3,41,0,15,Malware
41,14,15.579320934101878,1204,32.99596352816059,10609,136.05610364637818,4,0,2,0,6,1,28,Benign
95,38,6.527723228801029,3752,14.096255368137081,11642,173.3242972213174,13,2,2,3,11,2,14,Malware
31,14,19.32788056479174,1741,10.899161477904197,18556,285.1557094358011,6,2,2,8,29,2,78,Benign
44,30,32.1934139568213,2204,26.393840423391925,14469,354.9746945630526,12,5,0,6,16,1,68,Malware
52,37,5.067589478387712,4828,17.511196304665596,10228,354.9965338299372,2,6,4,0,13,0,63,Benign
58,29,12.999159591272367,3087,55.30951229629978,14139,367.2811922302838,4,2,3,2,11,1,14,Benign
36,33,28.99577303444255,3888,18.791633504246242,25964,385.7660987998799,4,7,0,1,34,0,58,Malware
57,28,5.295825014648195,4494,29.714135700578307,9373,302.30665508834954,5,1,2,5,18,2,29,Benign
43,21,5.305203111380202,3953,45.60387560357407,19060,329.94219570054645,8,2,3,4,41,1,63,Malware
73,29,23.32455758283197,4228,50.771083000803046,18340,103.36245352331899,4,9,1,1,47,1,86,Malware
59,10,28.675992703957533,1167,33.885657658906545,5397,166.64028213689448,4,1,3,3,46,0,82,Malware
61,16,28.29516252400012,4741,19.056750480419606,21605,299.425616837967,11,1,1,9,10,0,87,Malware
99,26,28.387340622478607,1641,23.544761178792655,23749,398.2372232281424,7,5,1,0,39,2,22,Benign
35,11,15.83019034452997,2105,30.94842238205736,19606,423.56996000935953,4,2,2,2,36,2,57,Malware
56,20,31.481724328233764,4739,28.22972946627915,6777,391.5774768322207,3,2,1,7,30,1,96,Malware
53,16,5.385068041902107,3734,27.433637858482825,9060,294.56108931408386,7,8,0,5,15,1,72,Malware
63,26,14.365662103169011,2823,16.592690087833212,25338,212.51101913874692,0,0,2,1,18,0,91,Benign
69,36,15.115630845061697,3647,55.66551260854749,21277,277.8864640966043,5,8,1,0,29,2,91,Benign
76,12,9.967133774586234,1101,11.487830320885752,27112,103.71795923602187,3,1,4,4,29,2,52,Malware
53,38,15.086779189762977,3807,32.00010639378756,17630,339.1837824447301,5,1,0,5,22,1,87,Malware
94,31,22.57652390156327,3765,59.01607462515433,22158,129.82676164398458,8,4,4,0,23,2,21,Benign
47,15,20.608379380921477,1088,42.9861969412051,5339,158.15603794948487,6,5,3,0,29,0,48,Benign
73,31,14.582820757536195,3392,27.770533186654163,21390,350.39064818090515,5,7,0,5,44,0,66,Malware
86,20,27.479825410473666,3847,17.304879222658496,6296,105.33946893829973,13,0,4,1,6,0,80,Malware
57,38,26.44371735313422,2946,58.19363028228805,5287,329.42213331777225,0,4,4,0,38,2,88,Benign
52,27,13.420894312413212,4381,10.699318093657485,22276,355.35203492811195,7,9,2,1,44,0,92,Malware
63,27,14.696851783337525,1607,44.069378530657175,28374,415.31000540675154,11,7,3,3,24,1,18,Malware
40,31,13.62560595896383,4511,54.006873572266365,13908,127.21221118540896,5,1,0,1,5,2,93,Benign
64,19,8.865534995336466,3206,11.25802449431211,25663,101.1726653586074,7,9,0,0,41,2,71,Benign
71,14,27.583449288825644,4185,46.258743204525054,23237,406.74315757194285,8,8,0,5,23,0,31,Benign
57,39,6.388295315457472,3583,59.941888062736744,5569,216.02155167966353,3,9,1,0,34,2,45,Benign
53,32,9.517414823102683,3210,41.98212342866747,26102,454.8820886094322,5,3,0,3,12,1,12,Benign
37,32,8.159135532435423,1285,30.733947392169938,25056,173.98743764990567,4,6,1,2,11,1,91,Malware
82,30,29.76016926573003,1864,53.7200359678141,19815,334.20230213949765,4,0,2,4,3,2,25,Malware
33,33,6.32025546160253,1054,37.70896232113141,28375,143.7638657416592,9,1,1,3,24,2,12,Malware
34,35,24.938818697496764,1575,47.472042339497,11773,261.07605936176327,8,0,3,5,29,2,85,Benign
78,31,6.334237952324104,3080,39.38894959092525,23935,452.8257579875721,3,7,1,3,41,2,97,Malware
59,24,28.59330211765398,1557,11.914554624397462,21493,343.3390033641756,7,0,3,2,31,2,67,Malware
92,30,32.38142259181245,1730,20.657249410267376,8650,375.84681430659475,11,8,3,10,8,1,84,Malware
76,29,19.60529497503684,1992,13.938178699337481,8219,190.38813216165988,8,6,3,3,2,1,32,Benign
55,32,29.13625403036887,1800,15.334388119161149,5731,469.1003681472124,6,4,3,5,29,1,42,Malware
86,13,26.192315985506852,1195,10.770274679403599,17501,349.39297613912913,8,0,0,2,37,2,77,Benign
66,30,28.869058765204016,4836,31.058248950707647,16235,142.35419368792924,8,3,3,2,16,1,70,Malware
36,30,28.003255985779656,1447,18.932581587708256,27077,106.22089913463503,6,2,4,1,41,1,23,Malware
69,10,11.161036512161958,2821,52.78482602469859,13759,106.36900660554525,7,6,2,1,8,2,47,Malware
68,24,19.986770304643684,4819,47.50187687703302,16240,120.48471688634143,7,0,4,1,36,0,82,Malware
91,26,33.812425613791575,2614,38.6588497407748,10556,464.6463449086456,13,9,0,2,14,1,62,Malware
82,28,15.305988337444749,3972,34.451067267519775,28488,243.35149186791844,6,3,3,1,12,2,70,Benign
33,23,34.11461271911193,1091,22.79343202879879,14549,219.2930110181307,11,4,1,4,27,2,42,Malware
54,36,22.494851343012076,1607,33.74757329374927,12263,266.6182893380671,1,2,0,0,19,1,92,Benign
36,28,18.848342529973323,2251,42.06146379322054,19993,263.8286320789416,8,4,2,5,13,0,76,Benign
57,27,24.732723950786063,1285,49.111443009638776,6071,195.3973102758307,7,3,1,2,29,1,65,Malware
98,37,29.47517513533081,3921,14.08410331297967,29357,136.73120383398035,9,4,1,2,3,2,70,Malware
96,11,16.82624464552248,4306,45.4232344372775,12445,143.45063705016054,0,8,3,0,8,2,47,Benign
49,15,5.988625253439138,1101,47.13649383806427,10071,339.67547929086504,1,7,2,0,14,2,36,Benign
40,22,26.26418893911234,4835,37.94861004624282,28754,258.7340206559062,9,7,2,1,7,2,49,Malware
96,26,33.68500353492155,1139,20.71595978516006,7246,460.98215516648725,2,1,1,2,4,2,15,Malware
36,15,23.749599508290142,1834,36.959229375058754,15747,285.4946841950698,7,2,2,2,49,2,57,Malware
52,30,10.6524343563642,2678,35.13524409076552,15568,301.39663028373934,1,3,4,0,21,2,27,Benign
90,31,12.447275965433311,4823,33.785504819339806,23304,471.29799251850216,9,9,3,0,45,1,41,Benign
63,14,32.29252155894123,3313,33.0319957733592,19249,300.65629579607815,4,0,3,0,12,0,93,Benign
48,16,5.4068628681341195,4413,15.541278314575987,27396,300.79279102172427,5,8,4,5,31,0,45,Benign
87,10,21.462399963902524,3620,19.14462424286824,13315,245.2651921173204,10,1,4,5,9,0,88,Malware
38,22,9.760329355818673,1534,14.866604422567118,27727,384.1647441533653,0,1,2,0,7,2,32,Benign
77,28,13.482933056512381,3570,22.123891383399222,5074,256.8910672606637,3,7,1,13,45,0,23,Malware
70,31,14.209449484797803,1015,23.17383913653365,6988,335.3288681599563,5,9,2,6,35,2,94,Malware
77,10,11.578482432149826,1560,22.253793074652272,13348,278.95813749123135,4,8,4,5,40,1,55,Malware
74,22,28.770561881184673,3925,20.54645340928017,12287,311.49794438635445,2,0,3,5,11,1,12,Benign
54,20,14.966275219362764,3383,46.771102274239446,8083,430.81091966468244,6,1,3,7,37,2,16,Malware
54,36,15.36454973796614,1909,50.9282699799059,25202,265.49320853707957,8,9,3,0,42,0,26,Benign
48,16,18.59020441080377,2413,26.355460828628495,21166,192.0311224078634,2,4,2,0,2,2,77,Benign
68,29,32.068858662212676,3217,25.256444584222443,25075,328.12817017920094,6,8,4,3,34,2,67,Malware
56,12,25.64519096080049,1912,52.2016174876254,17171,475.0035274166522,5,9,1,4,35,2,59,Malware
92,35,6.852491125033331,1118,41.19619508328955,18856,377.2848083316072,1,4,2,0,38,1,79,Benign
97,34,6.177857631097224,4113,24.671916239452877,26623,223.34529755337797,10,6,3,2,16,0,55,Malware
48,10,21.991676887310764,4060,45.68061462932911,21127,485.1975327306786,3,5,4,1,32,1,68,Benign
57,17,31.611816851816236,3057,27.229640511658367,29658,237.08676046656603,5,5,1,3,15,0,31,Benign
62,26,14.697544280017734,3477,39.32778071710865,17980,493.3016095275788,7,1,0,8,10,1,81,Benign
39,22,12.433154867065053,2491,59.631701499390076,18539,176.7958914625854,8,9,2,1,12,2,37,Malware
59,23,27.445731359392372,3096,25.07971876080166,8065,499.859813736213,6,7,0,7,13,0,11,Malware
51,14,23.062740994094824,4848,56.526300035416654,12954,130.36225996344,1,5,4,0,30,1,68,Benign
32,35,21.950820270704153,3254,26.03262071423491,7233,385.2959526902608,6,3,0,5,47,1,63,Malware
77,33,9.479035974306234,4750,37.01433521874117,19164,396.17663441832485,7,6,3,0,22,0,75,Benign
31,31,10.278839559829569,1513,32.999189479951994,20570,371.82987478591735,12,8,2,6,7,1,72,Malware
83,32,13.453633277720728,4651,49.157978117196805,14976,411.0427070585082,3,6,1,1,16,2,36,Benign
35,36,11.205168040458108,4891,13.054634974099741,21255,288.73317665903016,3,5,3,4,45,1,16,Malware
69,33,34.14334235139308,3007,41.35611520343319,23474,121.645578630363,4,1,4,4,33,2,21,Malware
31,38,5.558330490684721,2233,48.03334721744115,10628,243.10131709379525,2,2,2,0,23,0,17,Benign
31,15,23.781690152879722,2162,33.60724256910596,9168,356.9257988800594,8,6,4,1,41,0,18,Benign
84,36,20.527964746263148,1036,15.264630326890268,25396,358.4988189203532,9,0,4,8,33,2,95,Benign
89,31,14.69753707695309,3265,22.240250674240656,23261,178.07753292532806,5,0,4,1,6,0,27,Malware
35,36,31.627661363119262,2479,43.98361850504318,28570,201.20208252395201,9,2,2,4,46,0,47,Malware
48,15,25.104877326178467,2535,54.77186927501576,11308,294.67925515297907,12,4,3,3,32,1,43,Malware
56,30,34.950630539696796,4349,31.080430350024432,7314,391.4442090848878,9,2,4,1,19,1,79,Benign
30,17,10.059678779794561,3227,38.020601753912956,14655,441.1192412009824,7,8,1,2,36,2,24,Benign
62,22,7.6360350760348625,2540,21.4192518363431,26631,134.59393921636908,12,6,3,4,30,0,70,Malware
69,27,9.181918023990319,1129,30.610665701843573,25376,470.24796626888497,5,1,4,0,3,1,77,Benign
61,32,13.078729027537888,4716,26.839490388524574,7914,471.09266501839,5,9,2,5,37,2,14,Malware
98,13,17.50360974703868,3658,42.776277398576184,16716,103.17349683918904,4,9,4,0,46,0,96,Benign
46,26,30.87809855005829,4743,59.23494758375555,16564,302.56383027012083,9,2,4,0,18,1,86,Benign
37,38,13.507752989866598,2771,50.66517259928431,14533,334.85770561653146,2,2,0,0,34,2,70,Benign
86,14,32.45729930083047,3706,19.608229246309257,25318,321.4853716493763,2,8,0,2,16,0,36,Benign
71,12,18.887230652141497,1358,38.88392966533834,7701,346.3086630112774,9,6,3,0,4,2,54,Benign
38,13,24.412100556169477,3674,13.320585747420079,9044,301.34051274517583,3,2,0,1,4,0,67,Malware
64,32,12.932231421678523,4075,22.345774342131776,21417,217.52276550667034,3,0,2,0,43,2,28,Benign
82,14,9.680414480706137,2622,18.61088380301952,7145,138.281754464286,6,3,0,0,7,1,39,Benign
83,23,31.083708219741478,2581,26.777276881973147,27843,183.35176423546147,2,4,2,0,48,2,72,Benign
54,24,8.285185415604918,4154,43.940698452210675,12487,396.102045515191,9,8,4,5,18,0,14,Malware
96,29,28.22063917301068,2177,34.969665845841334,17997,196.42540745279038,7,3,3,3,43,0,71,Malware
91,26,22.429529182305725,1505,56.64546299146088,20794,431.8841342510919,0,9,0,0,37,2,84,Benign
84,15,30.834133450365467,2532,20.637441992425433,27057,261.39534680181015,5,1,0,1,35,1,83,Malware
75,36,26.534552362945313,1817,28.21045731269701,21788,265.7903419592499,5,0,3,0,2,0,50,Benign
53,19,13.449923063346255,1793,26.492628839623475,9711,447.39949647277257,8,4,2,0,46,2,74,Benign
75,31,22.232827917718286,1838,21.798181297996496,6924,185.71553131055794,9,2,2,0,5,2,88,Benign
51,32,5.3922085881634185,4871,59.65853845631223,29005,175.84769467993266,9,8,0,6,3,2,94,Malware
40,25,19.25655027117287,1622,29.361277272152723,22265,494.16256221113264,10,2,2,4,35,1,95,Malware
77,26,7.58040906716107,3676,57.02544902497992,11023,316.2417761032276,4,2,2,6,15,2,35,Malware
37,23,17.86834993430989,1096,29.523673692649474,7902,176.20828162306242,4,1,0,9,16,2,86,Malware
68,29,8.288354239960317,2963,20.204583937033046,14789,166.321932017935,2,2,0,8,27,1,78,Malware
64,21,33.66439420836245,2305,15.960316534135558,20747,444.6659877304024,10,8,0,5,12,2,87,Malware
78,18,20.692038722231835,2724,52.77815965877526,20502,339.93838685498855,10,6,1,6,5,0,63,Malware
75,24,32.396539558299295,4671,11.604882024253913,22629,146.0153017127064,9,1,0,4,3,2,64,Malware
67,21,5.670986688972976,3866,58.21972941696407,13631,454.76323542250407,3,2,1,3,11,2,77,Malware
37,23,24.129598516456937,1598,30.90956058927742,18591,277.5620022722484,4,7,4,0,39,0,17,Benign
83,35,14.208635057798606,3981,22.368717554217856,16016,495.7429088521566,7,9,2,1,6,2,18,Malware
66,31,17.95486987895709,4609,40.87230661076812,26751,212.70413107435508,11,7,1,8,14,2,12,Malware
69,27,31.19262185644069,4963,16.645649591809317,21499,311.5268925792824,4,9,4,0,48,0,36,Benign
63,29,34.40063284276234,1428,13.607278678317787,25884,169.24011229305228,3,0,2,0,23,2,18,Benign
46,15,12.39475863300057,2566,51.38916759547835,5296,275.8823914759955,7,0,2,5,42,0,38,Malware
62,13,33.44759856059905,4197,31.23353873126634,12692,170.6150196037342,6,7,2,5,4,2,83,Malware
76,35,25.661808466451575,4781,35.912745605226604,24332,222.89243460757262,8,7,3,1,16,0,86,Benign
81,32,33.54241743071812,2324,18.834800443753245,13127,207.94629512798747,0,1,3,0,7,0,74,Benign
38,21,21.8710099586363,3590,13.071212226347114,23989,213.23757290287682,0,7,1,0,27,2,49,Benign
62,22,33.822688549744115,3414,28.388806632592335,27861,487.9305245565325,0,0,1,1,3,1,87,Benign
89,28,31.77366374442301,2852,35.30731261900446,29305,115.37859431527325,5,4,2,3,3,0,89,Malware
50,31,8.857752236763382,2767,48.271531093901395,22478,298.7446101493639,6,9,4,4,32,0,65,Malware
87,22,14.323697813051915,2068,35.052600011773166,18253,351.69832170573125,7,4,1,0,48,0,35,Benign
98,21,12.291895745375356,2516,49.125350884295145,10101,364.304549777602,5,7,0,2,4,2,42,Malware
39,29,22.162979781507712,2339,15.771638983715693,6074,401.81827525319403,9,7,0,0,43,2,81,Benign
35,12,29.08398294517776,4260,13.19813860219758,21399,404.38616329055174,3,9,1,0,10,2,34,Benign
42,37,27.782343406606437,3099,17.94304820717258,6527,482.20119297438407,9,3,4,6,1,0,10,Malware
94,12,26.8024739685043,1563,48.60060634443643,29626,402.2671818414838,6,1,0,2,18,1,10,Benign
49,23,16.257946272067578,4403,47.96651154193507,8199,429.4756996692646,7,5,2,3,30,2,36,Malware
86,27,9.189106448834838,3546,17.068390225532074,16433,312.92616610104824,1,3,2,3,28,1,77,Benign
75,36,11.317506608857979,1976,11.549432912533987,12800,363.0693375293296,7,1,3,7,43,2,46,Malware
37,28,27.25032378944998,2341,44.26409681060826,16228,291.2497267308777,2,8,3,10,16,0,33,Malware
39,38,9.426030171786898,2433,52.76408916214887,18491,210.56681872177342,5,8,3,0,22,2,53,Benign
96,37,11.688401148005632,3370,47.70538477550911,15977,225.35323211842666,8,6,4,3,30,0,97,Benign
40,39,17.736579586204734,2614,20.13994903075391,6992,244.21309733807482,9,1,2,3,41,1,15,Malware
41,19,7.163372920623889,2584,39.18839486126678,24337,236.2573391542173,5,2,4,1,39,2,48,Benign
39,26,11.380761823103894,2253,47.86828603127706,11471,313.2644250347636,4,8,0,4,37,2,74,Malware
54,24,9.493043820237098,2367,22.791435227351975,10822,199.05269012264085,13,7,2,2,10,2,97,Malware
78,28,33.53965348735521,2394,36.38604006847265,22315,306.65684541270167,8,9,3,0,25,2,86,Benign
78,18,10.745776566346674,1555,25.723020198688516,23399,466.496524464329,7,1,3,3,11,0,24,Malware
40,13,30.85309130511181,4363,21.278770866351056,27828,262.38553154481554,7,4,0,0,23,1,73,Benign
91,24,8.443945737998252,4508,58.47946633854263,12418,189.05842578461176,8,1,2,0,22,2,40,Benign
65,28,31.09019396907522,2270,55.629098019346316,17805,238.74235825462796,8,0,4,4,20,1,95,Malware
68,25,22.98301358820409,1218,32.28338654757435,11405,450.7549178017558,6,8,4,2,5,1,85,Malware
82,17,30.491177696738536,1533,16.83890305319882,23522,476.67916936820194,5,6,0,3,22,1,26,Malware
85,26,31.020460656120726,3689,46.395365166032434,9289,454.67475726735785,0,3,2,0,17,1,35,Benign
30,30,22.891205920022273,3566,22.785056506411014,24784,214.93904454184934,3,2,4,13,18,2,86,Malware
85,10,32.530824601850725,4855,18.425890291904725,18605,255.13820546849618,6,2,3,6,15,2,62,Malware
33,16,22.56344874453869,2495,29.076450886909228,17228,489.97352981351,4,6,3,2,30,2,50,Malware
59,30,26.37695233635126,2373,36.49249045833695,13417,229.5409242670707,7,9,4,5,12,2,54,Malware
41,27,17.48241431506498,1043,14.87201649102073,13636,155.14395383789608,5,8,2,4,2,1,90,Malware
64,21,32.42203083412962,4823,38.58732365242633,15573,212.83768172442734,4,6,4,3,39,1,35,Malware
81,25,29.724876167360797,4949,10.767418738131076,17233,485.5910101759746,5,1,0,3,3,0,60,Malware
60,39,10.001393348507825,1064,54.593453029654334,6902,266.3501801935923,8,5,2,4,44,0,47,Malware
97,10,22.291635506140963,1245,56.03708446394333,17784,473.55277597200194,9,7,4,5,14,1,59,Malware
81,36,31.904819872608392,1986,46.65353867559257,16846,141.6328857726196,8,6,3,0,36,0,51,Benign
36,24,28.791934809768527,2608,33.32747042870888,8603,406.422228885507,4,1,2,0,37,1,51,Benign
51,16,33.87658341983975,4142,22.744813528165558,26836,137.3373589124605,7,6,1,2,14,0,41,Benign
85,37,11.939050608427843,4780,47.205604535569826,20350,178.99828987851416,3,8,2,0,23,0,94,Benign
87,26,16.02378899391434,2724,56.58986009760318,13436,346.44089653804645,11,2,3,3,15,0,18,Malware
93,12,20.215756640543937,3205,17.926685244871976,15303,273.7912647597353,9,2,2,0,7,0,89,Benign
41,20,11.980075100817949,3985,33.2910994648849,9048,366.66970113753325,12,4,0,1,33,1,14,Malware
36,15,16.82135765566457,2498,25.76308180179641,22188,489.3625168186678,7,8,3,2,49,0,47,Benign
84,15,21.126176132729974,4913,27.837089452295494,29427,121.08549068939705,9,0,3,8,38,1,18,Malware
91,24,10.740176090040219,2048,30.287889066146626,6760,176.6506687817925,9,6,0,2,12,0,79,Malware
84,16,12.700634561077418,4921,57.58981721856692,11305,356.08956901558895,9,6,1,0,24,0,88,Benign
65,20,8.745274994263834,4654,22.93185839340468,29382,458.6105800761592,9,3,2,4,14,0,91,Malware
53,39,26.401442296572455,3872,34.63379195467533,19092,419.05916401753956,6,5,0,6,42,1,78,Malware
73,36,15.84655779608399,4294,57.57437358308952,13216,286.2329942200268,4,0,2,1,7,2,50,Benign
46,26,11.607984595513653,1159,33.80284451091586,19206,398.18987003377504,9,9,2,0,20,1,83,Benign
31,32,20.219724475428574,3865,53.17997609607267,25779,183.23902441325725,5,3,1,0,29,2,89,Benign
42,27,7.0474791705574305,2004,12.938238716264046,10344,105.49223662971671,6,2,2,3,44,2,36,Malware
60,31,32.702198189551844,3122,57.6515209231618,13265,328.0066601301659,11,4,0,9,47,1,49,Malware
57,38,13.834025634717928,3185,19.376557351302544,18427,425.29786839708913,1,7,2,0,7,0,62,Benign
89,33,31.593930445515863,2941,58.99675173656421,19916,273.37741575213033,5,4,2,0,5,0,32,Benign
56,38,19.92860195973941,1478,18.778843262927424,12881,327.69950817950155,9,0,1,0,36,1,84,Benign
44,30,30.504514931319218,3600,32.21829738974871,17262,268.8724778561839,5,1,2,4,33,2,13,Malware
62,35,12.411933223689335,2326,25.430724578627228,29366,305.6151599488137,8,1,3,5,13,1,77,Malware
49,28,10.258118067282592,4981,31.661571054752205,16354,453.7385055139667,7,8,4,2,32,0,89,Benign
71,36,30.48235409704485,1386,22.526236996276275,18873,291.2560437210893,4,9,3,0,37,2,37,Benign
41,17,11.387716471151327,1471,58.26587062138209,19243,102.99023458742789,13,6,1,6,37,2,38,Malware
52,33,27.385860478987404,4405,25.286249203654585,28840,419.93945693486035,9,3,2,2,27,2,67,Malware
43,29,15.337513839788972,1308,42.66374560321115,9187,347.0869365610024,4,8,0,3,2,1,26,Benign
54,17,27.44581179305484,4599,16.872374479939424,16111,392.1573347742382,5,8,2,5,47,1,79,Malware
60,30,32.22938797964991,3934,51.21937424249419,15986,460.4348825362575,12,6,2,3,13,2,27,Malware
83,38,34.449152938618795,1700,37.12539717547567,6410,214.4856944921883,9,8,1,3,38,0,22,Malware
34,20,15.794284318059002,4611,58.97230622656579,8612,301.2279685067862,3,8,2,1,30,2,73,Benign
42,30,16.025775039216384,4234,31.170110841671757,28723,340.99341973835146,4,6,0,2,46,0,69,Malware
57,12,34.441632103545636,4047,19.772393748833018,9780,238.15646579827288,1,4,0,0,6,1,70,Benign
72,32,30.84584390894115,2921,27.300949972049178,9467,438.4268609415284,2,8,4,2,3,1,44,Malware
76,36,6.352759157341341,2852,46.84828030467472,10355,379.0264719599433,9,2,4,0,30,0,98,Benign
67,23,22.203499586795612,3999,42.9553260497938,18460,393.3630335252205,9,3,2,4,19,0,64,Malware
96,36,10.437343146453149,3017,48.917370380886254,25379,423.2029073506371,5,5,0,0,16,1,44,Benign
91,18,34.82037608279656,2078,13.673514610210454,28252,203.2336725246333,2,6,2,3,4,1,51,Malware
68,34,9.167690371129211,1785,39.018438767239324,16950,398.256715865991,13,9,3,3,45,1,20,Malware
66,10,21.780428376285997,2478,56.608433851815235,13802,409.5227438201202,3,7,1,2,9,1,85,Benign
37,10,24.955951100875495,3352,15.395095974078867,12645,436.9570186604135,3,3,1,2,8,0,63,Malware
81,35,33.11193963962169,1101,14.716762945648945,9215,295.41513220067645,9,8,0,0,49,2,47,Benign
62,37,30.41774934932561,4625,45.8302182259757,6838,301.67584619749937,6,2,3,0,26,1,41,Benign
71,21,12.37264313983349,1774,25.759122792210093,10648,139.2712880404682,9,2,0,0,9,0,87,Benign
56,20,22.178718538775136,4459,42.92896051804534,11684,440.84838352729196,4,4,3,2,12,1,34,Benign
37,30,33.607218737176495,4754,37.269225652518,11944,313.395275485066,0,1,0,0,28,2,68,Benign
52,10,27.07150541314813,2231,59.30333291699528,28679,337.7738886576874,9,0,4,1,5,0,79,Malware
93,29,25.650090451396814,2338,54.4528208477437,24957,148.57626259444902,6,8,2,7,49,1,66,Malware
49,21,27.647032378434698,4120,43.90363907808558,12614,340.7290127625339,13,7,1,6,45,2,50,Malware
45,26,14.675185669634594,1571,23.083731305157528,27083,116.79534003804237,5,2,1,1,16,0,13,Benign
46,24,26.877568082097085,4589,23.095408107523475,13185,469.2835066562602,6,4,3,2,19,0,16,Benign
48,11,11.985642543407478,1147,54.112190028447294,28536,445.4149888010389,10,7,4,6,23,2,28,Malware
37,27,17.843083127232603,2822,39.267053263769654,11182,177.72696945248984,1,1,3,5,8,2,40,Malware
67,25,31.697864515655194,4282,49.464089102605115,5472,337.52026642265275,9,6,4,1,38,1,29,Malware
67,13,5.569134394722552,4443,32.493210326841506,9419,341.07964820114535,8,8,3,2,18,1,30,Malware
82,17,17.429559507570403,4733,15.153681832576329,13243,421.37296588078914,5,3,0,4,26,2,34,Malware
60,11,13.004653002171786,1596,26.634322911981304,12091,402.7681451009218,9,1,0,0,43,2,21,Benign
73,23,10.957688494808282,1977,18.057459714418158,21284,497.29728623072765,9,8,1,1,26,1,26,Malware
89,34,30.15726264417537,4743,49.091640821275114,18220,240.33627085382685,3,9,3,0,41,2,10,Benign
46,24,25.89495718534934,2070,45.02559948285451,15375,149.85298072709074,3,0,3,2,15,0,88,Benign
68,37,8.378981612344454,4745,14.420646119402033,10878,329.3886879806921,8,5,0,1,14,2,74,Benign
71,18,19.833899795035684,3546,41.06926993809385,15408,405.59666962668604,3,7,3,3,7,2,72,Benign
77,11,19.007173154813334,1154,53.70677534973977,20941,214.31734092225616,8,1,1,0,25,2,34,Benign
41,26,9.275833820882255,1229,44.86821476999833,28044,194.48254674319554,1,9,1,4,2,1,80,Malware
47,35,28.99288102973625,4371,35.55559564922107,25839,420.98183811187357,7,6,3,2,48,0,43,Benign
35,19,16.000219143625994,1157,25.59316424694436,27163,401.4889166900891,2,6,1,2,6,0,53,Malware
72,18,27.858133254811833,4744,54.35483747929478,28788,181.35678709487462,7,2,1,5,9,2,79,Benign
64,11,10.761878452466373,1922,31.140244107050993,21451,447.70824159813276,4,9,3,0,42,1,10,Benign
83,33,14.45220384841497,4318,52.76967901168927,17006,153.89176690366364,2,3,3,5,21,1,88,Malware
91,39,7.855128431079976,3615,49.149991910909854,14365,143.6959301087171,0,7,0,0,11,2,86,Benign
98,28,9.304378092368246,2174,50.811348264042984,25960,240.44289458339944,5,5,0,8,7,2,30,Benign
45,26,31.495504710581987,3346,59.48987600808231,11056,454.6130371834534,0,1,4,5,32,1,86,Benign
37,20,8.273379325567326,4125,47.437925793648226,17508,378.1760674636841,3,5,3,2,40,1,49,Malware
60,26,7.871936218578296,2246,11.70204678593242,29836,257.8874330204939,4,6,4,3,40,0,26,Malware
39,19,33.211319325099794,1765,20.271696749037247,16722,162.90036938074888,3,7,3,4,27,2,26,Malware
85,27,24.37710378982303,4651,11.759757516258226,23033,385.3906050890578,11,7,4,7,13,1,85,Malware
99,32,8.027479506632584,3612,19.495678497084533,22060,339.6588877953251,9,7,2,3,2,1,43,Benign
49,37,34.15150217198154,1466,13.071975534305665,12223,495.07316442765233,8,7,3,4,13,0,48,Malware
34,15,9.413000315098914,4828,35.08085205931265,11551,406.22378472581795,11,5,1,3,4,0,84,Malware
52,25,27.99037175856284,1485,11.410310656653891,25323,140.84958256338854,4,0,4,0,4,2,23,Benign
38,37,6.045540849187594,2575,33.62895498076297,25722,391.28602376425243,5,3,2,4,26,0,88,Malware
87,36,23.736253920194347,1443,54.9420453560006,15127,202.97881820658012,3,1,2,10,23,2,96,Malware
88,27,21.401116163086876,2877,47.42880062874047,28041,484.7582795901671,7,9,0,2,20,0,13,Malware
83,29,11.240114312759033,1904,57.1977961825878,14384,107.7094469896843,7,6,2,0,30,2,42,Benign
75,27,24.294384281612487,3910,21.332338687826024,15814,195.3402361271858,4,0,4,4,25,2,34,Malware
51,10,23.511589795321658,4209,36.55429082026468,18744,299.5993506047299,9,4,2,2,27,2,50,Malware
93,37,28.950551463919304,2801,25.92897265829194,5665,131.62736018154376,1,9,2,0,20,1,95,Benign
37,12,31.27622175801336,1925,34.6909897846017,26246,237.6251337376794,0,7,0,0,16,2,41,Benign
49,24,20.30314821960698,4721,37.85379147921442,14793,298.8939892847694,7,3,0,5,4,1,10,Malware
80,29,19.708855804524838,2977,11.809306523793259,23293,278.7733010826804,6,6,3,2,9,0,72,Benign
68,19,23.647873128340933,1291,21.662806760749156,12452,284.2340900269603,1,4,1,2,7,1,97,Benign
66,30,26.876227676894395,2233,45.23863896219987,27981,451.60922077574156,5,0,2,7,47,1,62,Malware
79,14,15.685135173256237,4755,48.646401227014984,5187,302.11634942612716,5,1,1,0,20,1,16,Benign
63,24,20.139256500986853,4768,38.47256837437516,12690,476.4187403303588,5,4,2,3,41,0,52,Malware
62,32,22.5531255746952,2834,23.541451397433836,12390,159.09267230563148,10,6,0,6,41,2,46,Malware
60,23,34.65134251507733,1751,30.254205836137,21718,212.10243500241376,5,6,4,3,32,2,79,Benign
83,24,22.6313658936775,2234,14.80184059406923,27984,362.60631007757354,5,8,3,0,1,0,24,Benign
73,19,11.7255965222677,3922,57.658980839629585,28999,213.2490327609126,7,2,2,0,9,2,43,Benign
63,33,22.63969574720782,1662,53.43387356051441,20974,238.91042776562062,0,3,4,0,40,2,72,Benign
91,18,29.584987488470546,4459,13.280117345373167,15576,460.41127920303643,10,2,0,6,19,2,74,Malware
52,21,30.722110400335726,2419,18.324533282916526,19690,315.42366992201323,2,7,3,1,40,2,81,Benign
75,16,29.00751363779035,4195,39.05472205943768,21739,233.86430238372685,2,8,1,3,36,0,44,Malware
85,14,31.646282458665258,2584,21.621503706460793,23306,410.6847111563651,1,7,3,3,34,2,85,Malware
36,34,15.042990256373823,1919,56.720034900706416,9327,128.26590162008128,5,1,1,0,34,2,55,Benign
90,33,20.22711862857986,1908,47.77952904355373,8338,325.465044082485,3,9,2,0,23,1,33,Benign
32,19,28.38773288022632,1123,23.664575645554137,5795,139.86788885862893,5,0,1,2,1,1,10,Benign
67,34,12.93349852277295,1067,10.305070559523807,21573,170.7403208197464,7,4,1,3,36,2,86,Benign
63,35,16.147443135551033,1474,49.972369560148735,17335,124.97818171580133,7,1,3,1,23,1,88,Malware
73,17,29.93466963668036,1357,31.204485480053282,28835,460.6732115131202,5,2,2,3,29,2,43,Malware
59,31,28.102569488614495,2766,42.11888559288885,14005,119.2817835071346,4,8,0,4,23,2,46,Malware
46,29,34.135987037482664,2479,24.348741271064874,19271,306.5665791760748,9,2,3,2,47,1,22,Malware
88,34,34.8792217554395,2369,17.143662967908547,15294,189.99096079363954,4,0,2,5,23,2,25,Malware
39,25,12.22233640914137,2953,43.765579589287285,16602,253.43545347889105,2,8,4,2,42,1,45,Benign
47,21,32.0134995852102,3568,32.51622940733296,23550,297.4624738719322,8,1,0,6,27,0,79,Malware
74,18,7.835465040502074,4849,21.758485053499044,20361,280.0240565135101,4,9,1,5,27,1,85,Malware
88,19,26.294006268921663,4708,16.88139997831016,19559,399.23487594870875,0,5,4,2,39,0,63,Benign
91,25,11.602981630266527,2906,39.02397972208168,15442,464.75333050245035,9,6,1,0,27,1,53,Benign
88,19,14.009334707676881,1832,46.27749701037872,7058,220.10888563387954,9,8,2,3,23,0,47,Malware
78,18,33.389635329936254,3671,24.194348106155765,11070,109.81619886242355,1,7,0,0,23,2,56,Benign
92,39,12.894537102026359,4569,46.7571267673562,25777,457.578174295933,8,5,0,1,21,2,58,Malware
61,35,25.195336074818908,4399,19.156109936638593,20004,491.51362627975766,8,3,3,1,7,1,45,Malware
39,12,10.343855235897685,2353,26.920784554755464,14819,273.34046974914577,5,3,2,3,21,2,73,Malware
40,36,7.801699327114628,4637,47.24411433999777,7380,282.31555093969115,10,3,1,6,45,1,72,Malware
99,37,15.179510760315933,3474,43.007175982353964,13325,157.66244419451,9,9,1,0,20,2,33,Benign
91,28,23.72588302368444,2008,23.526181345195624,10051,290.209380038394,3,1,1,1,32,2,77,Benign
76,20,12.438354312622435,1442,16.106750077346657,15355,221.33969439238956,3,6,1,5,39,2,98,Malware
63,15,14.00506396015022,1600,12.123671247362097,24093,497.7520270144545,7,0,0,2,44,2,20,Malware
46,15,26.261894558193653,4166,51.895758995964286,6279,173.93918568265752,7,4,0,3,6,1,55,Benign
83,24,8.08388068944107,4942,13.757097478393002,21936,251.43469280498317,1,3,1,2,18,2,12,Benign
69,38,18.407152754105226,3809,15.74225761031939,27715,346.6007927994415,6,1,3,4,6,1,16,Malware
48,24,33.25203589646672,4002,21.885531513766686,17086,238.0494207289594,12,8,4,5,8,0,63,Malware
96,22,16.90914987242675,2474,32.28348521199239,16165,289.76941562081095,6,0,2,3,2,2,20,Malware
82,31,18.02603083932318,4388,49.4893540118248,11872,489.3934532963506,4,3,1,8,40,2,74,Malware
93,14,27.14612910821867,1486,22.374016297055302,22537,303.22855042031927,9,5,2,3,46,0,50,Malware
76,23,28.370345660985407,4749,37.175412417987594,11919,464.12817538952703,2,3,1,0,20,1,64,Benign
35,30,28.088191693415737,3786,14.518626102502154,9158,117.23314749811178,1,9,3,0,42,1,68,Benign
45,11,34.93601074740717,3695,33.22555025682624,5954,147.92733756073432,5,9,4,6,13,1,35,Malware
47,39,7.143532624611719,3943,18.881949668865413,19432,477.80463790124685,2,3,1,0,38,1,63,Benign
81,32,34.467598538989975,4648,20.559577944528254,18723,151.49244467523792,4,1,1,3,8,2,23,Malware
77,21,33.50568850992197,3052,28.34142170544647,19153,394.6204781564151,5,9,4,2,26,0,56,Benign
72,29,30.564167007786743,1631,48.06738493504287,15769,278.40144166085975,3,8,1,0,10,0,25,Benign
68,23,18.62376727556125,4442,47.19932149501173,26949,262.69933167998215,0,8,0,2,9,0,21,Benign
78,28,31.12707114901773,2754,30.748648824266002,11868,363.6881057104315,6,0,3,4,28,0,68,Malware
41,33,11.624972369182856,3924,15.93355770962043,18920,391.0403301035311,11,0,0,11,7,0,41,Malware
39,29,28.749675061634907,4033,24.034581001197317,21320,472.78771211428244,6,7,3,5,1,2,19,Malware
84,24,10.557149093631626,2578,35.26778882650691,5235,202.75419555007778,6,8,0,7,33,2,92,Malware
30,36,29.460860104135392,2211,53.47058893475616,16835,379.2321510645666,8,2,0,4,43,1,64,Malware
78,29,23.435873997921707,1025,58.41273074066652,22492,236.9143270690631,0,2,1,0,49,2,82,Benign
65,33,7.940938385405766,4850,41.873546751195676,23180,387.043897953191,1,1,3,0,13,1,98,Benign
50,26,31.859586660716758,3209,27.534324524870065,19690,156.84645036815084,9,8,3,1,34,2,28,Benign
66,34,22.33871586365733,3792,44.67267268471893,8473,283.0170198922118,6,1,1,2,11,2,48,Malware
53,23,24.687448344113438,4201,26.811506791029927,10285,173.45189107052937,4,6,3,0,47,0,18,Benign
84,32,13.5053010695483,3580,41.27367267083032,12395,234.5784919090709,6,1,3,0,48,1,26,Benign
54,37,31.149065117684195,3930,22.188328584783832,14582,386.25176298498883,0,9,1,1,29,1,17,Benign
36,27,21.356022054606903,3457,23.349435061568897,20260,193.3399397903862,1,9,2,1,48,1,96,Benign
53,36,17.633608528745107,2663,13.761279452056154,10529,373.9535615267951,3,5,4,1,47,1,64,Benign
40,37,21.028452356849524,4659,31.007057610658748,16323,298.37607761899477,9,2,0,0,27,1,86,Benign
41,31,26.0993924440333,2096,40.90872600478339,23595,136.81462282264522,1,0,3,7,35,2,50,Malware
64,33,25.851436270978102,2256,49.43974719053106,18169,254.6778740864536,0,5,4,5,38,0,17,Benign
92,36,15.72731302873438,3902,50.51742724188468,7641,447.68248118410065,9,1,1,3,25,2,22,Malware
97,14,16.557748403187816,2129,59.62222247535819,24612,495.7163591825389,8,6,3,5,47,2,86,Malware
86,31,21.867145785152815,1900,14.387786291848094,5926,247.56843892710333,1,8,4,1,40,2,64,Benign
42,21,32.732213621509636,1008,34.65683842229144,10822,121.94989248747912,9,0,0,0,45,0,90,Benign
52,19,27.362908008979264,4702,36.06872877012067,24305,152.0751097224432,6,3,4,2,15,1,29,Benign
68,17,16.712449560966697,1049,50.22667131889462,16148,415.2593655777757,11,4,2,5,2,0,78,Malware
41,38,15.110978796552834,2545,23.31792577944235,8827,362.3148292758714,5,8,3,0,14,1,34,Benign
63,15,20.709100224119435,4696,13.468615996973352,16637,214.0047996887365,6,2,0,5,14,1,25,Malware
60,37,31.09974106743784,1441,25.687940513420983,18553,256.5194250829655,7,5,0,1,46,0,52,Benign
91,34,5.260377247876256,2801,59.196391453213046,20226,424.46009249822873,13,4,0,4,41,0,91,Malware
42,24,26.314582048686923,2613,54.972059891229314,28719,265.24397878314727,3,4,2,4,24,1,68,Malware
60,21,13.835367663133008,3083,29.76234804733258,29696,402.30928473443765,12,1,4,6,5,2,82,Malware
31,34,11.251924406485097,4273,53.81359993725303,22349,218.08228055342633,1,9,0,0,34,1,44,Benign
44,34,5.364139904502766,4895,11.637724205832935,9213,389.9247194379908,8,4,2,0,44,0,19,Benign
86,15,31.89771861876431,3165,25.710203873210027,8719,286.5589772421737,4,2,3,0,32,0,28,Benign
63,21,32.367454100193214,1701,46.34059239937722,25297,318.14171266416196,8,1,3,4,28,2,22,Malware
97,24,6.8425232493146035,1753,21.072612550841946,17926,339.493244940148,6,5,1,2,46,2,98,Benign
58,21,20.654459691540815,2828,19.919547574365332,17661,280.2298777998823,1,0,2,0,13,1,78,Benign
95,18,9.577233760208296,4240,53.09037729821867,24563,286.4542478788778,5,5,0,0,16,1,90,Benign
45,28,27.760626639448223,2535,40.797698053837195,8370,206.28344827704962,3,7,2,3,21,1,43,Malware
68,30,24.961744152984405,1229,59.45113591560179,20765,494.3057512442268,8,2,2,0,22,1,52,Benign
66,11,13.91392438865433,1559,16.733483813957424,28202,462.3260224195155,5,9,4,0,23,1,96,Benign
50,37,8.508808431210962,2173,27.80642036165733,27290,310.95313104751415,7,6,1,5,32,1,76,Malware
73,22,29.936619884221656,2878,25.56066859018422,15115,113.85176502259581,4,2,2,5,12,2,19,Benign
48,22,25.22757437854553,3255,54.00661188594548,26522,167.37118834199538,3,5,0,5,41,1,41,Malware
37,17,5.204598350076584,2084,22.76482600215053,8091,441.57408457444404,5,6,1,1,22,2,80,Malware
95,36,23.836153428083158,4914,27.6730498837085,14968,472.3248292319055,4,2,3,0,23,0,22,Benign
70,22,29.308880830890377,2140,17.141693783771373,13963,164.51684182977732,9,4,2,0,35,2,47,Benign
99,13,22.723041787294484,1238,48.770049132459356,26040,393.80746254271844,1,2,4,1,25,1,20,Benign
90,15,17.741410300301588,4954,21.885164197942643,24961,349.2093238304119,11,3,0,3,47,2,24,Malware
55,15,22.51755135626945,3914,13.416013611610975,27681,221.353987980449,2,4,2,5,43,1,96,Malware
99,30,23.591361702420418,3095,31.755436634544832,6538,274.4365614506905,1,6,4,0,45,2,92,Benign
58,21,24.201038718263923,2471,29.572906198076733,24251,370.90777095020917,1,3,3,2,30,2,17,Benign
95,21,34.011351617130906,3804,18.880460215268776,8549,140.5183655211165,1,3,2,5,30,1,58,Benign
48,26,10.35943362675075,2491,16.679877994800776,27911,175.61706077039912,4,1,4,0,3,2,97,Benign
97,36,23.692793819417172,2316,54.82786066916304,9776,113.3259889076367,9,4,0,4,31,1,75,Malware
87,16,10.639799588890533,3045,13.392224327561527,21562,460.880690165324,2,2,0,5,36,1,39,Malware
99,35,11.298701607470354,4496,14.965547834815997,6754,329.55847581416856,8,3,3,3,36,0,53,Benign
86,24,25.077736511221005,1516,22.2523640569203,29079,309.3709743234892,6,7,1,6,35,1,63,Malware
66,33,32.47862254915948,4683,57.64195948282511,13238,382.49625624660257,0,3,2,3,14,0,92,Benign
90,26,9.771327412977246,1204,14.269212475992756,13015,495.3400894741869,3,5,4,1,22,0,40,Malware
59,19,33.87396601269278,4251,50.80074133714411,28085,168.8949153748775,10,2,3,4,15,2,33,Malware
54,32,14.58116978048687,4600,54.602607665941356,16875,153.2424070122698,10,0,3,2,23,0,95,Malware
94,29,16.739421303704002,3137,28.89338707254427,27710,217.91634596398592,0,3,4,0,8,0,48,Benign
35,15,9.610424718165126,3547,24.69471999159212,11497,461.5776639080158,0,5,1,0,24,1,43,Benign
47,18,23.47508317554951,2131,43.8688864128704,7534,264.58424457634453,6,8,1,4,49,0,70,Malware
39,24,22.89261483871902,2213,45.13173003051114,29791,417.3987032548838,7,4,3,4,42,2,13,Malware
40,25,18.268092293079476,4251,48.998858141207776,24323,181.17126394700955,8,6,3,2,40,2,59,Malware
94,30,19.282741696530074,2784,51.528339066446286,18734,297.44217694404915,3,0,3,1,49,2,62,Benign
94,17,23.689276273606723,4834,23.419772800617004,27149,150.9882156585841,9,7,3,0,33,2,90,Benign
81,25,22.504896048930753,4091,44.34808009433245,24283,265.15936001229164,3,3,3,2,7,2,37,Malware
96,14,16.227901449452347,2382,16.745286214233776,24260,204.91278674469766,5,7,2,2,38,0,47,Benign
60,27,31.523431558996,4680,35.53656657720768,20368,319.77263833848156,11,8,2,2,36,0,13,Malware
46,29,25.02981569382068,2757,40.64434582562972,6007,412.1624852300772,6,2,2,4,9,1,25,Malware
84,23,11.162189917994262,2679,18.086596833827397,9829,475.34814853921125,10,3,0,2,34,2,51,Malware
65,11,14.597089805171821,1006,13.82532698597704,11464,213.53711250595563,0,5,2,0,43,2,52,Benign
55,32,28.636343051097608,2885,19.737314313809648,13057,397.2526782837364,3,2,2,0,20,0,73,Benign
82,32,8.135761430602983,3369,31.029437392618355,7159,454.23693491281296,10,8,1,1,19,0,40,Malware
46,39,27.506959961728906,3315,54.392048890768734,24568,149.940750820132,10,2,3,4,32,1,88,Malware
54,12,15.76527323437386,4498,36.59572122673636,29949,334.3728912420862,9,6,4,0,21,2,18,Benign
31,23,21.550731383253066,1295,47.42464458669953,21362,344.738523439388,6,6,1,3,26,2,77,Malware
34,38,13.416743515185189,4584,18.707226414572325,6286,208.95404092105525,4,4,0,9,9,0,92,Malware
33,16,34.59369715461283,3617,15.298909902761274,29943,109.00582384367681,5,5,1,0,36,1,43,Benign
65,24,32.17520876426913,2410,21.98086788161199,9473,202.68117859348365,12,0,4,4,34,1,97,Malware
35,26,32.85349510832755,1263,25.69402063951795,9920,333.89384289650343,0,2,1,2,44,2,20,Benign
50,10,10.5432655393255,3137,37.40510094110997,8925,178.57708496538714,4,2,1,0,6,1,44,Benign
55,18,30.250702878852955,4559,54.06216601822204,26153,214.93807184325337,7,1,2,0,33,0,37,Benign
84,31,21.061913030722707,4658,31.30463083886827,19892,383.1689840365124,6,0,0,0,15,1,20,Benign
68,38,26.23577600820916,1852,35.93990939224851,8116,259.3262366283027,9,8,2,1,18,2,47,Benign
62,23,11.525122002213394,4332,10.230676799246032,22678,126.17015476690874,2,3,4,6,23,0,24,Malware
43,25,26.35953937937648,3535,11.665603144564331,8976,259.6663536880686,7,7,0,0,7,1,70,Benign
85,37,32.42801733716888,4865,14.18845999637738,28249,499.90758594894425,12,6,4,5,14,2,17,Malware
50,30,13.024441575463996,2364,44.94970427395143,20021,204.42061553336333,10,5,4,5,14,2,74,Malware
75,22,12.000795546485197,2352,34.30956843859587,27774,206.10261138007326,7,0,1,1,20,0,33,Benign
45,15,8.132436454204333,1400,19.648059926592907,5173,167.95456586376088,5,2,1,2,34,1,59,Benign
45,31,13.004200259349831,1356,39.62997193449095,17323,208.65495308048057,8,4,1,0,30,0,19,Benign
58,10,21.073767854468375,3802,37.230607590951806,28709,329.90132136580525,9,0,1,3,44,1,26,Malware
37,30,29.981488743126814,3546,14.439965090499786,29202,485.84085280717034,7,0,0,1,29,0,87,Malware
32,34,13.364007879729185,1833,42.02063863585731,9981,343.07810890901925,5,9,2,0,7,0,10,Benign
48,13,23.634331672079405,1434,48.35774363152551,15272,263.9390369111074,4,8,0,0,30,0,20,Benign
95,12,19.387720975191197,1118,24.327720385454846,8834,255.8534516295109,12,0,1,7,43,1,50,Malware
51,26,13.657371218533148,4118,44.37444309971538,7429,109.69035384455506,8,3,3,0,30,2,12,Benign
75,39,20.310772435839418,4239,19.9859758504392,19189,101.01692087996011,3,7,4,0,46,1,26,Benign
42,11,10.038871891876315,2022,47.83644068558724,27951,418.8774187918123,0,8,1,2,46,1,73,Benign
62,28,24.187326795455544,3395,55.58870845613601,29389,296.06426500590106,12,5,1,2,26,0,84,Malware
34,29,8.46988163551552,4575,32.09335619008235,18994,113.28376521326527,12,7,4,5,5,1,97,Malware
56,32,26.929415754296844,3586,22.23110391058089,29173,214.4108179161455,7,5,4,1,25,2,42,Malware
53,31,10.331380351565215,4367,29.958835109884994,18990,242.6727535504794,4,7,2,0,30,1,41,Benign
96,36,34.944774599506154,2536,22.503873632785844,15965,413.3155559935524,10,6,0,3,34,0,34,Malware
92,17,29.71017784281236,4245,10.061968788318772,12462,273.75468127976023,9,8,4,3,46,0,56,Malware
77,39,15.315209115791669,2418,42.522830590222256,19750,415.72006993047796,3,8,0,3,49,0,52,Malware
92,34,17.78614316867937,2702,12.126332098109845,5873,353.493620347518,4,1,1,5,19,0,90,Benign
41,24,12.775730633230653,1529,20.51953701086155,24480,113.25448256643983,2,4,3,1,43,1,90,Benign
57,15,28.013436835399975,4674,46.122477806491055,25008,487.4754816278606,11,1,3,4,30,1,66,Malware
73,32,16.42180909873322,1302,43.28625069578917,10553,172.57321467013105,4,5,2,5,8,1,49,Malware
72,29,27.655565294586072,3249,13.666445602308283,15298,210.2478246832367,3,3,2,0,22,1,77,Benign
46,11,5.5520466404054165,4604,43.00273705395385,17464,423.71761140853,6,7,2,2,30,1,91,Benign
69,34,9.068628785137872,1155,56.52874447878913,6565,175.93594563498397,11,9,3,2,18,2,84,Malware
78,34,15.949230041077056,4968,13.725123450909157,24500,260.43511348291224,9,3,4,0,23,0,50,Benign
86,24,8.267256001837781,1013,30.784411383831813,16715,445.99648726131926,1,5,4,0,24,1,49,Benign
93,29,23.033839768887223,4091,46.47169450570707,13500,354.9089104806694,10,0,4,4,44,1,85,Malware
86,21,6.524962956023699,3803,43.38615015889567,29729,220.83223979453783,5,3,1,1,44,2,46,Benign
99,12,30.792889837680292,1888,21.325527123474913,20911,357.6198886103113,6,3,0,0,46,2,83,Benign
72,19,27.83923996267947,4528,18.153363874835318,6163,425.0497902150002,5,5,1,3,16,0,24,Malware
52,23,11.487694376838572,2196,49.2123502020466,24200,261.55571303914166,4,7,2,0,8,2,67,Benign
56,36,19.513757183891535,1444,57.81223276193983,20941,328.66987379045867,0,3,2,0,13,0,67,Benign
87,31,18.554392352327618,4994,48.379173377141456,29960,495.1710739408243,3,3,4,0,42,2,20,Benign
66,39,26.74593846021133,3169,58.16022410988751,16911,485.82513722159877,7,2,1,1,14,2,17,Benign
35,23,17.045267014235268,4568,40.24977120685214,24179,303.61492477491106,5,7,1,0,20,2,40,Benign
94,12,5.988058934895371,3231,56.45494303459585,6056,138.4565026043199,6,5,4,0,32,1,24,Benign
35,10,13.21207576549516,2843,44.521784727244345,14923,380.2728355254015,4,3,0,6,35,2,88,Malware
79,29,18.98587415711126,4651,55.44423751005433,16634,207.44831483207938,6,4,0,0,8,1,73,Benign
51,10,34.23476648481917,4876,18.07944839847954,28729,367.7899712568771,5,1,1,3,2,0,40,Benign
54,11,31.43476000863036,4921,50.778260787197446,20719,240.70223928727867,3,8,1,1,36,2,16,Benign
80,28,10.442184320065714,3718,19.837290047672624,14861,387.50337539278587,5,7,0,3,23,1,98,Malware
77,33,26.698278214723132,1048,11.371455097297863,25460,246.92902331354554,5,1,3,3,49,0,88,Malware
99,19,33.10476419044363,1180,35.87930670214814,8774,476.47811095182124,6,7,3,8,2,0,86,Benign
94,13,5.263778391057757,4878,25.912589028092217,6459,154.6691489831126,4,5,2,13,28,1,83,Malware
89,13,26.62837021012478,2417,12.176568089400893,19210,127.36193484888912,1,0,1,0,5,0,28,Benign
75,22,18.78000486833472,4464,59.01521893640797,13133,412.4796388999805,9,9,0,2,25,1,58,Benign
65,35,25.407085888493334,4419,43.32330477449964,5005,260.53038405016645,2,3,4,0,1,2,24,Benign
87,18,23.167678207153706,4547,55.090608660779935,9786,286.23023599585144,9,4,4,1,22,0,12,Benign
67,16,34.53996483367105,3188,59.95412929359741,11938,473.5269040876365,5,1,3,6,7,1,27,Malware
40,25,13.664462188936035,1529,29.5983368335546,14833,335.9682871779539,3,9,0,11,44,1,31,Malware
41,27,28.584289456077943,2675,22.73685143670576,13168,364.0682593092193,4,4,3,0,23,0,83,Benign
71,12,12.039196649391835,1583,19.194219634341437,13109,107.78637056294849,9,0,3,1,24,1,54,Benign
68,29,18.068239326505186,3518,35.75935538956713,8829,368.2057628477879,10,1,1,5,26,2,30,Malware
40,29,34.261426219022354,2777,40.30403887510788,19148,255.34117437291778,11,0,1,1,14,2,43,Malware
65,19,27.984088880424576,4844,33.62113680162624,28418,284.08578500950995,6,1,0,3,31,1,83,Malware
81,33,14.474637688506771,2286,29.36260074228412,26734,423.22004760031814,6,1,2,2,27,1,37,Benign
60,35,23.581078492758497,3190,18.413628172956415,10520,309.5174370727315,9,6,1,5,22,0,63,Benign
62,39,6.49076250508325,1706,32.0929811905312,28254,494.74832382058287,3,6,2,5,49,2,19,Malware
42,35,12.991847498629092,4217,14.262156853953247,26264,418.7244515224348,2,6,3,0,45,2,41,Benign
47,31,26.551714688108436,1293,53.25238794437959,14077,391.43661930023694,6,1,3,0,46,1,87,Benign
70,25,22.102807087649747,2561,12.34513260489797,7070,335.4746628656149,7,2,0,5,36,1,41,Malware
87,12,19.090185589303168,2532,29.032303086577734,11950,264.95868874581936,7,1,0,5,17,1,61,Malware
85,20,25.726281800478894,1421,15.006893452148425,5160,121.14893345830917,7,4,3,2,44,1,39,Malware
53,34,16.95376672459478,2594,48.74902497335391,14409,107.3983629722158,7,2,2,3,30,0,65,Malware
60,19,5.784684335972393,3611,25.63684894139634,9178,118.70350660885944,2,9,2,3,21,1,81,Malware
84,25,18.23079870546702,3464,15.65528063262774,21551,483.5345535644637,9,5,3,2,8,1,28,Malware
39,17,32.06387576879785,1660,36.574564943225695,8912,229.2848459448365,10,5,4,3,2,2,31,Malware
89,18,30.698453849423636,3960,55.813850361477,24086,380.2437929334245,6,4,4,2,48,1,97,Malware
31,24,17.269915562285387,4178,55.43224355596017,23986,337.72584172454833,5,1,2,0,46,2,37,Benign
44,30,5.66664322281148,4389,22.482552056639495,9439,328.6670837750946,2,7,4,8,6,1,50,Benign
32,12,24.08921817860947,3106,45.982983798011674,25491,331.69662555643686,2,5,1,2,13,0,52,Benign
72,13,27.235832833485937,4063,11.514209642049563,24989,220.91832934822804,0,1,0,5,29,2,78,Benign
60,39,13.827307282528245,3305,16.59258982517123,14745,454.61301819929696,6,0,0,3,35,1,82,Malware
99,22,19.299919988587227,3840,34.973618515688976,21833,467.68249070014684,1,5,4,0,30,1,81,Benign
96,21,34.75570385743126,4496,21.437821724417606,9669,357.8103141027048,9,1,3,5,46,1,68,Benign
85,30,22.290290389447957,3578,49.9130926980069,25411,445.57968839453014,3,3,1,6,34,1,65,Malware
92,18,15.532247169846999,3213,56.55360860263306,28118,123.99240676783813,8,3,4,0,20,2,91,Benign
44,34,23.824666299203994,4096,10.216665824139112,23921,140.15650030266485,3,8,3,5,42,1,49,Malware
39,23,10.400669205922535,2958,21.64579148004899,18478,323.626489837487,4,9,3,1,15,1,86,Malware
67,28,10.9775711982374,3051,31.977667303811366,7709,438.60281631934464,5,9,2,0,10,1,79,Benign
76,16,32.74774144142051,3050,38.15396441761943,24341,226.17176047232738,9,6,1,3,45,2,25,Benign
86,25,12.176001235079921,3465,55.795138879605055,19046,319.22236646341264,0,8,1,2,24,0,27,Benign
79,31,14.323681376472324,3409,54.59417452576467,7664,103.98421259363234,7,5,2,0,18,0,51,Benign
44,29,21.313317259092617,3953,41.8585049733983,6789,494.65200485106647,0,0,3,0,3,1,90,Benign
47,14,31.99077860832819,1368,22.869400704194227,25486,406.79234732489465,8,9,3,3,28,1,11,Benign
31,39,28.443466691570432,1538,49.16439049391806,20342,244.56765860700636,7,7,4,4,12,0,91,Malware
72,19,6.313517620096247,3927,20.13258856436159,8234,493.2051322624463,2,3,0,0,33,0,73,Benign
55,27,25.79089006695108,3393,58.258616204840834,20137,136.97119571914885,10,9,2,8,16,0,20,Malware
67,20,20.121844480519787,1730,10.2919957866999,18506,285.6703061482504,7,7,4,1,49,0,64,Benign
71,16,19.266585260071416,1896,38.48852519539508,21702,123.54051400069474,5,2,1,2,42,2,11,Malware
34,23,25.746751004766296,2067,14.419862346081388,23561,233.98600859676475,3,5,1,4,3,1,11,Malware
40,29,10.886961386571324,3771,30.379976509101066,15348,187.745671932321,3,3,1,0,33,0,66,Benign
94,27,34.444659909851595,1563,41.74667701552086,15745,226.6203412724507,13,9,0,3,24,2,27,Malware
63,20,24.35919590817347,4224,44.47992477959582,5428,478.9637264182798,7,3,2,1,1,2,95,Malware
30,31,15.969685238355686,3249,49.27847348369676,15677,270.8747986907549,4,1,0,0,42,2,25,Benign
31,36,23.006066242104836,3368,39.6663851382385,17594,229.94432450414627,3,3,3,0,14,0,36,Benign
49,21,11.494125898688608,1463,22.565967564299726,5900,356.3089520206231,4,0,3,5,9,2,26,Malware
90,27,24.015255945648686,2034,54.462662146743575,12422,373.3476764266488,5,0,1,1,35,1,63,Benign
50,35,5.846514222133921,4651,50.55537065068438,16590,493.5075465255219,6,4,2,0,16,1,26,Benign
97,11,15.235457342250985,4298,18.0026158853425,5748,318.42310891721485,1,0,4,2,9,2,15,Benign
41,32,27.425506902425195,3680,51.32555921039245,27528,401.0254575264875,7,2,3,5,12,0,22,Malware
51,10,29.239335473424198,3380,58.632225795524086,26256,252.86600770369995,2,2,4,0,31,0,15,Benign
49,32,12.587582399419041,4540,41.86095584039588,9289,168.41305849747977,9,9,4,0,49,0,99,Benign
30,19,21.182283838399595,1014,24.09026115569469,12531,271.9341717774838,11,3,3,4,6,1,92,Malware
59,30,20.854786690673542,4128,40.329691563670714,19180,267.51033547660387,5,0,4,4,39,2,28,Malware
53,10,17.643681391303414,2353,27.12675345741495,15603,268.24539667723866,4,6,4,0,30,1,70,Benign
43,15,11.852989482589356,4135,43.797323532115314,6027,378.1683039633184,10,3,4,4,45,1,99,Malware
65,16,26.096846996863185,3277,37.239997972793674,17436,262.3769245094224,8,6,0,0,43,2,95,Benign
98,26,12.57085045236559,1010,56.47453060448756,16324,481.6650917541106,6,4,2,0,45,0,20,Benign
53,18,32.330772114698476,2656,40.89542716004014,6140,493.099872953708,12,0,1,5,36,0,95,Malware
89,16,20.855038733555077,2247,20.699084186358455,21043,309.34457176631065,10,3,0,7,25,1,16,Malware
84,26,31.114350119318654,2760,46.255493667094235,29484,323.37760368532713,9,4,4,7,29,0,95,Malware
53,12,13.72228162412492,2660,25.043915893044094,20181,263.05054869734954,9,3,0,5,29,0,15,Malware
53,25,29.21237468776196,4731,23.619547647440214,13429,242.2374326706969,8,6,0,3,22,1,24,Malware
83,14,8.409907546999776,2763,29.588831278725173,26209,494.13061438210593,6,0,2,4,4,2,47,Malware
55,29,28.004910260221802,1541,10.599833953133782,9553,116.26274747428442,7,8,2,3,40,0,50,Benign
95,27,16.608375497759067,2529,58.457033008064016,15724,264.03449309578673,4,5,4,2,9,1,65,Malware
67,10,19.099702664557604,3569,36.61655556793491,20441,160.53615487304882,11,7,0,10,21,2,27,Malware
94,13,10.004219607787183,4125,48.674694693648014,23138,390.5121073317022,12,7,2,6,47,0,44,Malware
80,32,5.55883065573177,4769,22.892611118893917,28376,177.7782706595289,10,8,2,8,40,0,54,Malware
64,20,24.985924793848447,2742,47.330906581681276,6610,453.85829135897535,10,4,0,9,11,2,38,Malware
72,29,22.631548502012546,3814,38.358525113906765,9439,249.791190528541,8,7,2,2,13,0,78,Benign
58,18,23.672844562089722,2180,31.207208688975122,18650,466.8594931586553,6,7,3,6,20,2,97,Malware
66,39,12.650052740807595,3688,58.5334613098231,9758,494.6250120340996,9,5,2,6,10,2,41,Malware
87,17,12.178323886493182,3617,34.69218570732029,27903,408.4685655464709,1,9,4,0,23,2,14,Benign
83,17,29.90888933807743,3452,42.872929094483844,20307,349.2632196621324,0,7,4,0,32,1,53,Benign
68,14,27.837582577796994,2422,10.767109574493984,5245,159.9606658808659,8,4,1,1,24,1,59,Malware
71,21,15.10370347524082,3754,25.072760324932418,14469,473.2241344452638,5,9,1,3,44,1,91,Benign
57,10,24.13417147927041,1928,54.43457830800332,19901,410.7466627607245,13,7,0,5,11,2,30,Malware
58,24,29.844500125064418,2426,47.947953055800944,11842,215.21831149304597,8,9,4,0,49,0,31,Benign
72,34,31.664883266538464,4971,36.837701808782484,12058,287.40077374498344,12,2,1,3,38,2,70,Malware
32,27,5.174187827277279,4659,55.00798535566427,15520,127.0660023631626,2,3,0,0,33,1,48,Benign
39,15,29.403871794041727,2112,34.31102566037779,21012,363.60012896355926,3,2,1,5,27,2,94,Malware
88,19,15.511770027407776,2889,38.32535320938878,6556,150.10586748091575,9,4,2,7,23,2,14,Malware
43,23,26.551348543285297,3640,29.107642359877282,22941,360.6125139576777,4,4,3,0,4,2,42,Benign
76,30,16.142040937999987,3233,41.00200183614421,7222,368.62146454033325,10,4,1,3,45,2,80,Malware
71,35,23.187472603820446,4909,25.95007654604369,23716,229.85162074508753,6,1,2,1,49,2,33,Malware
61,38,24.403473200180557,4851,29.27460887711786,13496,479.4650716343925,4,8,3,1,15,2,48,Benign
61,17,17.149783127486785,1894,58.316313160363435,16114,411.58500234971496,3,6,1,0,42,2,81,Benign
71,36,20.383559934132343,3126,15.565433989979507,29982,298.6934620128783,0,7,4,0,3,2,24,Benign
61,12,26.78940115757505,3192,15.262767262302049,21378,467.427674914653,5,1,3,3,3,0,79,Malware
55,31,19.289158060845864,4712,12.165800972750787,7966,442.3373055827729,13,9,2,7,25,1,14,Malware
30,31,5.419414552554997,3061,26.00222598801338,19084,376.88729030290386,6,9,4,1,22,0,96,Malware
85,35,5.387125909925473,2654,29.911462123396213,15908,161.1861257446849,2,6,2,5,11,2,57,Benign
31,28,24.83932550148181,1001,14.725782203477314,17838,298.8295702080789,4,2,1,0,11,1,29,Benign
59,21,30.41712612366794,3563,37.45654976834148,16234,445.76914902471725,0,4,2,3,8,1,85,Benign
81,21,28.558206125419893,3803,39.165076452743456,9002,343.5566187394015,5,6,0,0,37,0,30,Benign
38,24,14.312009057994905,3113,47.5513346806664,6360,318.2045779144163,1,8,2,0,28,1,95,Benign
51,37,19.133836549908633,3293,58.798405830790074,14245,482.0896801193221,0,9,2,5,20,2,98,Benign
63,16,12.02482220305001,2625,40.96761236461998,21823,106.61922615553623,9,0,4,1,22,1,21,Malware
78,36,34.67449732000018,4501,15.58254033404727,9353,104.81855397343875,9,5,2,2,46,0,75,Benign
30,13,12.815193477806957,2713,14.42621216228914,22166,457.1282080554716,2,5,3,0,48,0,39,Benign
82,30,17.487847785480998,1571,48.87734318251856,7610,115.41488601009036,5,1,2,0,11,0,16,Benign
69,18,25.433868539729094,4303,42.51670642679634,15006,233.01748548208363,5,9,1,1,23,0,67,Malware
74,31,31.28053008952328,1435,18.09571973532809,5233,469.6101927171672,4,8,0,0,34,2,27,Benign
97,25,6.544270522014096,3400,22.667998634176705,28050,376.4610375261077,8,4,0,0,34,0,69,Benign
38,35,14.030590280813643,2711,47.512019364625914,15623,359.26356234557744,6,8,2,0,42,2,27,Benign
51,22,22.06957543893381,3726,38.30778909028233,20895,362.79932606225856,6,3,0,5,47,1,57,Malware
47,13,23.549392441285505,1382,39.25000312512695,25872,227.05719153963875,3,4,4,3,24,0,43,Malware
72,33,7.100823154995824,2733,20.50043356439548,23135,312.21343640503244,8,4,0,0,49,1,81,Benign
68,18,24.922362135262198,2083,41.45289908288558,5838,351.98922561874593,7,4,1,4,3,2,92,Malware
35,35,20.84193096825723,2949,48.53142977036276,24593,222.28613027664505,4,8,2,0,30,0,15,Benign
77,30,29.828821380864337,3517,54.26261127319235,7784,418.14556632165045,5,0,0,0,23,0,54,Benign
36,27,11.665675286249021,2434,46.83586624090246,26978,228.69934350620662,9,7,1,0,1,0,69,Benign
98,24,10.850809550656283,2106,38.818782550450806,6351,128.57766140021224,4,6,0,0,18,2,80,Benign
45,24,28.80011665783867,1073,43.662965362338845,5205,180.58182951364546,8,0,1,0,37,0,93,Benign
30,15,26.11607386818849,2334,34.255573125693886,22478,263.3641673646257,4,1,2,5,3,0,33,Malware
66,20,28.75020081733024,4525,21.344912155881126,21568,463.2223552576676,5,0,1,8,24,0,78,Benign
66,37,28.458024230842383,3073,54.11034863859677,28129,266.3046767489989,3,3,0,1,25,1,26,Benign
93,17,8.12002027491382,4497,36.63113165837127,11902,135.92152062961716,4,9,1,5,2,2,71,Malware
91,38,13.357491418974526,2400,39.715915557361754,10502,178.5827066537534,2,8,2,0,22,0,42,Benign
90,30,12.80255408409339,4314,59.50544568765913,15984,317.78699452501695,8,0,1,2,9,2,71,Malware
62,26,33.03761844250519,1834,59.25078391363202,17686,171.06240188133773,7,2,4,2,16,2,15,Benign
95,33,19.623997221510365,3675,39.31554924999686,28072,125.58184486437405,4,6,0,2,43,0,12,Malware
59,34,8.331713981000522,4394,11.69786310087331,20242,385.93138615131596,8,3,1,5,41,0,83,Malware
49,26,13.687337177900563,2203,29.80737690224217,27162,413.7389581181977,7,5,4,0,44,0,63,Benign
89,33,31.157049455494143,1773,56.86466400254446,7729,440.25329408415104,4,6,4,0,16,1,20,Benign
53,35,30.411991344959397,4056,24.41532961880046,29277,437.5736645436528,9,5,3,0,15,2,96,Benign
33,37,32.010184503216124,4697,59.9634342598158,21697,251.70383202655034,2,7,1,6,7,2,55,Malware
66,27,16.6558631821106,3313,14.215876342827624,13419,393.7879928369448,11,1,3,1,27,0,13,Malware
33,13,24.240228844699896,3597,38.40570905025936,11801,333.4155437934742,9,0,4,0,18,1,16,Benign
47,38,13.345217596259712,2403,35.77246800873471,18457,109.34572073329858,2,6,2,3,7,1,35,Benign
95,24,10.424759934571217,1076,22.767645668385,24477,260.6392438831466,3,2,1,1,22,0,44,Benign
77,11,5.657032277791037,4685,57.430356532255,20960,121.15158369405283,9,3,3,0,13,1,37,Benign
62,11,11.703228490680484,4595,40.95856049986551,17149,133.34242217611947,7,6,0,5,19,1,50,Malware
87,19,23.131224106768187,4885,21.511414172233806,25479,122.40097885735167,12,1,2,6,26,0,59,Malware
57,12,32.12630940820378,2072,29.202409891916812,24123,484.3786153194629,3,6,3,0,17,1,48,Benign
64,39,9.002616596463254,4061,46.06147134410313,5926,437.6803963203068,4,3,1,1,17,2,89,Malware
39,17,32.54034682896326,4325,24.88483563481568,8336,275.64179100007203,5,8,0,0,16,2,19,Benign
94,29,15.36155704615164,4930,53.980310103059054,8121,199.19898710583067,8,0,2,0,13,2,80,Benign
71,16,17.804852228429624,2403,18.283694897881205,28269,128.98033180921743,3,2,4,2,5,1,16,Benign
38,21,15.949356214062403,4320,23.22525449324243,12542,272.4785005977244,9,7,3,2,34,0,34,Benign
89,35,17.258244197591118,4143,17.244930668305,20378,340.14115242303285,7,6,2,1,19,0,78,Benign
44,28,12.775794475629958,3494,15.208941937974915,7355,418.84132924470634,5,1,4,2,29,2,99,Malware
86,35,25.958140349343157,3553,25.01577117319634,28758,120.62439447105784,5,4,1,1,29,1,39,Malware
98,37,27.745493308105008,2732,59.95893731677202,20684,267.1480070066662,3,6,1,5,27,1,20,Benign
51,39,29.693386725567944,4324,14.716470663083406,25554,490.7429782534055,6,4,4,4,12,2,80,Malware
93,24,15.238687500799012,4043,20.650109592364416,10772,148.28821416504712,6,9,2,2,5,0,48,Benign
70,23,27.938806730833843,1869,23.580839953900103,8399,260.11975791435714,9,0,3,6,30,1,35,Malware
85,25,24.130260724304453,3346,40.95648422361019,16544,210.0221294462781,8,4,1,0,49,2,66,Benign
52,38,33.73748260521178,3781,47.267284820392625,16338,153.61574216252384,9,9,1,0,29,0,64,Benign
54,36,17.743555000956427,2083,47.59668374270228,27079,435.5782752963948,1,2,2,0,23,1,31,Benign
35,23,34.76929183650064,2380,10.43179909694156,11737,378.84608413759014,3,0,1,1,48,2,21,Benign
63,12,27.21182090023614,3204,42.592522939973264,12929,264.6225936940328,5,9,0,2,1,1,73,Malware
92,27,28.288332648769924,3389,41.53684396835515,21009,247.62691309708026,2,3,4,0,43,1,95,Benign
38,38,5.77114580328983,1973,35.882734094493856,5608,431.09950378738677,6,6,3,2,5,0,75,Benign
89,37,19.921950540082893,3941,28.960428070187955,21995,136.3135382606958,9,6,2,0,48,0,69,Benign
78,31,20.850101369360758,2225,49.87220987306149,6020,158.73331218053045,5,1,0,0,46,1,71,Benign
80,15,6.218003057617988,2802,27.19403977166761,18072,462.62000323741523,3,1,1,2,4,0,61,Malware
89,26,14.36393670471665,4106,21.500613605330063,5240,426.8826616202916,8,0,1,4,11,2,71,Malware
99,32,33.669325418833886,2790,25.504758728380647,7052,409.9511050284934,10,1,0,2,43,0,85,Malware
66,37,17.783343090804067,2558,31.982395856158295,10334,349.59036972152614,6,8,1,0,14,2,74,Benign
60,23,10.601059536749222,4527,20.702869400136976,6602,216.98002062935475,8,8,4,0,32,2,24,Benign
70,23,20.400161210792245,3964,40.378562310274326,15596,473.9146421041672,2,6,1,0,48,1,49,Benign
91,29,6.012967316613958,2188,54.210460125594786,25873,296.7475286938686,4,2,3,5,36,0,16,Benign
87,22,20.47966099912572,2051,39.77300620810375,21752,212.2478124657609,5,7,4,0,13,0,64,Benign
43,36,22.828049180902635,4443,32.333415373869066,23460,246.22984264518345,8,3,2,3,32,2,46,Benign
65,37,15.730830876590186,4934,49.8434383112452,19128,106.73640607837385,6,4,4,3,9,0,95,Malware
65,12,27.877285942806786,1313,47.401931143726436,12109,202.06362473121828,5,9,2,13,31,2,42,Malware
37,22,9.071422310030162,2588,28.352906076534808,29584,175.18244346262546,8,4,2,0,41,1,38,Benign
55,38,31.3455022964209,2307,40.20767353326809,8516,154.2226568284778,3,1,4,0,17,0,28,Benign
65,33,33.663347311712606,2321,46.49214301589956,9429,112.85599727206166,5,8,3,3,13,1,78,Malware
77,11,5.037035738086656,3522,22.273162900972054,26429,190.7501773669839,12,5,1,1,30,1,23,Malware
57,18,30.28164980129478,3023,28.31369395420949,15469,141.40748722816187,4,5,4,5,26,2,18,Malware
97,22,20.183154467220007,3644,15.288803527498526,29968,118.05615128560594,6,0,2,2,46,0,14,Malware
91,17,18.842169015155502,2372,59.38401391534167,23235,154.9289036393575,9,1,4,6,11,0,44,Malware
80,25,12.160373206231434,1635,14.293882521156789,26811,180.9613454106791,5,3,2,7,3,0,94,Malware
71,33,18.419751233349096,3492,18.430306256178874,21248,266.3849300450797,10,7,2,2,45,2,37,Malware
58,38,33.51281448890413,2230,33.99159748320699,13970,333.4782744962919,9,7,0,8,19,1,54,Malware
39,12,11.323629018631511,1416,53.26359167722696,8431,228.9063449733265,2,8,3,8,22,2,11,Benign
68,22,10.37123715352287,1438,27.794101147397974,20946,156.50376619153778,6,0,3,4,49,1,15,Malware
30,13,12.256889121783438,1164,48.4298073765673,21163,476.12953167136516,7,7,2,2,22,2,40,Malware
68,27,21.555025830117994,2582,43.80170366581181,9482,305.9414848883846,2,3,2,11,32,0,41,Malware
50,11,32.908994462999,3467,41.93320385798394,11252,396.75213307829637,3,4,1,3,7,2,84,Malware
94,29,22.216447722957728,4442,52.250862548342006,27866,377.7740565075482,0,9,2,0,24,2,68,Benign
44,31,12.304474298174627,4739,10.708514481431283,8271,213.95870285108106,5,4,2,1,9,1,23,Malware
33,30,18.21356945963786,4337,56.45765192801959,15804,323.94477015265136,7,6,3,5,47,2,83,Malware
89,24,16.71200395357237,4350,51.46130901681466,15037,340.8656463408172,7,2,2,3,25,2,68,Benign
90,26,6.397084095873118,1987,56.89336098259136,8508,240.71640963331515,7,4,1,5,22,0,10,Malware
49,38,20.319255455871758,3529,49.67939419283436,11976,368.30662619361067,7,6,0,0,24,0,64,Benign
39,19,8.780191599010214,1516,53.92957037271362,25276,416.27062057564206,5,5,0,0,44,1,40,Benign
63,10,30.26732126251625,1081,20.15390240997396,8111,245.68422028312477,4,1,1,4,7,1,68,Malware
77,15,21.468887278876903,1118,25.961453343852526,25701,105.96614861695679,2,7,2,0,23,2,17,Benign
62,12,30.338194478521274,4845,25.76105067353655,19632,239.73437505235347,1,8,1,0,1,0,75,Benign
90,28,33.681340621341235,2660,15.458337293902837,21037,146.72624138664344,5,8,0,0,37,2,21,Benign
39,16,33.29564872250829,2326,46.478962764229536,23250,162.24315567335603,8,8,3,5,36,0,40,Malware
83,22,8.012880029226611,4286,16.80854463435364,5926,246.37979077806995,5,1,2,1,5,1,90,Benign
94,22,33.34451214650021,1027,12.625458303953032,25156,183.04843928404537,6,9,2,2,23,1,66,Malware
30,26,28.872416233685303,3024,48.772343502753195,10927,473.9555813547646,4,2,4,4,42,0,17,Malware
34,10,28.32974315782373,3828,55.233158486596466,20324,361.1211689349998,12,3,2,2,21,2,28,Malware
44,23,7.703856208045262,1497,48.20616739825666,7095,307.34566377768635,3,1,4,5,15,1,62,Malware
57,38,10.385441068507973,3584,51.267610641598814,17032,103.88973707055737,3,5,4,2,2,1,20,Malware
52,35,34.25490139744305,3566,39.78108389153856,14018,141.4470972983124,7,6,3,5,21,0,66,Malware
46,12,11.401104714658832,1193,54.387316895737655,9695,415.3911386857129,2,8,4,0,18,2,78,Benign
42,23,10.071599905022019,1591,34.835174117892755,5769,255.8975052158036,8,0,4,2,40,0,68,Benign
43,33,15.870548561284036,3489,59.41613092437325,28098,118.19727844742944,8,6,4,5,18,1,37,Malware
40,10,32.400685926046705,2857,15.170752138472444,13648,430.2236375170311,7,4,4,2,18,2,11,Benign
57,25,19.285803906696668,2059,50.459035335069196,14264,221.05840527895322,3,2,4,0,15,2,20,Benign
71,19,32.6175115726726,3305,42.069470800563764,24159,254.518248789689,3,4,1,1,11,0,73,Benign
90,22,15.030163412457071,1112,39.03230341105976,20435,489.7476282564114,11,5,4,4,47,0,27,Malware
93,13,11.79585935680998,2317,46.29052654305607,20905,106.20509641379292,6,3,1,7,12,1,56,Malware
60,18,19.856090265531066,2737,52.01457653994244,10367,388.5297572582039,10,9,1,2,1,0,62,Malware
39,23,23.464306707856657,3061,53.14420334202549,27817,479.5536705247164,13,8,1,6,35,2,14,Malware
37,13,16.744969958406685,2690,18.76904814719925,26014,125.54383294119708,1,0,2,0,42,0,28,Benign
50,19,15.380915287835952,3958,19.851796487648464,29082,446.43080974605886,2,9,1,0,32,0,14,Benign
88,17,11.541778543197399,4668,10.808325475679855,20163,266.49667741441533,3,5,2,5,10,0,49,Malware
79,32,13.250202986653143,3187,16.592122889613638,10502,451.1986063280813,2,9,1,2,12,0,92,Benign
98,12,25.193538894569024,2394,23.19412464249623,18407,223.30983715616912,6,1,1,4,23,1,85,Malware
99,32,16.096206158410336,2450,46.05179112751414,19576,493.06508819997117,6,6,1,1,27,0,57,Malware
59,16,7.392711251630855,4168,33.7883754501255,24355,358.81976386855945,9,8,3,5,1,2,32,Malware
46,19,9.144661698576039,3744,47.89517677920087,9400,350.8361441749428,4,5,2,1,33,0,64,Benign
49,12,16.17137565173332,4559,34.326792390994534,19892,422.3613531525234,8,9,2,0,39,2,43,Benign
77,11,32.735072895435856,2365,37.779872645498415,18899,274.6344278568133,6,8,3,0,19,0,96,Benign
31,24,16.370907849379407,3917,15.553329329679125,23026,203.46785284334942,9,7,4,2,23,0,67,Malware
66,18,6.819262323550258,4563,48.82791423380162,22401,205.17207708763482,7,4,1,1,11,1,86,Malware
30,24,17.539827736400476,4571,47.90632660997774,18278,232.24150033067085,7,7,0,4,49,2,39,Malware
33,26,25.064527818804976,4503,25.378079584030978,25426,346.9410538296861,4,4,2,4,4,0,70,Malware
83,39,22.807884048446628,3236,26.428903890020095,22895,435.35589224473074,7,7,2,0,3,0,91,Benign
54,16,13.364088871580902,3129,20.984072528656775,10617,299.83115137111633,9,6,0,3,11,2,65,Benign
32,29,25.642667691460822,4883,50.69198380180764,27659,261.3792921403182,3,4,0,5,48,2,14,Malware
38,27,23.918731215959973,4251,47.35034009808902,16665,417.5390954764219,6,7,0,1,9,0,13,Malware
63,24,10.165189064869057,1957,40.45738690921264,20342,215.86716272042872,2,5,3,1,24,1,78,Benign
72,27,9.86435010704735,3945,21.941105156484873,9471,375.61410761553304,5,6,1,0,39,1,48,Benign
51,33,21.415492462038223,4932,18.592666630687212,19246,142.32208829059806,7,4,1,6,9,2,88,Malware
99,32,24.783156833483112,4014,12.513442558730656,23105,145.2953064994364,8,7,0,4,15,0,82,Malware
31,21,33.85731754580782,4486,12.280574088925974,22070,357.6221907058746,3,7,4,0,41,1,59,Benign
95,32,17.657918921953392,2128,19.356806990416352,20902,133.10020571024057,4,0,1,5,1,1,81,Malware
61,30,27.948177190157402,3428,15.026626616161106,25850,162.02046558015755,4,7,4,4,11,0,83,Malware
45,39,8.495622418741291,3769,37.80538364612215,16675,349.7476228641449,8,9,1,9,47,1,31,Malware
30,35,31.688270819469416,3376,27.90450638972385,25634,275.2814788405303,2,7,4,2,39,1,97,Benign
77,17,23.993226241965196,4320,32.247289108407315,27772,324.51858115170876,3,6,3,0,23,0,33,Benign
79,39,23.87090994053742,3119,39.70335917935949,19877,490.77716503555826,8,5,1,0,9,0,82,Benign
42,11,9.273279014973065,2696,42.95508726767568,17969,352.7844151727838,6,9,1,0,6,1,31,Benign
44,11,6.187511885776939,1132,42.4100859941289,20434,336.34032170051023,1,2,2,5,12,1,43,Malware
82,14,26.04347413953859,4311,23.042829341041625,8277,252.0552325573724,3,6,1,1,44,2,57,Benign
73,10,8.511693768937597,4149,50.481351014805135,10955,352.35103799976525,7,3,2,0,46,1,85,Benign
37,31,8.809104484517981,1569,55.885483495961495,17131,105.19981027949625,11,7,0,2,15,1,90,Malware
75,13,10.625004390409549,3508,25.796917361159764,16136,322.92809973705005,3,4,2,0,3,0,13,Benign
98,15,7.932394494188073,1124,10.853270828303398,24883,127.55894420423482,1,2,0,2,1,0,66,Malware
48,32,23.761775612909204,2034,54.95770933242525,16110,188.06889877535488,9,5,1,8,13,1,72,Benign
67,22,17.66014417545764,4539,56.1774366476738,6444,325.2484008746218,3,5,2,4,33,1,39,Malware
40,28,12.982882772286448,4478,12.547322020651677,20008,367.180219403728,4,5,0,0,11,1,74,Benign
72,20,18.2224820111473,3988,10.247829592960613,20508,253.91861616028538,5,7,2,0,16,1,87,Benign
49,22,30.324200061955995,3074,50.82023914963711,13279,267.59196639575737,3,0,0,2,3,2,13,Malware
49,17,32.81238215130908,1206,25.07316772415533,22913,299.20896232555367,8,9,2,7,16,2,44,Malware
50,16,19.62428433960325,4293,55.72910836479942,24569,403.6298430978259,9,0,0,3,32,2,42,Malware
86,22,22.002587453384074,1311,20.83717866347733,5012,107.0511086360669,9,9,4,4,26,2,60,Malware
79,10,12.715997910196187,3429,53.05773080632935,26660,278.8271995020116,5,6,1,2,28,2,21,Malware
55,15,20.40801135911358,2785,13.432213486251834,20540,105.70943916273059,8,2,1,0,27,2,77,Benign
59,16,27.443588208056966,2338,23.03184236569868,13511,227.65674425311323,1,7,2,0,41,2,87,Benign
60,25,19.764117909685083,4279,58.65644395728205,25771,307.9394485252897,4,2,0,1,17,0,11,Malware
71,39,14.062187023675092,4692,21.559832716564117,18927,131.9677134669926,12,5,4,5,48,1,42,Malware
97,36,22.461030416748773,1295,16.650649203752057,19958,294.0854111905489,3,0,1,2,48,0,54,Benign
90,24,33.39968092657534,1401,52.852732623649764,26252,469.8295614502037,4,1,2,4,27,2,65,Malware
90,29,31.639515619493352,2458,15.890039588073954,26980,374.13693508163067,9,6,1,9,12,1,37,Malware
99,39,28.077271375263688,2596,14.872805428975173,10770,412.901068750723,7,5,4,1,35,2,39,Benign
97,11,13.286288979956272,1121,26.17125670947679,18211,332.1656872866389,11,0,1,6,19,1,43,Malware
46,35,12.246785216492043,1750,41.766425329847976,25637,458.5435920188907,3,9,3,1,33,1,10,Benign
48,34,30.156115693927934,1105,45.53731868893478,29959,158.74771681014408,3,6,4,2,17,0,61,Benign
80,32,10.43952428246307,3838,54.06193919136979,11199,279.91441328185863,7,3,0,13,9,1,22,Malware
99,25,23.168339224599308,2059,37.04557629795531,22480,338.8132937529934,8,0,4,2,47,0,91,Benign
92,26,18.167898307488926,2573,29.67088933804877,22353,449.39013663052276,4,8,2,0,46,2,49,Benign
59,33,19.039594018771947,1071,27.941688091723258,28287,223.2040981848461,1,2,0,1,12,0,74,Benign
54,24,18.636302075826222,1567,52.3451364238737,23904,100.4511911063056,12,8,1,1,33,2,18,Malware
55,12,31.998504401709805,4238,46.19076547413327,8251,489.76564441725213,8,6,4,0,15,1,79,Benign
85,13,7.612827526863649,2244,55.27145068625696,5193,110.39092165314592,1,7,0,5,29,1,81,Malware
51,21,28.48704348368296,1075,58.201772786580705,28935,160.94669089589368,9,6,1,2,13,1,81,Malware
48,14,30.0503801472585,3769,25.002541804190372,18047,268.81853177931396,6,9,4,0,3,0,97,Benign
60,26,33.2863144146047,2009,36.483705935041975,22636,298.5479251991441,0,8,0,0,35,2,58,Benign
55,15,18.57799864813134,4282,41.59104036824165,22178,433.78638297167396,5,2,2,1,21,2,34,Malware
71,19,20.0019557566075,3275,18.19244733882288,6626,279.12717996626554,1,7,1,0,39,1,35,Benign
70,31,33.8388356342275,4808,12.667351696249238,21082,318.97165466034426,7,1,1,0,35,2,35,Benign
52,27,18.75353182847489,1452,53.388195705765675,18950,179.9999483408479,4,3,2,2,35,1,49,Malware
76,36,20.106454189287735,1765,36.77617553776866,16033,327.66347965596026,2,9,2,1,36,0,43,Benign
42,19,14.96762954568152,1486,38.53871081800196,10190,239.35349719418025,2,3,2,7,31,1,17,Malware
95,15,5.948823520539497,3715,37.74571727139774,13282,139.49291251034094,4,5,0,0,13,1,11,Benign
95,33,17.99163655284478,2497,47.74803524163452,16869,478.58515653945733,3,2,2,8,32,2,91,Benign
45,15,24.652739325421578,4946,17.275097234102162,12243,132.67371417735512,2,0,3,0,18,0,25,Benign
57,29,25.698377318406713,4732,40.70242203857663,19780,371.1515721526664,11,9,0,1,44,0,81,Malware
64,24,5.195259406538285,1829,33.47397557888151,12364,463.27726117112275,6,7,2,0,18,0,72,Benign
70,13,29.03158324318486,3838,54.847907975386214,25556,171.6818616892175,3,8,2,0,10,1,27,Benign
60,34,19.77246842385641,2940,35.98104689481627,16711,194.8470664516086,0,6,3,5,46,2,48,Benign
61,25,20.622360841585788,1970,57.14674870370828,22704,270.68270605696455,6,8,4,1,16,0,51,Benign
83,31,33.85231064511102,1489,27.662649708995332,8459,217.80398727443884,3,5,2,1,23,1,92,Malware
88,33,13.533834759674537,3423,58.34473531949953,7369,403.6132558948818,6,2,1,3,31,1,41,Malware
70,17,27.84955966904502,3278,53.757897404588384,23852,235.26135020262805,7,8,2,1,34,2,71,Benign
95,16,22.243287370168126,2935,39.21316448676774,15785,494.33421616744056,10,0,0,4,44,1,41,Malware
83,28,26.02395384674115,3749,27.685496665951227,16569,443.5148930039879,11,0,0,3,29,1,94,Malware
69,35,17.53452355343373,4296,28.796167872627993,25421,458.1376535137375,9,1,2,2,49,2,78,Benign
57,26,13.376226168928053,1474,48.637604322914584,21729,125.46571410698913,7,3,0,5,16,1,93,Malware
66,30,21.383778571068035,4648,39.031567558452224,23048,170.52338377163363,5,2,1,2,30,1,31,Benign
94,22,16.24823439057941,4691,30.079379273466046,25257,167.74736276753305,4,0,2,0,25,1,36,Benign
84,24,11.687335364889918,2103,41.80274807060822,22033,368.78585927025756,5,6,1,5,37,0,10,Malware
33,35,30.177084443412873,4716,46.66166989504722,10380,104.76454967006691,6,3,3,7,37,0,22,Malware
39,35,19.274947850038735,2709,11.145025627923296,12851,422.5704799904008,6,0,4,5,48,1,15,Benign
76,11,30.419472235726982,2599,14.493140055875505,11292,318.8184073701417,1,5,3,2,19,1,22,Malware
43,37,19.22094747106761,4281,14.72427202035396,6912,326.5252126349574,5,5,2,4,32,1,87,Malware
67,19,21.70393093137224,4368,21.596690263166735,12196,314.9345688964047,5,0,4,2,37,2,81,Benign
41,22,34.858407239418646,4681,31.349521961365696,16877,314.13835588930885,9,6,2,0,39,0,76,Benign
74,27,33.5451263610548,2195,50.18249496462772,27479,179.15442985342008,2,7,4,2,12,1,46,Malware
46,39,13.15069612000672,4160,27.55495174997787,29434,213.2718887276126,10,4,2,8,15,2,85,Malware
64,32,31.05966159347666,4945,10.873889419030238,13058,295.0469831333902,2,9,4,4,15,2,17,Malware
95,20,16.712104510915797,1225,34.16809264758645,10680,371.1377990089785,6,6,1,0,20,1,29,Benign
70,22,7.137462137311783,3190,59.83142977123109,24644,208.78150400737388,3,7,0,2,6,0,71,Benign
96,28,22.27343044476201,1707,27.451049782745955,7112,422.45396999900277,8,6,2,0,19,2,32,Benign
58,38,34.31155578362706,2714,58.062725938365745,13867,424.23726711241164,6,2,3,2,29,1,77,Malware
47,33,34.22941061015855,1053,15.067256556821132,5475,209.55176286240626,3,9,3,2,27,1,34,Malware
49,34,8.793961344874042,3243,18.654982895265242,5325,324.0258722216412,5,9,2,3,35,0,41,Malware
43,39,28.137099998535497,2752,46.20610350728541,29070,239.56914181362504,3,1,1,0,33,0,67,Benign
63,38,29.084991327506224,4560,35.06062244853531,20932,176.27429417494662,7,8,2,5,46,1,34,Malware
78,33,16.0623435294998,3892,48.256090173294304,24647,422.39998231833937,3,4,4,4,19,2,78,Malware
83,31,24.75785543565414,3345,53.1779172514445,13039,496.5924873226136,3,8,0,3,40,0,19,Malware
60,14,19.64478434831665,2453,22.55424380305173,23519,326.28767127694323,10,3,1,7,36,1,73,Malware
87,12,11.8367929312978,3584,44.1414585219871,20817,465.57868194387726,7,0,0,10,5,0,40,Malware
71,28,27.83792843674963,1578,40.380061831687804,25637,356.86752301792075,4,7,3,0,20,2,13,Benign
87,32,12.882581234372394,2698,53.076751459606555,14488,326.2894806314626,5,4,0,5,34,0,66,Malware
59,22,15.213432591249775,1499,31.505195030494136,26419,292.0579520189755,9,3,0,0,48,2,80,Benign
54,14,10.700552147463831,3671,12.593521535533,13135,194.28598667733542,10,8,2,4,7,2,43,Malware
92,21,26.57813911366113,3888,38.7093063636256,5281,133.70210851297406,12,8,3,1,34,1,30,Malware
48,23,18.76172161491738,1205,57.94391595592289,5656,276.9343672067372,2,1,0,3,28,1,92,Benign
37,15,18.301197645167996,2941,10.731558975261171,7210,324.52396541954295,7,0,4,6,39,2,16,Malware
32,39,23.13688600670038,3927,22.012899421122732,14092,303.7798616889697,1,7,0,0,46,1,67,Benign
96,31,9.71790341742012,2160,25.803389498206002,12468,378.2282541636051,9,8,2,5,22,2,42,Malware
46,18,31.944616688772783,3455,48.29194439454878,17618,176.8395134270162,6,3,1,0,41,1,51,Benign
43,26,18.95326868707793,1278,26.163846123408092,5143,241.681191565266,2,0,1,5,40,2,62,Benign
38,17,15.995805760460895,2468,21.954193159815695,24753,266.22690851610656,5,6,1,5,38,2,94,Malware
91,35,8.800718267155773,1676,42.42790072335205,8933,174.6093222313248,0,4,4,8,41,1,64,Benign
50,22,10.038626131022427,1940,12.32026444804998,28739,462.5856854688509,5,4,0,0,30,1,59,Benign
66,38,32.6108094174158,3318,18.529842997937347,23919,372.6045829651669,9,4,3,1,21,1,47,Benign
40,14,18.69851100199167,1440,30.401511433472187,14605,136.74493853694716,5,9,0,2,40,0,90,Benign
49,38,26.665517580777824,2251,27.779998117001554,15775,385.11921594687567,4,8,1,2,9,1,55,Benign
64,31,7.415490579755995,3174,27.35829095916816,16866,319.115042408198,10,6,1,4,36,2,90,Malware
82,31,24.303936323794513,2293,15.427750655983088,22033,309.576186717261,5,1,3,2,13,1,24,Malware
76,26,32.64557577012263,2843,28.04200097248983,26144,495.9143100429924,5,9,0,5,46,2,17,Malware
81,12,13.998903526444733,2783,49.89963859957014,24675,347.2803284702315,6,8,1,0,33,1,58,Benign
37,37,22.374215021403177,2875,30.69221008986976,28505,458.69127719852554,7,3,3,4,26,2,62,Malware
33,15,33.206573129475515,3534,39.30855924078425,29748,465.4195760424496,7,4,2,4,1,2,46,Malware
56,23,26.579676614141608,1547,18.178970465865874,24405,140.56745269634007,6,1,1,0,2,0,92,Benign
73,24,6.869765071522319,4226,13.485568173428804,7048,103.34490255182796,6,2,2,0,36,0,47,Benign
69,23,16.362114417813167,4728,53.997802096578035,10323,274.10676375949095,3,4,0,4,45,2,37,Malware
76,20,7.573182682618652,1985,26.568629807297942,16119,407.71399241640904,4,0,4,0,30,2,70,Benign
73,20,30.839527885975222,3984,27.516861653406636,6894,429.6783821322128,3,0,0,2,16,2,16,Malware
77,18,23.649881036108464,3819,53.884392473942924,10320,414.99761865356055,9,0,4,5,9,1,81,Malware
81,15,33.69145234501657,4970,45.3885674454372,8976,278.9151834056797,7,6,3,4,15,1,16,Malware
97,24,5.592689875574215,3066,47.81313554938065,18225,399.9856474146097,1,9,4,0,39,1,68,Benign
40,21,17.692621095617127,1424,44.10017420838313,16454,387.5106098104719,2,3,3,0,22,2,30,Benign
33,38,8.130922986331843,3983,15.289612239576819,20208,225.52770038592146,5,3,1,5,15,2,34,Malware
77,15,15.514634678597382,3105,57.89979105281139,5408,167.48822409555152,4,2,0,2,4,1,76,Malware
55,10,9.85660470069761,3470,55.45681435639638,24759,348.56748688879827,6,1,3,2,16,0,41,Benign
68,34,14.863812799802606,2798,21.81100634157272,11887,370.8345568728339,9,3,0,0,41,0,57,Benign
87,25,29.57786014166087,4619,50.199709557192065,29283,327.1882763471632,3,1,0,3,11,0,64,Malware
48,29,9.820979794481108,4794,30.469821574866,21961,185.27181859641857,6,6,3,1,48,0,84,Benign
87,24,19.20994270856565,3891,44.188348393224146,13145,210.6693281421823,9,9,3,0,32,0,94,Benign
57,11,32.64749402181579,2683,18.280149990661698,25561,383.3945085837358,9,5,4,0,22,0,75,Benign
95,26,34.96337863562919,4173,36.92771253282104,5602,485.04894561488766,8,5,1,0,1,0,32,Benign
39,12,12.519233545252497,4147,16.330814977995303,25139,477.93424062235374,5,1,1,0,26,0,54,Benign
87,12,33.067045122983004,2948,36.808358267905795,19263,307.8632585669171,7,4,2,3,3,1,19,Benign
43,14,12.841660424030765,4651,22.179697802860638,28074,454.62378990618737,4,9,4,3,32,2,87,Malware
44,26,17.4058549695078,1065,32.62332643844073,25453,111.78048012213328,8,7,4,3,33,1,64,Malware
62,32,31.33770836699982,1814,43.39846835872154,20621,444.4608486390701,8,1,0,4,33,2,69,Malware
46,38,28.585283147727445,4805,53.85372908303094,27704,290.46032937389066,4,7,0,5,2,2,18,Malware
53,26,30.72462671671206,2174,18.264450154263905,19991,412.6109339633272,5,8,3,0,22,2,92,Benign
59,29,29.00770037913352,3949,54.663455770884916,10334,102.23316383497271,6,2,2,6,12,0,12,Malware
91,15,12.05183015030124,2809,29.501882396364508,14179,447.4243137476015,6,3,0,0,2,2,41,Benign
42,10,21.763853462918064,1436,52.18982843029405,9236,337.9918489523498,2,7,4,0,37,1,63,Benign
91,16,16.557521550857658,1789,35.62739592088815,15507,196.09215930088635,9,1,2,0,8,2,96,Benign
76,35,18.791329053451058,3020,53.110428588146995,25618,238.99322177420018,0,1,4,0,17,1,92,Benign
45,24,9.618689063708922,4139,43.14120337600998,8118,180.2664347724927,8,0,4,8,4,1,85,Benign
95,16,14.473026776755116,1234,35.43580703083842,6083,269.7623031383533,6,1,4,4,44,1,32,Malware
72,28,30.72941364266561,2738,25.626931650016438,22468,232.00241251220933,4,8,1,1,1,0,23,Benign
37,29,31.92675229658492,4816,58.445454380932766,23133,313.8012708208046,4,4,4,5,6,0,45,Malware
32,31,23.304592516974157,1674,50.04488288332089,24550,425.91377675717104,7,3,1,5,40,0,57,Malware
41,39,19.948017710022583,3145,29.059359258613068,8546,492.9101060723855,4,1,0,0,22,1,76,Benign
45,20,26.38519064447901,2032,18.336179652952303,13231,200.5830562908688,10,1,4,3,35,1,19,Malware
88,32,23.26559750666607,1926,48.97677092966469,18657,142.60330507712888,5,5,3,9,40,1,95,Malware
78,23,34.510250190434405,4575,59.497214390546,6350,258.266899961046,12,6,3,2,11,1,77,Malware
92,22,10.702663764926097,1760,23.948747689623602,23378,157.42171046041904,7,3,1,7,2,1,88,Malware
91,29,18.47134178739445,4561,55.79315361674979,27964,433.6960808337417,5,6,1,0,18,1,61,Benign
78,35,32.54721506856661,3474,16.26853527939601,19140,300.44995181454556,3,0,2,1,9,1,58,Benign
80,36,32.44211179725573,1226,57.61031271259271,22127,347.9849529634589,8,7,4,5,6,0,53,Benign
62,34,19.860405396835205,2776,47.266945622153166,8282,160.2450217105575,1,2,4,0,34,2,14,Benign
59,18,9.044270060041445,4658,27.329811463185173,25517,399.84352633462663,4,6,4,0,12,1,24,Benign
88,18,29.448739024787074,3064,25.231591114811692,11611,489.43272477398415,2,6,4,0,21,0,17,Benign
44,25,22.554955595100427,3610,42.171767696967564,15556,292.9541005969056,9,2,2,5,26,0,64,Malware
52,21,28.194980475717703,3275,39.675357012934995,20570,484.98292191625734,6,4,0,4,10,1,29,Malware
74,19,18.875708942317708,1705,55.94683507468432,24811,113.886437536544,11,1,1,3,16,0,86,Malware
91,15,11.116517658104797,2815,48.31215671046071,9910,114.28908552574217,7,8,1,0,15,1,15,Benign
44,27,5.719682224385625,2261,37.01824362869634,15448,484.0051643037566,5,4,3,5,23,2,10,Malware
75,11,21.774148065192563,4452,56.37829209198273,8985,380.1062389724112,13,3,4,6,42,0,55,Malware
93,36,9.831385366447687,4854,39.636531566660935,27140,175.4758908096019,8,9,1,2,21,0,51,Malware
75,29,10.614116257934644,4995,52.484241783033866,12443,245.5499196370277,7,2,3,1,43,2,91,Malware
85,18,18.08916892871493,2410,52.047132604892816,21875,303.1012271712691,1,0,2,2,16,2,79,Malware
73,28,18.262312203166935,1668,55.95974294747681,11441,381.0550942274978,1,6,3,3,11,2,58,Benign
58,15,13.231612706171159,3301,13.380101563955229,12976,436.81062407009176,6,2,4,2,20,0,99,Malware
91,11,8.957666252704055,4379,39.19098339733888,25537,133.0625618852779,4,9,3,3,21,2,43,Malware
81,24,33.34858255467013,2845,33.41962955855246,6949,362.6296493955655,4,0,4,0,16,1,66,Benign
83,26,8.949218476347799,2337,34.52711917323363,26877,290.68456545517716,3,9,2,3,11,1,26,Malware
86,25,15.523177538033885,2324,32.99553018101014,8133,339.04891017721116,5,9,2,0,33,0,98,Benign
95,37,14.146039778223386,1117,51.87333447111705,16709,303.41264264452093,11,7,2,4,22,1,72,Malware
51,30,30.990136908756558,2868,25.92164487084694,7134,280.27722020378206,9,7,3,1,25,2,70,Benign
49,17,17.301873454357114,3097,33.13755408148892,5610,182.20511847188646,8,2,4,1,33,1,68,Malware
62,19,8.721304977030929,2813,20.034127145054285,12566,288.9343649435916,4,9,1,0,37,2,88,Benign
54,19,5.307830852134861,2587,22.585830796236735,27501,175.86205521670783,2,2,4,4,34,0,13,Malware
75,27,26.658488104235747,4252,43.02100416719375,26125,117.84459481108644,0,1,3,0,15,2,42,Benign
86,19,26.435032777035506,1542,15.846796912533097,7561,249.52979637920888,3,7,2,1,1,1,29,Malware
34,18,17.53351013939683,3374,19.391090549733867,28429,109.98229549980164,2,8,0,2,4,2,30,Benign
84,37,8.789240009369708,2526,36.4017279785657,5828,325.0179852087998,7,3,1,2,17,0,50,Malware
90,33,16.149014377182436,4567,12.188651398150675,23079,128.95698133607092,11,3,4,6,28,2,83,Malware
37,28,22.696473527510925,3991,16.346349971019578,15396,275.0214569147518,8,4,4,1,32,1,53,Malware
45,10,26.118288254205233,2269,53.16764694833744,15465,492.05713495009104,9,2,0,2,8,0,41,Malware
77,13,7.347196773028286,1601,52.30733828974979,16072,103.9526082475752,5,4,2,3,36,1,73,Malware
90,33,21.68922411844037,4614,27.38880525234911,27158,246.74182706251932,10,3,0,2,36,1,46,Malware
44,12,13.283722353444126,3149,27.39956576555922,8465,369.3051423843602,9,7,2,0,19,1,70,Benign
94,19,23.51798861400928,4301,56.82577246320018,21649,163.56676184796237,8,4,4,6,24,2,35,Malware
51,21,24.444203685942824,1387,11.292056953601161,6289,324.29345662804735,2,6,2,0,3,1,31,Benign
32,27,32.31811105324155,4680,39.014775654263545,10411,203.27614344624908,4,3,1,2,14,0,49,Malware
83,32,17.311351261668797,2602,39.86952895203637,21856,189.10747663369028,8,1,3,0,32,0,68,Benign
43,29,21.127719804059527,2727,49.39435335908306,11542,457.99342029838067,6,7,3,0,12,1,59,Benign
65,15,13.04645368281528,4282,57.587525791130034,26576,181.3121915920641,13,3,2,2,31,2,86,Malware
96,30,13.596710724353823,3696,27.791379352167198,15767,250.62068430612103,9,8,4,5,34,2,82,Benign
39,11,6.381013446840875,4501,31.89167367280006,6896,167.83900194982286,8,5,4,3,31,0,48,Benign
78,19,13.58206826895519,1338,43.56492402600887,24538,213.555095901487,5,7,2,12,36,2,25,Malware
94,11,6.914860687719737,3231,58.36358111720883,27701,217.24267204895065,6,8,0,4,32,0,83,Malware
86,39,33.91747371757489,1055,54.53961768683538,16691,230.7092095028266,5,8,0,2,35,1,97,Benign
56,18,23.727897061283134,4026,43.352650163502226,22995,356.42677473069006,1,8,0,0,32,1,19,Benign
34,36,10.194456835588822,4833,52.8361785835511,27818,397.03709724461385,11,6,4,1,16,2,54,Malware
86,19,8.502990794610053,2305,14.260221544571813,25860,304.26788781249536,3,2,2,2,1,0,99,Malware
44,11,16.103678614326302,3619,28.856347142592632,29761,344.1903923683536,13,7,2,4,47,0,43,Malware
59,17,14.229419738565241,2151,10.65462478494236,18316,425.3074987933285,5,6,4,4,40,0,72,Malware
49,33,13.37764342743359,1716,18.87361191304752,17197,499.8242645361676,5,8,2,3,13,0,77,Malware
66,26,19.045881347930635,2749,41.5246285601201,8333,282.6023945374892,1,4,1,0,11,2,95,Benign
32,26,32.3862152892939,2662,54.27808118668334,23610,474.57379823705827,8,3,0,0,11,0,98,Benign
70,38,22.04150763209089,4055,41.639015499589775,8213,296.14803721140265,0,1,2,3,25,0,20,Benign
68,13,20.636945137598573,4579,43.206905350428336,25399,412.79990099660574,2,6,4,0,5,0,93,Benign
55,27,29.19645305483174,4655,15.191080262810093,22675,329.2892180593227,4,5,2,1,21,0,97,Benign
31,21,5.120738347906675,3263,43.243024545668995,15865,453.61569009486635,2,5,4,4,35,1,34,Malware
52,26,10.921570074657005,4161,32.71733586845955,7517,279.48128064670374,5,9,2,4,12,1,78,Malware
52,18,19.885578031665084,3991,42.57201157909117,16240,378.3260005188682,10,7,3,2,46,0,40,Malware
45,38,26.159271815662,1313,26.308655476491367,29433,286.5260876872752,4,0,1,1,13,1,66,Malware
38,28,19.550845848189148,3280,39.074297083158505,18379,442.8109605346767,8,0,3,4,3,2,96,Malware
42,23,9.911479439026316,3792,31.20346484154947,7154,497.7474716569531,0,3,2,0,12,0,62,Benign
57,23,32.89948452984729,3622,37.93185277175304,19906,197.32599677036475,2,7,4,0,47,2,90,Benign
56,39,14.859953933163357,1887,17.35447591649,28988,289.7355852829021,3,4,2,0,34,2,75,Benign
80,26,28.64647044183512,1246,29.79124268086425,24486,132.50267190415485,3,8,4,1,20,1,65,Benign
93,11,31.742400037928384,3489,28.713932862842704,25002,156.39817776551564,9,2,0,2,39,1,75,Malware
81,17,15.393481330659993,2922,46.81972603264042,25227,471.66007289822875,4,5,0,0,4,1,31,Benign
67,14,30.35935343990314,3182,45.32047569840328,21904,317.4455105963765,9,5,2,4,41,0,90,Malware
94,36,26.323210495003924,4953,55.44293423656665,23028,258.0464068904247,3,3,0,4,43,2,62,Malware
47,16,32.12842509986018,4063,41.60277961415987,5654,368.5930117230213,11,1,2,2,49,2,66,Malware
92,31,12.53932105168933,2025,25.727356489673667,5041,324.06451532804476,8,5,0,1,7,1,42,Benign
80,38,32.938328184148276,1160,49.16123316176657,19932,215.4870891868903,10,9,1,6,47,1,14,Malware
38,25,6.959194300097908,3187,34.84988217668132,16103,190.6458025040796,8,2,3,1,3,0,22,Benign
42,25,28.810138559169467,3351,19.674660531453927,25168,336.09590000364204,2,7,0,8,46,0,26,Malware
69,26,18.06995062104898,2483,47.37057341635632,25335,175.30620448456193,11,1,1,4,41,1,52,Malware
84,31,10.33669900558882,4892,16.62656978596145,18135,155.6688403088744,8,2,3,6,44,1,93,Malware
72,36,7.3820886530803875,2737,18.90766656230646,26804,227.3550249868244,1,8,4,2,13,1,93,Benign
73,16,16.68642541696814,1124,47.93779642175736,6513,444.53642525738735,3,1,3,5,29,2,21,Malware
97,29,16.679717651795627,3984,48.5072347035644,26150,114.72777636913153,10,9,3,2,41,0,93,Malware
62,17,11.898721529209563,2908,49.53906344021077,25120,433.3065014490757,2,0,1,0,21,2,80,Benign
53,17,11.465461950585285,2370,24.666256220855786,14472,348.389534491984,1,2,2,0,46,1,65,Benign
65,32,16.985428941404482,2617,53.329372868575945,9924,116.14910302279435,3,9,1,0,25,0,78,Benign
39,20,17.303416496154718,2977,46.13340679810364,12892,340.81556655531665,8,5,3,0,3,1,38,Benign
49,24,18.27094397489577,4395,51.698370477567025,13411,270.4077619009546,1,7,3,0,30,2,34,Benign
41,27,31.062781601833038,3454,45.4302742373445,25393,436.4510432421373,0,9,1,5,39,0,20,Benign
91,15,23.337635192682725,4540,38.979822937317024,26343,462.87948426521825,9,4,0,0,22,0,50,Benign
47,31,5.61299498214575,1163,15.469738578700966,16999,214.59726447904663,6,1,3,0,2,1,20,Benign
92,21,20.572977252865513,1861,45.546810597597464,6629,413.66800362244794,1,7,3,4,9,1,47,Malware
54,24,27.873538879572635,3287,44.5230387729092,28610,223.9211317283758,6,1,4,5,4,2,91,Malware
41,37,6.692429199335516,2236,25.624556664343018,8249,218.2541829355364,5,3,2,3,8,2,71,Malware
50,32,17.678236378223197,3196,46.79098845232131,21844,177.0553362819311,11,8,1,4,19,2,88,Malware
54,15,18.53630429772701,3631,37.52272767156637,21673,371.3956113129671,4,6,3,3,21,0,90,Malware
40,27,33.620613570073274,4174,37.97031192717075,14327,204.67419161070774,4,2,0,5,14,1,33,Malware
93,33,19.27051861348881,2206,28.380233939285628,5223,285.94333680916816,4,0,0,6,1,0,53,Malware
79,29,27.497007879866068,1504,15.839252067006829,7445,424.8512349902866,5,5,4,7,41,0,28,Malware
91,18,14.087061356271585,4767,20.84642289329945,28711,416.76513668295695,9,8,0,0,20,0,46,Benign
78,17,28.379199535652944,1524,48.44158266680291,21837,442.1770437181559,13,3,1,5,19,0,14,Malware
43,23,14.679870994920218,2403,23.572077524844694,17650,164.42580532169018,5,6,0,2,42,2,13,Benign
30,28,17.900707620350293,2767,10.112652716780575,7046,334.75710491293694,4,2,4,0,16,2,10,Benign
54,28,19.384468334350935,4733,59.8508710565775,10911,465.9359379370791,7,0,4,5,10,1,26,Malware
88,17,32.79088908254034,3822,20.534111692518543,17290,116.82003452081821,12,4,0,2,2,1,52,Malware
98,11,6.603606434146027,4095,42.76915744351969,17880,417.81070919934865,2,0,3,3,1,1,59,Malware
34,34,10.906014530324217,1700,56.346100228749684,17067,198.49488567484633,3,1,0,4,8,2,39,Malware
48,13,26.172282385925115,4204,39.98563673169685,10479,367.8614381003897,6,6,4,4,9,0,73,Malware
52,15,22.32732979645906,2017,49.95153075422287,19264,386.9620176116393,5,0,3,0,39,0,91,Benign
38,12,12.545941712449276,1049,58.818585607440745,8386,470.2340633162272,3,5,4,0,42,0,45,Benign
79,12,13.676026624730145,4005,53.018171296489285,26085,303.51976896918603,7,6,3,5,18,1,10,Malware
45,28,16.019284568260396,1694,37.89520443391808,26208,439.2924432362172,9,3,0,3,15,1,78,Benign
62,20,18.510408479909856,1025,28.185146524103807,11165,118.12720503984858,9,3,2,1,42,0,91,Benign
31,38,29.54081969758334,3697,34.12322245819798,23852,268.2171121029273,2,1,1,0,16,0,38,Benign
43,19,5.414464294158877,1010,52.091308409527215,27474,275.8075714675697,7,4,3,1,21,1,90,Benign
30,21,31.940592236404353,1807,52.66773050753201,10774,315.3113903374517,6,6,4,0,47,2,94,Benign
87,23,17.390813348945844,2125,52.292746117918185,23699,292.53618990714403,3,3,4,2,25,1,75,Malware
45,39,11.914925526992395,3058,39.86122013750055,25309,487.18460835318194,12,7,2,5,24,1,45,Malware
76,39,20.25238098582036,4183,33.84779588788065,19950,131.41582833923104,11,7,4,2,47,0,71,Malware
73,37,24.79010128098735,4677,25.56690280478309,15807,206.0066647716505,4,6,4,8,16,0,29,Benign
43,27,6.342566575808105,3819,10.168042759096465,22122,487.45151257981763,1,2,4,0,49,0,92,Benign
53,33,26.47332054998248,3817,48.22426354304779,10225,278.1210184836116,9,9,3,6,9,1,63,Malware
84,18,27.822835627515875,1972,23.849914000702732,9751,328.462980854954,8,8,3,6,38,0,91,Malware
44,24,9.98546852970258,4238,26.483894769266872,29180,132.41021772338303,7,7,1,3,15,1,22,Benign
63,33,10.036442851307086,4792,52.174061242352195,7218,213.62035198496147,0,9,2,0,48,2,56,Benign
31,35,11.113536636226305,3454,12.612557856131032,19669,115.86067946460633,3,0,0,5,13,1,84,Benign
56,12,28.898861362019115,2068,56.38101657287193,20377,155.00193699511527,9,8,2,3,44,0,37,Malware
52,32,13.160091677935673,1841,10.06809612192532,12915,353.3259271152817,5,6,1,0,24,0,64,Benign
97,20,28.878075141630635,3764,56.958455741270306,27927,405.4489855413057,8,9,3,1,33,2,52,Benign
43,19,21.21571576816547,1358,32.73792455417082,16431,448.0339507599044,11,9,3,6,12,0,53,Malware
92,27,28.01513990515426,3601,15.10613125759098,12106,200.58575221849014,11,3,2,6,10,0,30,Malware
94,13,21.610191250388326,1284,43.708068362059365,5874,233.14553664122352,6,4,0,3,31,2,62,Malware
97,37,15.073066976353722,3447,54.79282128606109,20293,327.7593509762629,8,6,3,5,4,2,56,Malware
92,22,32.32142427974175,2474,31.903640842381,13526,133.47434538717812,9,7,3,5,38,1,96,Malware
93,39,26.458869855723925,2635,44.56789520153332,10987,422.6873040755577,8,3,2,1,36,0,34,Benign
61,38,19.52164407547015,4515,58.96813600946469,6178,293.3168234835276,10,6,2,1,10,0,50,Malware
42,15,24.122854291258083,3435,22.03504118565025,22013,486.2030210778554,1,5,0,4,3,2,40,Malware
95,36,23.47530067606979,4427,51.022472846134406,11519,146.92640361028396,5,8,0,1,22,0,22,Benign
48,30,15.743486495128101,3831,24.76185546735883,11014,153.31615237675908,12,3,2,6,49,0,15,Malware
53,22,17.713152403385653,1424,31.316879999507997,5080,239.43091364682857,10,3,0,2,21,0,10,Malware
40,34,14.54770332899362,2029,24.08829342486304,5909,182.70487975147543,4,2,1,7,38,0,17,Malware
88,35,34.98554394246359,4625,32.30058742170612,13641,378.63605951770296,2,7,2,3,46,1,65,Benign
44,29,22.40193361953168,2919,10.254451621414125,8070,478.72418303797485,8,7,4,0,38,2,71,Benign
39,14,7.761659632923869,3488,25.171942366513576,10429,135.9618039820468,4,3,0,1,46,0,96,Benign
70,29,20.573215511049067,4995,32.26470319688479,25462,196.89453324498845,4,2,2,0,3,0,78,Benign
56,23,6.498858940155197,1355,41.6120091853048,23363,195.159259213058,0,5,4,1,29,0,31,Benign
89,22,13.659561449388976,3966,41.86806955879544,9775,303.6292255848849,9,8,1,0,37,2,73,Benign
81,23,18.378833479285497,3812,39.18928092352464,28212,280.8101769595199,1,7,1,2,5,2,78,Benign
57,17,21.028114598057357,4659,24.651591479614844,20714,390.74648249032873,8,6,3,2,3,0,26,Benign
94,25,34.28544199184765,1553,57.37021579678727,5729,393.0524883297566,6,6,4,0,30,1,27,Benign
46,22,34.466651714124566,2886,29.598491187054968,16203,329.1017853822457,5,4,4,2,47,1,54,Malware
73,33,7.942081097190632,1267,20.844697061952893,12905,336.4089036768049,6,1,4,0,40,1,63,Benign
39,24,21.143980182886676,2915,37.725646983399365,24404,436.9265559545871,10,8,1,1,8,1,48,Malware
92,28,29.51328185576342,4039,47.44643349404568,14205,258.77457510097673,1,2,3,0,44,2,74,Benign
76,10,12.131384607582643,2240,10.611678641113311,26159,104.937179318431,5,8,1,3,13,2,97,Malware
67,31,27.516892957654147,1063,23.81720036977737,22704,185.21211550110303,10,9,2,2,20,0,63,Malware
99,11,31.35857167114938,3489,51.24889263000149,11332,114.14484427528988,2,1,4,4,13,2,25,Malware
82,27,24.874621881063756,4762,35.35105466927991,8264,257.39848911961815,2,0,4,3,6,1,78,Benign
73,28,14.831100465353567,3588,30.424415228995702,25992,243.1342501718673,4,9,3,0,10,0,41,Benign
83,17,32.69396958021718,2298,56.54506397911559,17874,139.4519738138381,7,6,3,2,26,2,35,Malware
49,12,31.505602810225064,1469,14.476754856141934,24292,402.0102363469861,7,0,4,2,6,0,44,Benign
60,32,26.474759563821127,4287,40.77851003889245,24427,321.2242936022412,6,7,1,1,26,2,62,Benign
36,35,15.910043403115193,4936,27.10943581218885,7190,190.28068227936572,2,2,3,0,28,0,52,Benign
87,23,28.75689087184398,3019,13.541169914646286,10946,403.6504303462439,4,2,4,0,12,1,50,Benign
39,35,14.483269445064234,2836,20.68722543054101,15761,367.17247681679817,7,8,2,0,40,1,33,Benign
39,18,12.58858554000712,3023,41.39666065086422,24888,176.6380559195516,6,0,3,2,4,1,53,Malware
68,38,20.45040160733843,2589,11.413846692727871,28690,493.1553322558444,5,6,0,1,24,2,88,Malware
57,17,34.91405675003752,1877,39.61244076946755,14494,170.9704263422108,11,1,2,4,15,0,32,Malware
59,26,29.12965824302363,4663,57.84252106086522,13981,408.6801055833134,1,2,4,0,24,1,84,Benign
66,32,26.893781963549714,2217,49.754803118513465,29498,487.3145932440445,2,9,3,5,13,1,54,Malware
96,32,18.560382400819318,3759,27.279853966692283,16491,390.2008720846659,6,7,3,3,3,0,64,Malware
72,33,14.358500275574482,3060,16.910382318080416,12964,366.31082774007285,0,2,1,1,27,1,79,Benign
81,25,30.677022894515478,1221,33.25322169564893,6964,461.3285787274952,8,1,4,2,39,0,78,Malware
85,19,22.031983399430576,2728,29.64752180892027,29992,207.65287755426888,4,6,0,6,45,2,73,Malware
97,30,29.39764853365697,2419,58.5866480011926,6344,210.86230018632733,9,2,4,1,15,1,23,Malware
38,19,19.632611287129357,1880,59.4934027254211,7737,356.4641554817553,7,7,3,6,26,0,39,Malware
52,34,27.61872482036301,1838,30.52923281618956,24029,452.8551118766191,10,3,3,5,23,0,13,Malware
92,34,31.032231760150843,1751,17.439199176496842,15799,346.949659345427,2,5,0,0,39,0,15,Benign
90,33,16.741700794099984,1269,55.53047748214526,22188,490.819502523805,6,7,2,0,33,1,48,Benign
69,15,5.407087097120478,4369,49.67711378334967,15957,189.1609237467011,2,3,4,8,21,2,27,Malware
73,31,12.64779698062727,2634,35.56371033278488,13021,430.35184114308515,4,4,4,1,14,0,60,Benign
53,26,32.447451232532266,1731,28.267732150757066,15144,470.9054593004735,4,2,4,6,13,2,65,Malware
80,38,25.626267816568728,3891,32.40829137998637,27405,270.8009591809697,4,3,1,0,32,2,98,Benign
87,25,27.11656149310821,1615,55.09405876525552,26302,484.79301069293194,7,9,0,0,42,1,66,Benign
62,24,14.758658427962644,4503,19.232172388176924,19129,180.85904818223167,12,7,2,8,44,2,68,Malware
45,31,26.038189540249853,4960,50.33917605617355,9405,481.13357330510263,2,6,4,0,12,0,70,Benign
51,23,24.388464362282754,2431,10.90953164135777,9798,461.1232237822743,5,5,2,0,10,2,26,Benign
86,13,10.35120990431087,3112,56.02859965710425,18672,126.45834886510264,4,4,2,4,22,2,47,Malware
91,13,34.06072332291934,4728,35.01486398231029,23959,308.53264320897455,10,8,2,5,47,1,85,Malware
99,39,15.6207678004322,4109,21.33739131705861,28167,311.5356205988228,1,3,3,0,25,2,90,Benign
59,11,14.878609215201267,3075,10.14282514085912,9792,122.78937075993093,8,2,4,2,44,0,98,Malware
52,38,16.07484632690594,2312,37.97732343723871,8713,115.81246404299175,5,5,4,0,47,0,46,Benign
61,20,7.75158845962308,4991,22.224393527991907,13796,102.03871232581636,7,1,4,3,29,0,26,Benign
86,39,23.748905512796476,2902,41.563216800542165,16542,309.8035373675594,1,8,0,0,7,1,40,Benign
38,13,12.158727312391903,3284,24.058464072602362,16988,285.5262415876664,8,5,1,3,35,1,23,Benign
60,30,29.099382691525427,4197,14.401201459511345,9416,476.1840774225564,8,2,1,5,29,0,62,Malware
38,38,16.824685404018375,1383,35.25258149217797,16740,236.9225263432404,10,1,1,3,16,2,45,Malware
42,37,18.75675446871956,3373,38.22428681440722,21687,363.2909582125402,3,8,1,1,8,1,95,Benign
87,30,24.39266162346677,1084,32.629501276977535,21902,103.02536585624296,10,9,3,7,9,2,14,Malware
32,25,27.856134018612174,3796,32.901777716489065,25414,365.41537832009203,1,2,0,0,20,2,49,Benign
64,30,11.93345914544335,1245,39.48250639500077,27719,465.3840096107647,8,5,0,5,19,1,79,Malware
50,13,33.988829891544384,3435,36.31767547050767,11165,241.90718266602312,1,8,3,0,16,2,78,Benign
93,10,23.669646379000437,3976,16.628376943132906,16070,225.62284071345022,1,2,4,1,29,2,97,Benign
81,39,5.169158705011627,4958,19.854282324251617,21463,350.41194594902,10,8,3,3,34,0,31,Malware
63,35,17.468666297706534,3313,17.089552071452502,18595,231.42082618299452,5,1,1,3,28,2,23,Malware
64,33,18.104534618922628,3808,44.66477911098729,13294,260.96735019060446,8,3,0,7,34,2,34,Malware
44,28,29.274949279231908,1803,36.4299206083483,20345,209.24661634531492,9,9,3,0,17,1,93,Benign
35,11,14.154193223615115,4276,31.49275617654641,7450,237.9556825115742,3,2,1,0,4,1,74,Benign
61,18,14.936795488848905,3275,49.91694976364247,14147,371.7642449724511,7,6,1,2,34,2,58,Malware
81,32,7.114822785577037,1239,26.289732988040257,18057,468.95007457047393,0,3,2,0,30,2,44,Benign
57,34,13.506380735774444,2096,38.40533315454805,26298,333.24619028638665,12,3,4,3,45,1,61,Malware
93,22,26.5088510445755,4742,13.720380074509922,10709,104.01337957133188,3,0,4,5,38,2,38,Malware
48,27,24.042707586794588,1387,47.2202041912556,13785,205.55702471950536,10,9,4,13,30,0,67,Malware
44,25,7.441822640236822,3425,44.75962224077949,19551,480.8954114609798,13,2,0,6,31,2,81,Malware
35,25,8.44081676344349,3259,50.1189814648441,8549,464.12870553204124,3,4,0,1,43,2,91,Malware
67,34,16.30777891775324,4719,54.223797900827684,5562,146.25889584022084,5,4,0,2,32,2,40,Benign
55,19,27.31273286423029,3842,47.90141336477093,26394,463.3668252269311,0,3,0,0,34,2,30,Benign
80,18,29.987548343858897,1675,52.22449450636469,6699,485.8116092155681,6,6,1,3,45,1,15,Malware
82,20,5.438721290300522,3696,27.282729948086228,27778,229.82875830413593,8,9,4,3,18,2,18,Benign
85,34,14.870317319222021,1170,27.166868100746985,13916,380.402723761307,3,9,0,1,6,0,39,Malware
88,35,17.72785590885725,2175,57.215040994990815,20010,323.9929662054519,5,3,4,12,3,2,27,Malware
99,38,32.33398432371369,2700,55.72872681631024,22726,234.81986342031155,1,6,1,0,40,0,39,Benign
87,35,20.042196731283287,1808,37.424867055261124,23279,161.33431236740802,10,5,0,2,14,1,93,Malware
42,13,13.091022957370512,3151,28.32793926363229,11228,246.76808964217875,9,5,2,5,38,0,69,Benign
72,19,16.701411954915343,4293,53.30007651294002,25484,471.118628575405,9,4,3,1,17,1,64,Malware
80,12,18.093033244842417,2305,26.17055662136831,23666,424.4993502293385,7,7,0,13,27,1,19,Malware
48,15,25.099876205878353,4459,17.68175414472222,5374,232.26981225716176,6,8,0,2,37,1,22,Malware
50,12,6.232633489022756,3419,41.974633750274,7322,319.070140804328,5,8,2,1,26,0,50,Malware
53,36,16.68354989073051,1128,12.131090486648347,14586,262.38467148383256,4,5,1,1,14,0,11,Benign
55,18,24.39663910743354,4475,28.9550953083244,14032,286.49513919712444,8,4,3,5,36,0,14,Malware
74,12,13.499669460931923,3267,50.3831907847311,19996,404.4842744022007,5,0,1,0,24,1,42,Benign
57,27,22.752530199924625,2196,24.760809784641737,9723,317.2024803803441,9,2,2,2,21,2,74,Benign
58,17,15.718367903121322,1471,56.56577395367666,23435,172.41778536471662,5,7,0,2,1,0,46,Benign
46,31,27.761626025203263,2883,57.791233330831865,19869,207.6142511218156,5,0,3,0,42,0,70,Benign
97,17,6.817930893874804,4035,50.79081503825594,17102,327.1175447510409,0,0,1,0,32,0,67,Benign
73,24,32.53885942104069,4524,59.382165949603134,19013,377.1278239716798,3,7,0,0,11,2,21,Benign
90,22,10.148376438469269,3655,36.53820557557188,6547,303.24817095303166,3,6,4,3,48,1,50,Malware
97,16,9.756412602480474,2525,38.45997760694858,17170,348.084212936478,4,1,2,2,17,2,37,Malware
54,28,30.219288343196375,4123,51.80834076352392,7453,415.7507806301919,1,5,1,0,3,2,91,Benign
96,17,31.07848769071666,3141,34.64026278940452,14628,318.1567664832247,1,8,4,0,37,2,45,Benign
31,19,7.789199403374009,2599,30.336000341653477,7364,490.87658002091973,9,7,1,1,29,1,51,Malware
78,26,32.26156784044731,2044,40.73767955872695,19874,194.2274607210894,2,5,1,1,19,0,63,Malware
99,10,13.198936001869289,3153,42.8829755424441,12598,467.87530015602147,7,1,4,3,43,0,63,Malware
55,22,23.558650562241667,2871,47.54479108480832,27867,199.0639179189431,12,2,2,3,33,0,47,Malware
56,38,7.057804712236873,2223,43.41003486300427,12821,312.65783057348074,3,2,2,1,49,1,94,Malware
47,35,16.41983303384603,2867,47.28608976316642,9614,282.3627083210439,9,8,4,3,39,2,80,Malware
83,22,18.521738273136137,2375,43.72798354443762,11030,249.15330764776198,11,8,2,3,47,1,78,Malware
30,33,22.994797080689317,4352,34.02226192500894,18741,485.0938674403297,4,4,3,7,5,1,67,Malware
90,25,20.75815914243397,2305,16.746729216823518,22307,208.9206243463961,4,4,3,1,2,2,88,Benign
32,38,18.844788844747775,1611,49.27216144676292,14642,369.94764173722467,6,7,0,5,9,1,18,Malware
97,18,33.78920635296764,3896,11.538957569384152,9786,421.62742880512394,4,2,4,0,41,2,57,Benign
70,19,10.550683309632774,2562,59.62500458806698,18260,178.80273824374723,5,8,3,0,25,1,27,Benign
66,15,9.739826919400045,4316,51.422924496983995,11758,489.2611705622128,4,4,1,1,20,1,21,Benign
80,14,26.40257182702015,1947,43.54553039906525,28851,318.6561902823198,6,8,2,0,11,1,36,Benign
44,11,7.236556546106963,2598,58.33033859272267,28605,465.79626464522266,6,9,3,2,12,2,87,Malware
37,20,19.4867436798283,1853,40.623514072810465,17005,365.55242386553624,8,8,3,7,1,1,86,Malware
67,18,19.521593574566214,2909,12.821644037217403,16096,359.770740310709,6,3,4,0,24,0,45,Benign
85,15,14.30075992877274,3476,37.969108700726004,7258,238.23443569607326,2,1,1,8,17,0,58,Benign
76,17,32.91331225040593,2977,23.86020928284714,9542,408.23605737043516,12,6,3,5,16,2,18,Malware
39,18,13.476303052880343,2061,28.47387639922184,5069,111.91452687995107,8,0,1,1,46,2,43,Malware
78,18,13.653258567147397,2442,32.97925779250144,14516,322.32819284790617,11,6,2,2,38,1,85,Malware
70,17,12.028998926711633,1301,48.73003731943918,16331,112.85562528137389,8,0,2,2,43,0,59,Malware
59,21,9.373641056616892,1638,35.14646071854781,10913,222.7487491115289,3,4,2,0,8,0,98,Benign
34,35,15.920331660453584,1070,33.73401454125394,18465,138.518312084596,2,0,0,4,24,0,59,Malware
60,17,25.426617800012902,2922,25.098606887092302,13125,464.6364113404431,8,7,4,4,6,1,31,Malware
81,12,27.264885883122673,1645,36.993612092635146,12391,351.30414661554164,5,0,2,0,46,0,14,Benign
52,22,29.40256749292043,2788,22.41954272176578,5367,367.4042467496656,8,5,0,1,9,0,24,Benign
77,28,10.926316655946756,3572,23.0496907704114,23267,440.45136971642484,5,0,0,5,3,0,27,Benign
69,11,6.068980647191893,1173,47.862938757226026,10308,393.2129901049822,5,1,4,8,36,0,86,Benign
35,26,34.24057575465176,2998,27.127363225454502,27913,149.67823045894374,5,3,2,2,23,1,24,Benign
67,25,5.429975578592856,1089,12.569983646955592,15280,347.015333303823,8,7,4,4,31,1,98,Malware
70,13,33.82036513874176,3415,27.18386429474904,10076,491.2682921571883,5,2,4,0,34,2,75,Benign
56,27,29.864432561353993,3848,41.92861039333095,28309,185.64635637068565,4,7,3,4,38,1,30,Malware
98,23,32.3622428307541,4278,50.699279333866116,28204,347.8855724476602,4,6,4,5,40,1,96,Malware
86,39,16.61557137833438,4133,58.09683406961807,25097,325.44572564853286,9,5,0,0,35,0,90,Benign
46,11,10.916059965530998,3366,47.3110210737488,8201,256.65841831792414,1,9,2,5,48,2,70,Benign
76,22,23.193910555266946,1823,31.442580470841843,23304,481.85415346627525,4,0,4,1,17,1,13,Malware
42,36,27.237535121494606,1550,24.95596396024788,16285,242.56015424600253,2,5,0,0,21,2,57,Benign
40,36,8.925831989739816,1059,16.48149950854447,15280,137.47217707449138,5,5,2,4,3,1,10,Malware
53,30,28.92864544053602,2128,41.38432172230572,21536,485.01719351765223,3,9,1,0,38,1,16,Benign
33,29,11.257799600376739,2262,35.494165705450314,26037,391.6880827261726,6,7,0,3,35,1,70,Malware
75,26,19.750318787253796,2485,43.885075822207064,28901,236.97995024729147,11,5,1,3,34,0,62,Malware
47,24,30.69447349634459,1126,21.85665782275348,28560,212.20465003588566,6,1,1,0,14,1,44,Benign
72,34,10.802735331280775,1082,26.182208405497278,17220,471.21066584402394,10,9,3,8,16,0,30,Malware
62,39,12.256539439483625,2243,24.60476747493195,18924,209.419990384078,9,2,1,4,4,1,69,Malware
39,29,6.8831346949757455,4479,49.88259210872053,14262,314.8630690785205,5,1,0,0,9,2,85,Benign
88,14,9.398423353493914,1945,18.56149074316734,11473,185.98202848259587,8,2,4,1,38,0,14,Benign
60,16,9.395774593441061,2640,40.42360585122478,8790,498.085845566073,3,0,2,5,15,1,12,Benign
57,27,11.102825064624126,2952,12.567750787955337,11896,407.80343450866764,8,6,3,10,1,1,68,Malware
89,33,13.586011911949518,2995,37.47637879508598,9098,327.05397606148426,8,4,2,5,10,1,85,Malware
32,20,29.449500934356223,3633,13.195698787652795,28960,398.3305796731245,4,8,0,5,11,2,19,Malware
84,27,32.472915925433526,3694,18.79382953939937,6059,466.5471866403285,0,6,4,0,31,1,55,Benign
43,36,17.188418276868507,4501,15.65126510267811,24242,485.2496777682356,11,0,1,5,36,2,59,Malware
87,35,8.846268559649324,1889,27.336267694171326,17283,414.4075537701834,8,0,1,6,34,1,71,Malware
44,14,11.714297752865921,1573,27.186570885386455,17530,439.62638733329055,10,1,0,13,38,2,68,Malware
31,22,27.086179305656763,1512,51.32096403641282,17013,259.1175698345588,6,6,0,0,17,0,26,Benign
53,37,25.322765576386693,4150,21.284372569026434,28985,256.7291980691865,11,6,2,5,4,2,65,Malware
93,27,34.01621904817071,2909,14.319337088698848,27334,423.3186610974769,8,8,2,0,43,1,53,Benign
53,11,5.434660417852497,1064,40.17558954070648,29532,403.85005554523093,5,2,2,6,37,0,28,Malware
56,29,27.522762808470706,2964,44.37253498000034,14633,460.3926814484257,3,2,1,5,18,1,27,Malware
66,13,20.17380801358945,3230,24.741180801072687,7266,153.20387766532298,8,7,0,5,39,2,35,Benign
68,22,32.08078933767378,2089,40.14070581806886,23632,376.3252474768798,0,5,3,0,36,0,37,Benign
92,33,22.28500022380601,3882,48.8028284003322,25873,359.05929352332555,0,2,1,2,40,1,58,Benign
55,38,18.400031733842464,4939,27.377646953805616,12706,419.40793614141336,4,7,3,1,7,2,41,Benign
94,25,24.975518284789842,4279,36.267691996655586,13792,109.82095396260485,1,2,2,0,12,2,29,Benign
33,15,30.00570326542993,3101,17.331663683616,12986,430.50097826630093,1,5,2,0,19,2,94,Benign
58,35,13.47495650518556,2244,11.182340053509018,5835,230.5706613114195,8,0,0,5,37,0,55,Malware
30,17,8.225811313527737,3283,59.06839874054148,13591,374.8488524080288,8,3,4,10,8,1,67,Malware
79,25,17.990543549579613,1888,24.986542526818496,15520,346.6238286292014,5,5,4,0,10,1,25,Benign
40,22,11.435596184351857,1611,23.94510253609108,6007,276.0793283318086,4,4,2,0,36,1,85,Benign
88,32,17.88623526185627,4006,58.662256658654385,13958,398.411013556745,2,3,4,0,7,0,10,Benign
91,38,34.7314451839685,1437,46.41167618815583,5432,484.48757216620425,8,9,4,0,28,1,55,Benign
65,35,22.223662813220656,4051,39.264894397024165,29975,229.38999196875312,7,0,2,0,41,1,41,Benign
85,13,25.80800668540231,2126,44.966169754667845,10121,399.37435326766547,6,3,0,6,43,1,23,Malware
50,11,25.337852673842555,2459,45.49632833477013,5328,225.8148179374062,6,0,1,1,18,2,23,Benign
42,18,29.621025088581906,3741,48.16679401464913,26114,438.26125612643295,3,9,4,5,37,1,92,Malware
38,27,33.32385797046139,4010,13.359461570995997,19718,274.90926635577074,5,3,3,0,1,2,74,Benign
40,26,24.764542946241605,2444,30.641570989144398,6612,279.7062936244817,5,2,4,5,29,2,34,Malware
99,17,19.282839342596247,4179,24.75651589165082,25629,408.75223245459404,8,6,1,2,22,2,51,Malware
30,35,14.534928392537342,1523,13.528481925850274,7004,298.4678797908318,6,5,1,5,22,2,22,Malware
99,24,15.808229003716011,2466,30.629949842321437,11703,206.6578471763582,8,5,1,8,47,1,62,Malware
85,18,15.0344182437217,4577,40.808674270657335,11769,498.21477346776993,3,9,1,8,45,1,77,Malware
60,26,14.733964738216697,3451,18.92488399872094,27008,348.0901571660097,11,2,3,4,24,2,69,Malware
66,32,25.838750131462827,3390,25.25133719439269,28103,358.05982269929143,13,5,0,5,25,1,93,Malware
76,11,22.631270898555925,4669,41.9585410958577,24394,358.63276713510305,8,2,1,0,20,2,77,Benign
76,15,11.059851347531787,1799,38.96623287786067,9245,453.34362643482575,5,6,1,0,30,0,50,Benign
98,38,34.088780574985876,4398,53.439273158661194,14800,173.54880226072135,13,1,3,5,7,1,15,Malware
87,36,17.831765460629576,3261,49.56154848251917,24502,123.66060206981469,6,8,4,5,3,2,35,Malware
65,14,21.98259203204235,2023,58.28055261430148,21167,254.68020473798418,12,9,4,5,6,0,31,Malware
61,26,26.07802900369288,2579,39.85966550566886,5361,325.96207220338727,3,1,3,0,16,1,38,Benign
93,11,23.410321300306865,1321,44.92336832058132,23100,214.28384847056395,7,0,4,7,13,1,49,Malware
71,27,14.331553072868026,4149,53.02531294072015,7421,375.68280179648394,3,3,2,5,7,0,75,Malware
77,19,28.931197204621302,4126,51.9996222412634,20106,129.56639157491315,6,7,0,4,29,1,45,Malware
59,19,8.304609187388806,3831,45.93608210131172,9190,416.28378843339095,7,6,4,10,11,0,96,Malware
50,15,22.069875041110144,3903,35.01281046869875,12268,387.2344078795989,0,5,3,0,2,1,28,Benign
89,36,13.19951669042302,4142,23.660344411536443,8461,185.57791486966312,1,9,2,3,24,0,25,Malware
42,21,23.47287103019055,4139,53.860787696770295,25365,219.38169544245514,12,6,0,3,26,1,97,Malware
30,26,11.539804432531094,1179,48.832772111865246,18906,422.8008179354162,2,3,1,0,45,2,43,Benign
94,36,28.165989656280146,3427,51.89534759792396,20289,409.3351372072431,4,7,4,5,38,1,72,Benign
62,22,11.826089937974977,3980,17.03946590736021,15321,425.5064629335705,1,3,0,0,9,0,34,Benign
67,29,31.711764049004977,4757,25.74064390946373,26112,228.89713795672512,3,9,0,4,38,0,84,Malware
54,37,30.84664714010693,2704,31.244251894982558,20331,487.8284733893312,6,7,1,8,36,2,78,Benign
55,25,15.871803560414337,4972,51.917598615028034,15652,386.1352917495885,11,4,0,6,41,0,93,Malware
88,19,16.574608666220776,1449,54.64433363573278,23434,126.08031495870189,8,8,4,0,6,2,23,Benign
62,36,26.045103730624714,2284,24.244635712764314,25643,291.0939416043776,3,6,2,2,47,0,30,Benign
70,30,7.711206139174518,4518,44.32145836328824,9712,365.818818189041,3,9,4,1,30,1,99,Benign
59,11,7.42758236527038,2660,13.89071030762817,14560,167.46007693881015,3,9,3,3,14,1,53,Malware
86,11,9.089725905018295,3178,30.478663598438057,13027,460.7075706639364,2,5,0,0,48,0,61,Benign
78,32,21.87426006349557,2257,34.333455387594256,25645,401.6434804601733,5,1,1,2,14,2,88,Malware
77,16,9.470069144932797,1903,48.281640744955794,16338,132.57270709326758,2,5,3,3,14,0,94,Benign
78,15,13.328518453189442,2177,54.59861184185602,27587,465.2792432983467,8,0,0,1,24,1,89,Malware
76,10,24.40734222620624,1329,26.86416179122281,27248,261.74787204378276,7,1,0,0,18,0,84,Benign
85,21,5.468713335101466,1636,36.386944497095065,27909,280.98779102735324,7,4,2,2,2,1,57,Benign
94,22,10.407098238604096,2889,42.372411118376206,20125,413.2432641706758,4,6,1,5,32,1,87,Benign
41,21,32.89791988627111,2914,26.434361447340734,26626,357.59907336007535,0,0,4,0,26,1,94,Benign
98,28,24.907328702261392,4683,59.27691065870222,25946,275.01147809821833,13,1,0,5,31,0,71,Malware
35,18,14.166533426696404,3100,53.78871897850123,12456,203.84986306186232,1,3,3,0,21,0,89,Benign
94,19,6.359102721835058,2867,24.820141443330833,11380,306.75829278792986,7,8,1,5,29,1,11,Benign
54,26,22.58146425237281,3515,35.39731154995242,13911,331.6718989521569,13,7,4,7,14,1,51,Malware
30,27,11.685989296773219,3687,21.54203066236222,29747,352.372939069041,8,9,3,1,41,0,75,Benign
61,17,33.805263161549995,1412,35.72519594516674,18696,342.02529983423165,9,8,1,5,49,0,37,Malware
32,16,25.60882864960534,4085,44.166617241164246,6469,346.9213985211969,11,3,2,3,47,2,14,Malware
78,18,34.22371659038318,3543,14.276054639649391,6173,290.29503798421194,8,6,3,0,1,0,17,Benign
48,19,30.466966922347,2540,53.50586024036359,19047,324.7551355996861,5,2,1,3,34,2,82,Benign
89,21,19.49082245571622,4833,39.68729342232918,9666,215.45527387827823,7,7,4,3,32,2,90,Malware
58,24,25.08689442962431,3415,59.48014492885008,9900,163.3499661137757,6,6,0,0,48,0,92,Benign
79,24,29.363215866179004,3586,11.27957536247516,6174,342.7742743409707,2,7,1,4,39,1,51,Malware
31,37,22.345354449878695,3684,51.57491755491161,25128,118.79947675078743,11,8,3,4,12,0,35,Malware
85,13,6.8446250290465755,2475,49.59815241272738,9208,126.08278542153109,3,5,4,1,48,2,83,Malware
46,13,19.113389416208932,2564,16.642625602001615,18543,198.92639847518655,8,3,0,5,3,2,67,Malware
89,32,8.917199923599197,1514,26.765281754170335,15133,177.7308050172544,9,2,4,5,14,2,20,Benign
65,10,26.445403256305113,1480,54.239810152208634,9031,249.64525257651636,2,2,0,3,22,1,31,Malware
90,35,25.418867469128063,3461,35.92271475361271,11631,248.51552511118885,11,5,2,1,26,0,63,Malware
46,21,34.787245761563405,3275,30.06407437336195,12101,146.74218229971285,8,7,2,3,35,0,50,Malware
78,34,23.864294053823233,3184,55.27482161254209,9021,198.60120380392257,4,7,4,0,23,1,94,Benign
89,11,29.00413827151825,4840,14.66722622385307,13889,101.82766784771373,8,7,0,2,39,1,49,Malware
49,24,13.048635526664977,4311,33.65613914511282,6774,240.38552409820758,9,8,0,0,4,1,21,Benign
79,26,15.200724058879393,3838,42.61870489876762,26750,418.57407102527424,6,0,1,1,45,1,25,Benign
32,16,32.51072757133512,3882,40.42707195075063,16403,206.46399539790798,10,6,1,5,26,0,52,Malware
72,15,27.65576778877235,4743,23.213822720444576,8473,357.33925841816585,5,9,2,3,37,1,35,Malware
86,21,24.65807524392913,3519,38.16564522671682,9063,139.3020715088169,12,8,2,12,43,0,96,Malware
79,28,12.620830777491207,1517,45.42808821429909,29507,104.9138687043818,8,1,0,0,49,1,97,Benign
97,10,25.957337861754954,2484,39.244270366334916,11268,299.3586088185519,5,3,0,1,26,1,15,Benign
79,37,31.60290935125854,1304,44.223111298866115,17643,284.59363046483213,9,5,3,3,26,1,28,Malware
66,30,11.923929646839692,1654,22.803936969439523,25992,176.60767936540424,5,3,1,1,30,0,32,Benign
75,35,26.183718437474695,2977,51.64244751358913,7680,214.63398254721153,1,8,0,2,29,2,34,Malware
71,23,16.810818601925263,1180,32.484476849248495,28128,112.26856277172979,6,9,0,0,32,1,25,Benign
44,13,8.563022388218599,1029,59.36119220522844,8603,419.11995063790715,1,0,2,0,14,0,11,Benign
62,14,27.90382029601046,4019,11.164266033346879,24728,220.51307853522002,1,8,4,0,29,0,67,Benign
40,10,10.014103675530091,1764,29.015768562382167,18488,187.7825677708919,4,9,2,0,5,2,27,Benign
49,10,12.58688820471114,1039,19.023752615255543,10913,421.86308042703627,5,0,0,0,30,2,53,Benign
53,30,28.488261226360766,3234,37.78047634970267,13218,115.70947990983136,0,0,1,0,22,1,63,Benign
93,15,27.26398356873913,3366,22.160254718680633,25155,213.81032683150607,0,4,4,0,32,2,18,Benign
94,14,12.62549198133185,4887,46.87389732837409,11742,205.10098477556323,0,0,3,0,17,2,11,Benign
46,11,33.22893843039102,4298,54.093293116875934,18773,205.18904579328057,6,9,2,0,30,1,64,Benign
90,34,11.458556752315745,3779,20.544217679105543,13758,104.59830366088516,3,8,3,3,6,0,14,Malware
44,30,34.808666448920974,1891,18.03388091508992,13438,473.8686875950053,9,5,1,5,5,0,29,Malware
80,36,27.136996158543184,3371,53.76785928642393,6523,445.65807960297707,2,8,4,5,41,2,13,Benign
56,36,16.77523071654208,2926,28.063595754425283,7364,265.79722275538336,11,4,1,7,36,2,14,Malware
90,14,8.91047619987452,1942,31.729181747951497,28985,278.17397412376135,1,5,4,3,22,2,26,Benign
87,35,14.61529865478841,2066,21.048475122176782,10352,309.66169806158985,5,1,3,3,47,1,14,Benign
60,18,10.812155343951462,3703,31.26574340255736,10054,291.3263490666369,1,8,3,0,23,0,59,Benign
41,28,23.65518759482058,4349,21.565003653899847,28309,411.65347653301575,4,2,1,0,13,0,81,Benign
75,30,15.7056545941387,4390,43.29637203170905,8965,295.3679714679097,4,4,4,2,38,0,34,Benign
60,24,13.85021783731571,3221,34.94382062400436,8692,175.5298682080993,8,7,3,3,40,1,34,Benign
61,22,27.713995751551163,2782,49.403022298145444,10081,146.7887547169806,4,4,4,7,44,2,98,Malware
61,21,11.917983045505492,1684,25.636405803364724,6773,467.3085733379785,11,9,3,5,16,0,51,Malware
82,14,22.60667952276514,2064,35.279750772951886,24321,119.35306367558627,6,3,0,0,14,2,40,Benign
90,11,10.83788278470637,3456,22.97616614885672,25274,459.0242173780963,6,3,3,0,22,1,56,Benign
75,36,26.443958231992866,2585,56.72369651233158,28920,376.1916768670351,0,4,0,0,4,2,88,Benign
36,13,23.7536445125779,2346,36.096783389555156,28719,261.8818744474952,5,2,1,0,47,1,60,Benign
33,36,28.94460545531093,3227,18.673124815897154,6091,174.8713794713508,8,9,0,2,17,2,64,Malware
81,36,7.054912242880369,3901,23.638282960501453,20112,224.1928845388089,11,3,1,1,3,1,69,Malware
60,27,11.303163485150645,2182,14.145098206203008,29503,311.9494795005766,10,4,0,4,3,2,36,Malware
65,30,9.63381081660397,1036,11.39079977988667,11106,362.74037747543326,5,3,1,0,9,0,48,Benign
83,19,10.716837208572098,3453,36.296091303533544,14766,376.5889699830909,9,2,3,1,38,0,87,Malware
83,22,8.090422374141522,1538,26.856146126280265,18966,278.9174846919401,5,0,2,8,7,1,22,Benign
46,21,21.862457043082184,3423,58.18867276301532,9440,249.58963735874792,8,1,2,6,13,2,44,Malware
59,11,22.802942211516637,2921,18.56656981807421,24985,407.32699639765275,6,8,2,1,32,1,57,Malware
51,35,30.30469266782031,3303,49.695632636847265,8516,470.16537491701285,9,9,0,7,2,0,23,Malware
72,24,17.53214529331288,3325,25.798572109645136,16997,465.7860042623342,5,1,2,5,44,2,45,Malware
56,23,20.97154139223343,1248,21.17686930293526,24236,320.64830847797344,5,1,1,3,37,1,62,Benign
66,34,34.73912178233333,1692,58.48184095006537,21975,131.60812703421755,1,4,0,2,46,0,48,Benign
75,19,20.955352500775376,2040,50.12882993728829,5692,129.315924634801,2,9,0,0,44,0,14,Benign
64,31,22.20728263256048,2391,41.53104457226658,22547,261.10227789443024,7,8,3,4,13,0,81,Malware
33,17,34.87752244632152,3172,44.8560518611876,16984,393.1414059570424,5,2,1,8,29,1,19,Malware
55,34,34.82388144349318,2335,59.56907374252949,29984,298.93761392564136,6,8,1,0,13,2,11,Benign
48,24,17.72091336791861,3259,39.66037044124434,7382,350.94492166733784,8,3,3,0,20,1,48,Benign
74,22,24.048404888088932,3519,15.095022540348005,26784,437.327625981407,5,2,4,0,49,2,34,Benign
55,17,19.4240752351176,3796,13.243306335069068,13596,116.13423347473727,2,4,3,0,11,1,43,Benign
51,30,26.621463549716008,2438,43.33033887369367,10842,469.5266333726647,11,6,4,2,40,1,88,Malware
87,30,33.151595634001744,1499,42.88005719625741,27359,232.3589561490041,0,6,2,0,41,1,65,Benign
92,31,14.289779251198198,1810,47.40868964890443,26126,118.71494299216434,8,1,2,5,9,2,90,Malware
57,23,29.56625511316824,2735,15.438936511630688,22867,434.1714144577942,9,6,2,0,4,1,31,Benign
94,10,24.645467983279403,1888,57.24511373775859,26542,473.66161038287385,10,6,2,4,43,2,42,Malware
73,22,13.40554403822652,4252,37.55792069553224,15314,407.44880474854824,4,1,3,3,15,2,79,Benign
72,36,28.91898974545981,4460,42.47777605106077,6584,421.8061772921959,3,9,2,2,36,0,67,Malware
66,17,17.813990575927146,4713,11.742619168906511,13408,448.5233414368146,5,8,3,13,31,2,91,Malware
95,27,8.611915264438847,4704,58.04871072577869,12413,308.94541256862897,0,7,1,0,2,0,39,Benign
46,31,34.802490718274285,2210,38.12959243719743,22126,372.18515193854176,0,1,1,3,12,0,72,Benign
69,39,17.769389989169568,2923,38.16815564973143,9513,214.58063276666692,4,5,0,3,21,0,76,Malware
67,39,21.24657642128484,4810,57.17776581151899,17030,199.88020597243553,5,7,1,2,48,1,21,Benign
90,18,29.23885192291282,4745,56.46750890918337,14055,343.57705865435094,5,8,4,2,30,2,19,Malware
38,22,33.826284053598,2986,21.01492959086208,25366,393.8431065348062,8,0,4,5,44,0,71,Malware
90,12,31.18663549880947,4695,56.55494109529646,7855,258.85622310889323,9,6,2,0,23,2,72,Benign
45,27,20.751596234047,2491,46.831064469003074,25430,260.1164321723844,4,9,0,0,11,1,45,Benign
31,19,21.37088226599346,4528,10.945036366570873,8684,481.69342718392005,2,4,3,0,36,0,65,Benign
72,14,13.426608098289886,4205,21.99215743691692,17583,307.38415750898173,7,8,3,2,25,0,15,Malware
71,36,18.884086344772513,4769,30.649007273572316,15342,494.51371032508075,1,8,3,0,7,0,40,Benign
86,34,33.405166465254425,1174,39.14112277528774,22499,445.1370666664049,6,2,2,1,8,0,42,Benign
96,15,26.80822831815969,4332,45.066486524434445,7837,355.86306024057455,3,9,0,2,22,0,83,Malware
59,39,5.356309722245988,3364,20.510519697844966,8428,103.65423717057007,5,6,1,0,36,1,72,Benign
42,17,8.49520345468223,4048,51.835025713684445,28428,218.37006466724887,12,2,1,4,38,0,47,Malware
48,33,32.71433809873565,1823,52.285766194457736,7193,267.05751377848105,6,3,2,0,3,0,35,Benign
36,16,30.461579867828423,3917,41.74994096302886,24722,361.12596389407406,3,7,4,1,14,0,25,Benign
38,30,19.584933972451907,1930,56.054695525784915,7166,258.20922923557805,3,0,3,5,27,0,33,Malware
83,27,23.50934842601776,3934,50.649121344859395,22910,431.1295540167615,6,3,4,0,36,1,33,Benign
90,23,13.689380311421747,3014,21.081182964677044,29839,365.1621086147597,7,3,1,1,26,2,82,Benign
31,24,28.78492256301272,1268,49.933843315518025,14491,238.8640341062429,2,2,2,0,7,1,34,Benign
79,19,23.099523406683197,2817,57.66010393765525,20418,413.77361893728835,6,1,4,0,37,1,32,Benign
60,35,25.844771163677454,3517,16.880322350921546,24802,221.23612574793304,0,7,1,0,44,1,63,Benign
62,30,16.247295140269937,1223,58.934894239551454,24096,125.11464289463557,8,5,2,1,8,0,76,Malware
40,21,17.91314019534442,2275,11.249639838504512,22170,169.02251455886739,6,1,3,5,40,2,41,Benign
62,16,11.230462488933703,4135,36.10836223868861,9988,101.09619710911679,7,7,0,5,4,0,83,Malware
36,37,33.441576287626155,4022,48.69465694892421,17161,432.9401120978092,2,7,1,0,43,0,56,Benign
60,37,33.39671061159723,3954,49.52190512731272,15601,350.84339836383106,3,6,0,0,2,1,44,Benign
77,16,29.532537417197123,3877,46.733628457313394,16238,328.227724301287,11,7,2,3,17,0,95,Malware
76,20,33.066653575975515,4535,36.4675686376581,21619,364.8193018216653,3,8,1,2,21,1,23,Malware
82,22,24.959841577411364,2147,42.54821610351977,18753,361.4393300006265,2,2,3,2,36,2,34,Malware
48,24,12.039556079092243,4653,44.99660928265569,18889,326.199976342278,1,1,3,11,20,2,68,Malware
35,27,27.806315665774736,1237,34.72696121069478,24718,436.96401826746745,3,6,2,0,30,2,63,Benign
78,16,14.758286277251072,3122,39.784248756731884,22458,276.37880401452816,5,1,0,3,48,2,88,Benign
79,15,18.214450678952424,4513,52.318402672878655,17638,421.92377883908927,6,2,4,3,43,2,87,Malware
41,32,13.230504915661092,1499,25.64395105729136,17704,414.6534738728974,7,5,3,1,2,1,17,Malware
52,20,17.70865753163809,2545,36.16031634843162,16082,179.80193434174242,1,8,0,0,15,2,17,Benign
83,17,25.37952096970085,4983,10.423986051275394,5743,281.50535184593025,4,8,0,0,40,0,12,Benign
98,29,8.318316839150892,1267,44.37181998883966,22389,433.97288958474434,1,9,1,3,2,2,21,Malware
88,10,8.156207869790492,2510,19.769273230742087,13204,432.34207674499316,9,1,4,4,27,1,41,Malware
65,17,25.51310036264426,1986,34.050062685688445,28408,109.60262488313401,3,0,2,0,21,2,30,Benign
32,17,28.387435003238227,2623,20.510260814022963,23234,189.22004897183484,11,5,3,4,25,2,83,Malware
87,28,21.544000541370952,4121,11.176685728924614,26285,269.54975866164864,8,6,4,0,29,0,50,Benign
84,12,10.449230422023964,4726,34.16102758490083,8603,118.86174133364374,4,7,0,3,5,1,51,Malware
86,14,17.922705450829653,4130,31.241680330535353,7260,204.24984915787746,2,3,4,0,1,2,66,Benign
46,39,27.745265671520432,4525,31.257475676219034,12814,203.31993555270287,11,6,1,2,25,1,99,Malware
68,12,25.571993046574992,4901,20.440307996443515,15420,185.8273527949948,5,8,1,3,42,0,86,Malware
97,24,8.295964334581102,1722,57.36022948740896,14954,258.6635914727224,6,0,0,0,25,1,71,Benign
84,23,34.07441542874735,2095,10.175357590534725,22672,425.2043095670577,9,2,0,1,48,0,82,Benign
74,30,11.700916426590096,4827,54.57727249986693,14208,197.6454564962316,1,4,2,0,11,2,65,Benign
30,24,11.611685137413641,4822,46.84509615697411,23537,332.8269247965064,0,6,3,0,33,2,21,Benign
50,33,18.795717432363677,1189,18.603601676663573,20168,323.0312241131853,10,4,3,4,45,0,65,Malware
50,26,14.817293870001455,1995,33.609599315177725,9582,427.1696331616663,0,0,4,0,19,1,67,Benign
81,27,34.519579659331825,2585,59.44250407541363,25883,257.5997622131394,9,0,3,7,41,1,32,Malware
72,11,7.2946931976239595,4788,42.18491184921536,9485,189.4274472538076,7,0,0,6,18,2,98,Malware
81,21,14.193175727698327,1565,16.368836190933376,5607,456.6082595939169,3,7,4,4,7,2,42,Malware
96,25,16.48166481281888,4893,32.882111942821595,9044,433.1788252347126,9,6,3,2,23,1,27,Malware
73,13,19.803769811658213,1992,33.410154828640614,12143,348.60147184289804,11,2,2,5,4,2,50,Malware
61,34,5.492192861808462,3783,50.11316664415542,7836,137.2957504493762,6,3,0,0,21,1,21,Benign
39,11,7.470863954248417,1155,55.808146641307765,19091,106.4471316852937,9,7,0,0,41,2,71,Benign
93,37,12.734289281894347,2895,14.112077164436728,5766,173.04984845653175,8,6,3,1,13,0,67,Benign
98,23,21.620062450567886,2586,25.701864347641614,17790,178.65542337460178,2,6,2,5,27,1,13,Malware
97,20,28.03314710580417,2776,24.921906344255746,24982,154.4989669952338,12,5,2,2,6,0,22,Malware
57,22,25.594860464448477,2865,59.80240624595091,19932,204.8725485206813,7,8,1,5,13,1,40,Malware
82,37,22.010747381678318,1672,37.961355834569986,21475,235.1554245025445,7,5,0,5,18,0,31,Benign
80,34,16.91698519182978,2664,53.99157480599922,5099,401.77535988247575,9,0,0,7,27,0,48,Malware
82,16,31.120835067684613,2108,31.301642472241195,16216,383.8088554544665,7,4,3,0,23,2,67,Benign
33,19,18.793176297747813,3116,46.13615752044682,12622,141.7517286775981,7,7,3,6,46,1,39,Malware
46,33,13.9775841682679,4456,24.329282115207306,23134,490.8427894135101,7,5,2,0,46,2,43,Benign
96,10,23.880053445561717,3420,55.589301174461674,25053,400.8557016681137,7,4,0,5,31,1,15,Benign
76,38,25.76344989758927,1054,32.757312049326686,5393,165.37330376800563,0,8,3,0,21,0,99,Benign
85,30,16.954107345765664,1084,50.186274865804364,14077,149.79862837198493,8,6,2,3,25,1,58,Malware
52,34,5.844298431377437,2880,22.790844167128242,13139,135.01875450420644,6,6,0,0,45,2,54,Benign
47,37,7.823945007101317,3988,44.680217096093955,8052,392.71546666357693,7,0,1,0,43,2,86,Benign
30,13,30.367966756809853,3888,30.25792022000179,13696,194.51462418893152,11,1,0,1,16,1,59,Malware
64,27,6.6964376355592385,1591,11.571971148727352,26620,129.18719807328839,12,9,1,5,16,0,35,Malware
93,15,22.760590011263968,3779,30.650412687953175,25134,268.731043771256,9,4,0,3,39,2,48,Benign
87,11,10.511281563481756,2959,37.501082087771024,6777,383.4793725601629,5,2,2,0,21,1,95,Benign
88,12,11.867788737325313,3669,17.58808069565876,28317,221.8225663384615,8,7,0,2,49,0,61,Benign
30,23,13.200018792085434,4836,19.195655259630755,17629,293.05822896719275,2,3,3,0,33,2,13,Benign
32,17,6.148741585910614,2008,33.243139916157844,13325,177.06998727601686,11,6,2,3,28,2,44,Malware
96,25,10.317058224208772,3364,27.13648562167033,7925,271.6594083485008,2,4,1,5,30,0,14,Malware
66,28,24.514999535418212,4235,32.03702690016813,28731,243.57689257005237,12,5,0,3,1,1,37,Malware
58,27,19.96151408624015,4686,33.04134946613614,11820,273.56736607500204,9,6,1,0,5,0,30,Benign
62,15,28.919872572168074,3672,17.00380218513778,17499,286.28463953916423,11,7,3,1,33,0,82,Malware
90,23,6.837263196544806,1251,19.05972876350574,5584,136.91953668356865,4,2,2,1,11,0,19,Malware
33,12,31.666948887548934,3199,52.408269673974715,13548,137.3473409082053,2,2,1,0,8,1,64,Benign
43,25,34.891955956984184,2359,18.1359344655242,19788,204.24423354196452,7,1,4,1,31,1,42,Malware
62,10,5.47219916746349,1909,43.29571665041304,12602,146.3033416463528,7,5,0,0,21,1,49,Benign
51,21,34.029201966197995,4439,30.926402338389604,10196,201.11372545897174,8,1,1,1,25,0,14,Benign
77,39,12.0758813891306,2786,58.41183429848204,16546,109.81759343354413,3,0,4,1,18,2,82,Malware
32,23,25.776294146181108,3913,13.305218094411877,14942,240.29576430090867,1,0,4,0,12,2,90,Benign
52,28,13.774503293147788,1599,51.5194433015381,23084,185.36407981734658,3,8,3,2,12,1,42,Malware
97,31,20.654386362425612,2006,34.57246155513107,14901,456.8585399511439,8,0,1,0,35,2,90,Benign
50,28,20.312555295084973,4018,10.26761854320943,8681,443.2630379182203,9,6,3,5,29,2,79,Malware
72,18,15.833164383472164,4052,23.183010946977685,13728,220.16753597348622,4,4,0,4,14,1,87,Malware
55,16,26.526403048650014,2123,30.384842627463474,23852,290.1940458070776,10,5,2,4,13,1,14,Malware
70,23,22.98909445589943,2143,25.709737672446256,13342,482.31684216468074,7,9,4,3,19,0,90,Malware
67,14,20.24831011829527,4456,28.122473200696664,14947,309.63854945553544,5,8,1,0,20,0,13,Benign
40,27,34.48517935754769,1302,55.833595456858994,23934,439.37330814719957,8,2,0,2,2,1,80,Malware
58,18,33.20027978561979,2739,28.046701619616385,20947,430.54991072520875,4,5,1,0,12,2,46,Benign
89,30,33.663075373809846,4220,30.94146897013664,22271,476.51558883908535,9,6,4,1,44,2,87,Benign
96,16,31.43971879409864,2224,48.05657767890564,16187,222.28025726359868,9,1,2,3,10,2,22,Benign
94,18,12.654660162631394,4878,49.69167828741876,9838,117.37827049881378,6,5,0,0,36,1,38,Benign
90,13,15.49928092934543,2026,14.204482589334729,23946,141.5814934986219,7,5,4,0,17,0,48,Benign
48,34,11.931638586365237,1399,45.20350172835021,12790,328.51900756477727,4,4,0,0,7,2,57,Benign
75,26,34.58530661668539,1067,34.12859768383879,19670,312.1111888643011,4,6,1,4,37,0,98,Malware
78,21,9.579856092904734,1153,16.69269466188277,11727,219.38121326961814,4,8,4,2,36,0,44,Malware
51,15,15.995352666767168,2014,23.235528197344216,10531,199.48531895973028,4,6,4,0,18,2,71,Benign
86,27,10.971332741580694,2517,12.251774865325935,20614,383.75257184517903,11,1,4,7,13,0,29,Malware
43,17,11.703614365527596,1181,28.01185944059176,14433,236.2011488010372,3,3,2,3,13,0,68,Malware
73,30,12.412636544096346,1524,22.770322016701208,5207,341.5807143731219,5,0,4,1,40,0,53,Benign
45,24,24.190120266798623,3236,29.105169869000882,25216,384.9174346033108,4,1,0,5,12,0,63,Malware
41,12,7.281481105745834,1019,39.01702737653784,24745,272.18615091992444,3,8,4,3,15,1,98,Malware
84,11,22.17589620871352,1850,46.616977601830996,7899,177.3625061906244,9,6,2,1,48,0,67,Malware
80,33,29.578587088523093,4354,40.267599327976484,29535,444.3120644215203,5,7,2,0,37,2,61,Benign
68,32,27.995713298132927,3945,43.91886511299729,16779,137.4123796995192,6,7,1,3,3,0,59,Malware
62,18,9.535150948469763,3057,53.28195603093967,27134,431.78827316950657,7,1,0,9,10,1,55,Malware
62,17,32.441952043364154,3747,53.691222173075545,25418,434.6718304590409,11,4,3,4,23,2,19,Malware
58,36,28.10271144214322,2880,53.0359674179587,23663,328.39970608749957,3,0,0,3,4,0,28,Malware
98,13,5.159075327985382,4602,17.658445773976332,10761,351.79042056945144,1,8,3,2,44,1,20,Benign
99,11,27.12120900618758,1654,22.55345667968227,14180,243.2068244337637,6,4,0,2,25,1,49,Malware
60,23,27.122650358659957,4686,35.1162652463786,11747,436.63368885056894,6,0,4,3,1,1,49,Malware
60,38,19.904482416199542,2326,27.93696470080135,27859,205.4814742245556,8,6,3,0,5,1,45,Benign
75,11,6.379472480191167,3288,16.583448413998163,12804,323.91042547124584,8,8,0,0,5,2,96,Benign
81,11,22.397178148470484,3199,24.38751173028257,16051,100.71793418402213,1,0,1,0,47,2,64,Benign
39,39,27.972402801029276,3831,58.77143808328196,6649,475.93724236874084,8,0,2,0,27,1,53,Benign
70,36,13.12622165963002,4408,27.346337774826807,7408,479.31860968402964,8,0,0,0,7,2,98,Benign
32,37,25.012046547553624,3235,30.94570341479807,15612,384.1666740588258,5,6,0,0,49,2,53,Benign
88,31,15.617785851331458,3511,10.320071092864849,14316,269.2959327426327,1,9,2,4,24,1,54,Malware
81,16,22.215644987066934,1721,45.970743989509934,19466,171.44444054865716,7,2,3,0,23,2,94,Benign
63,21,16.53697248294874,4248,30.67750327726899,26980,296.985154416135,11,8,3,1,8,1,72,Malware
78,15,14.112843980533373,3947,15.157003144758054,12542,416.56418893889486,8,8,4,6,30,2,11,Malware
57,27,30.67743426296133,3753,58.4278369152336,6419,342.10944873761036,9,6,4,1,31,0,15,Malware
42,13,27.615147775561297,2200,48.87166062925434,10695,310.9986285803035,13,2,4,6,16,0,82,Malware
98,28,15.36347401919447,1880,46.30750447163634,29510,439.7776853306722,8,9,1,4,28,0,29,Malware
96,36,18.03894924845627,3462,57.89361674208347,9173,225.25357436374838,5,7,2,6,1,2,64,Malware
90,22,25.75110253626038,1577,30.37400422585689,6735,443.98558809652553,12,5,3,6,11,0,56,Malware
89,29,29.332363417715275,1309,45.92667701462242,17328,275.7813610953124,8,3,1,4,38,2,36,Malware
53,30,25.53023788474137,2025,20.310394869272557,18492,100.96553253639584,6,7,4,5,23,0,10,Malware
92,32,21.22794742047915,1316,44.856027372606,9385,392.77680308002743,1,2,2,5,32,0,22,Malware
90,39,33.63157495793815,2806,10.703954609380142,6148,451.13735385807774,4,0,4,0,32,1,76,Benign
52,34,28.22430859224691,2532,16.315269022030705,13023,293.74433560770854,3,3,0,0,29,0,74,Benign
59,36,8.467755811738659,2019,31.262945930142426,26971,281.8991476620422,3,8,4,1,31,2,93,Benign
89,11,21.744172963760576,4643,10.604634740300408,18546,422.1793702123943,11,6,2,11,19,0,67,Malware
47,17,17.286699241869545,1367,33.09829277252096,14715,453.90989878245375,9,0,3,2,9,2,99,Malware
85,28,28.848069103723812,1554,36.1395874532502,15953,489.7680423159119,7,0,2,3,32,1,85,Benign
82,18,6.3398910157229595,3652,41.0803298793541,28079,238.2601164482366,8,0,3,3,31,2,79,Benign
36,35,17.321707098872842,2249,15.019333849680818,13902,337.8755066939939,4,5,2,6,5,1,59,Malware
98,37,14.548289460304577,3983,19.050595656360617,18110,429.16733794852007,6,9,2,0,23,1,18,Benign
81,13,9.23557953739155,1479,40.66416853585976,16901,312.74076940941603,6,9,3,0,46,1,64,Benign
33,25,16.364123459587162,4028,42.90938562313197,29242,284.7413332770732,11,8,0,4,21,1,45,Malware
63,28,25.184008345534373,2821,11.295011410513814,5004,328.7728324766946,1,2,2,5,20,0,29,Malware
98,19,15.850336550975788,4134,37.01836810575191,9919,242.74679970692063,2,2,2,7,13,2,19,Malware
62,15,22.400197260570955,4351,49.24908659994163,29693,176.83043763864848,5,6,1,0,45,0,19,Benign
98,25,22.784353878179274,1939,13.455043889269705,24175,126.65244536395406,7,5,4,2,20,1,40,Malware
67,19,22.613333811740997,1013,30.658643262325988,18512,343.9923057788774,8,8,1,6,47,0,93,Malware
55,22,20.885956518326164,3075,26.325563651505092,21220,251.65374459279772,4,2,2,0,13,1,98,Benign
30,18,8.509647070471637,1141,55.68328126760083,14758,453.1812013011078,10,6,2,3,7,1,54,Malware
33,16,11.553677823059779,4691,19.290119660322766,28276,189.18367164093758,4,6,2,4,34,2,40,Malware
68,13,29.002012287529674,4873,25.91802065722401,11573,224.28466000356488,0,8,0,0,17,0,18,Benign
83,28,20.070964667681302,1589,54.92223724956515,10829,488.20249449076385,9,5,1,3,30,1,97,Malware
62,35,26.18228947508945,2782,26.532665302998637,19494,322.51648188600973,2,8,4,5,4,2,13,Benign
62,13,22.09727240638285,1472,36.56737202927972,28208,238.70121713972702,4,5,0,0,4,2,54,Benign
49,28,6.1607076350071495,2547,11.651766861543969,8372,444.3577295233976,8,1,3,3,37,1,33,Malware
45,37,28.886413070537017,2207,59.245121808751804,26923,397.35003581411456,5,5,2,4,39,2,87,Malware
50,28,6.929725835871484,1316,51.247335393559474,26565,329.25717356637193,9,4,0,0,36,2,81,Benign
74,21,33.29522153475719,2384,41.720047237333816,12253,455.6398763621718,11,5,3,2,15,0,62,Malware
91,39,11.461307651152275,1444,13.037763654499015,26516,137.5846097630456,7,8,2,5,22,2,87,Malware
60,22,20.372184303804488,3343,13.743498068639035,9512,257.7975774119634,8,5,0,5,11,0,49,Malware
71,34,6.907641273973596,3451,37.24868153953449,22531,424.2200415302893,7,4,2,0,36,0,67,Benign
41,13,31.847971359974636,3799,24.253221810171713,8066,254.37719759586463,10,4,1,12,32,1,91,Malware
94,34,34.398207636944136,2961,41.13947237515867,8120,470.6946107046993,5,2,2,1,19,1,86,Malware
32,37,9.388775081635696,3310,39.90962409238862,22410,161.00845121913792,11,4,4,6,16,2,38,Malware
38,19,13.873596274805593,1846,51.93256991396489,8070,234.65492249330882,9,4,4,5,10,2,37,Benign
80,30,5.476232653815433,3424,24.068853035632117,27226,270.2970248597253,9,9,2,0,43,0,57,Benign
45,16,28.608964759023692,1584,38.89317622454963,17558,374.7848345079859,9,2,0,0,17,1,61,Benign
32,39,14.343929980442379,4139,48.868165941938045,10669,178.13979283687354,7,6,3,7,43,0,77,Malware
53,14,22.665124080254937,1798,34.53864931611631,28704,103.94553415195551,11,7,3,2,43,1,45,Malware
42,26,6.176555038400437,1470,51.53218324694723,28868,490.6037256748904,9,6,4,3,6,1,33,Malware
31,27,26.463808000242423,4909,16.563810078688647,15197,459.50283955834027,7,1,4,0,48,0,66,Benign
50,20,20.882118900701805,1731,46.694888257357164,9822,220.08883415510323,7,6,0,2,45,1,97,Malware
48,24,26.749407379965053,1971,57.14910457604892,16108,293.39233595203996,4,0,1,0,33,1,12,Benign
76,30,28.686929394528917,3094,26.594166049678304,17154,295.56808415481476,4,2,4,1,20,2,54,Benign
51,31,7.677285985365011,3994,28.316822120598246,22606,447.69022225050486,5,9,4,5,14,2,28,Malware
62,16,22.342763623796753,4129,14.177483859542736,15456,338.82405645866186,2,3,2,0,43,2,58,Benign
61,27,24.498321016448653,4989,42.074638978735585,14725,430.572409103148,1,5,1,0,28,1,18,Benign
93,35,20.50156261834985,3071,37.62253628174351,27567,464.79766053801967,3,8,1,7,40,0,95,Malware
68,34,10.472281947953668,2313,12.01728793661839,26177,326.3812526850391,2,8,4,1,6,0,31,Benign
71,15,28.86791852173211,3878,47.61060134856559,26992,214.1929870954823,9,5,2,6,19,0,64,Malware
38,27,34.92374986518795,4515,51.46422478725125,13983,299.4831223371916,9,8,0,5,43,0,25,Malware
54,25,34.078107572855686,3450,55.3559802070377,12748,440.34784348967366,1,5,3,3,6,2,81,Benign
31,11,28.325886949316942,2047,37.28670430853211,18560,333.44766975930224,9,6,4,3,43,1,90,Malware
48,28,17.543231683592644,2087,32.62900174508787,20015,458.2887626936643,7,5,3,0,5,2,46,Benign
49,10,15.119014935200664,4838,53.80685772660387,27931,458.1744037127925,9,2,3,4,2,0,36,Malware
99,34,7.056373973024954,2683,29.93484095340695,7084,249.34384801853523,7,0,3,1,48,0,44,Malware
46,39,17.488589112550713,2651,42.772156261728085,23938,279.2455582384313,1,3,4,0,6,0,44,Benign
97,35,9.681457931953972,4681,40.76811282004631,16795,371.16550409638785,3,0,0,0,14,2,87,Benign
32,20,12.630041405180853,2262,28.608054990925595,6681,144.42578208519598,3,9,1,2,14,1,61,Malware
80,29,31.756603195320533,1282,14.344496878302406,8722,286.22288697550243,10,0,2,2,30,0,50,Malware
55,14,34.05576894533657,4513,11.070776933534285,7036,159.75417805725573,1,4,1,0,45,1,31,Benign
85,25,33.456770013972815,4371,31.41188702676936,28487,439.18247365054657,6,7,2,3,40,1,31,Malware
93,32,10.800670575301726,3140,34.06007874116784,8157,477.11377230706233,8,0,1,2,24,2,84,Benign
37,10,32.02682624705969,4648,51.133913409494596,16917,156.61955021258342,8,4,4,5,30,2,29,Malware
66,28,9.245159027007954,2398,30.72058249557356,15651,366.9365701583558,4,7,4,0,11,1,55,Benign
56,23,20.229806236284496,3733,24.057993736673463,12555,354.61729163940595,3,2,3,1,14,1,43,Benign
74,12,24.309901017931203,3357,33.10482340375766,28951,404.0299204138648,1,5,2,1,22,2,92,Malware
33,11,18.874006193012562,3935,21.89952402120106,13613,378.31186114882655,3,6,0,0,3,1,71,Benign
66,33,33.55512306250426,4818,14.568030555747827,22342,186.8516141261586,8,9,4,0,29,1,19,Benign
62,14,14.996381692748153,4238,15.652151684305363,10452,216.48506169812865,11,7,2,7,48,1,22,Malware
60,26,20.821329892941908,2772,25.957722994846378,20350,166.0928862672424,8,2,4,4,46,0,17,Malware
84,37,7.263498064389909,1006,10.633820877924535,18971,468.4575996246697,3,0,0,3,8,0,95,Benign
41,27,30.56673740234471,4893,21.010164334061905,23601,308.72938604759383,10,9,2,3,49,2,63,Malware
40,10,17.40090187831834,4114,49.37615704661769,24213,490.4644608323701,7,7,3,2,7,0,25,Malware
61,24,26.01596346775992,1787,21.730859621515542,5227,279.7287405731369,9,3,2,0,24,2,26,Benign
86,31,25.467368931482547,4411,15.536475551975794,28877,321.08926849711816,4,1,0,1,5,2,49,Malware
67,18,25.287886785027403,4224,57.454027999726954,21388,415.7175687985899,8,0,3,2,20,1,58,Benign
89,36,20.20814836272323,1042,41.12350581758097,21535,418.8894639287868,5,5,4,1,5,2,71,Benign
48,32,13.32556371643522,3772,13.001297471783293,17444,192.45983691957338,5,0,3,5,49,0,28,Malware
85,14,23.752836756841592,1200,13.11219832474514,16521,215.3131464519085,13,5,4,3,6,0,58,Malware
43,37,33.85374511433655,3942,40.606106284958486,8077,139.12273501901558,7,7,0,0,28,2,47,Benign
62,22,30.018477678389416,3714,37.00644010324558,27817,422.18580063012615,5,2,1,8,15,0,91,Malware
39,28,8.263046946613297,4803,13.418738619649242,8971,417.5446086773369,4,5,1,3,26,1,71,Benign
93,37,5.695622047596503,2688,21.21577374866677,6004,132.50352326344145,9,5,0,2,45,1,46,Benign
93,37,19.96914070611304,1547,56.45214572427941,28685,202.97303627402945,9,4,4,5,21,1,24,Malware
91,33,28.274880551442084,1225,38.60054052405087,13002,279.9468040384686,4,2,3,1,21,2,94,Malware
97,19,14.41707659501622,4905,32.01626990739151,8660,316.7115774331654,9,5,4,3,9,0,70,Benign
72,29,26.037148337126826,1632,22.507770596018304,24902,309.0176876254575,12,0,1,4,47,2,65,Malware
88,34,32.95763792716427,2544,16.68490211509355,11489,493.2301150776543,8,3,3,3,44,0,16,Benign
81,30,18.769535208040068,4410,30.131584205534054,20475,405.65017992235823,8,7,2,7,41,2,45,Malware
48,23,12.324789686918656,2358,56.118327966565026,14814,145.27512888874247,7,5,1,4,10,0,95,Malware
50,31,32.532735862407414,2204,12.435569783877085,24011,217.40095117643637,9,3,0,1,48,2,46,Malware
51,30,19.167918920111447,4604,59.54894079714333,9708,238.17089465872377,2,5,3,1,25,1,79,Benign
38,35,17.2351792002533,3993,20.39063601010039,11087,226.0592269803087,3,0,4,7,21,2,49,Malware
38,21,15.600847146227718,4343,30.438368019950463,28201,414.37826259013053,10,2,2,2,34,0,87,Malware
56,20,17.690508573164394,3241,12.252565408285879,27840,244.22450615561874,8,6,1,3,31,0,26,Malware
46,32,25.209735625470746,1537,39.23911015540156,16684,296.9706876354039,5,0,3,1,2,2,10,Malware
73,16,18.011588816604622,4868,34.17776327004958,23309,313.38166713707415,11,1,1,3,42,2,53,Malware
74,26,14.726716656776604,1480,43.33535173673899,10702,208.16946931532323,6,2,0,3,40,0,75,Malware
37,27,27.309129966791588,4169,37.13390636457363,29748,229.07831871212275,5,3,1,0,16,1,51,Benign
47,16,11.089142810731886,1429,29.90888923235345,14318,411.99902752829325,11,5,4,2,35,2,54,Malware
62,33,11.058011739226643,4583,46.887834890583534,5227,446.6731855625782,3,8,4,0,49,0,55,Benign
30,29,25.8930660964687,4802,11.251056389347887,28684,114.83204108268446,7,0,0,1,31,2,64,Malware
35,15,31.001195905684195,2350,37.051451043729756,8643,342.061824150132,5,3,0,2,12,1,30,Benign
70,20,12.236325184913882,1944,15.693810191450465,8728,353.3742047097147,2,3,2,0,23,0,14,Benign
84,21,10.733749249292886,3958,31.800416654291666,14426,394.923680619012,4,5,3,6,42,0,93,Malware
34,35,25.10917643872257,4856,49.55626584290082,10228,377.5387092847707,3,0,1,0,44,0,50,Benign
88,25,23.624075653194584,2928,17.123037313020006,20716,450.96979646532867,5,8,0,1,38,2,95,Benign
47,28,18.417570395588367,2823,56.79051743862426,16958,131.38892490064626,7,0,3,1,17,0,49,Malware
78,32,7.8758191954498376,3625,54.425234619570226,26000,255.34889541188085,7,9,0,2,44,0,96,Benign
94,36,7.753562929456202,4898,30.745253543334925,25099,412.83577925606926,8,0,0,0,14,0,74,Benign
83,28,28.320253671330633,4487,10.29874203629683,9521,438.63200477110365,8,2,2,2,33,0,22,Malware
90,20,18.553073521870566,1110,49.4872413337243,23505,205.9073753122633,6,0,4,2,48,0,97,Benign
37,25,30.739012737246767,1211,54.04479017061414,28647,334.1136176160568,1,3,3,0,48,2,98,Benign
32,32,22.24200954616587,2706,18.73690461777163,12296,172.3060061937219,12,6,2,1,6,1,77,Malware
54,37,23.56214423652898,1850,55.80961044082785,21726,440.3577399396999,1,8,4,1,23,1,32,Benign
98,36,33.02583325725661,3925,55.704863864734804,27928,392.17205962041544,10,3,0,3,48,1,13,Malware
84,21,9.93847682118314,1986,33.56454255170952,16123,188.82603159965524,4,5,2,0,49,0,49,Benign
69,36,21.290726878909876,1995,49.901740539892096,25701,349.5092611262357,3,1,4,0,31,2,70,Benign
79,17,6.744157998981043,3618,32.24739891359942,17927,303.7281503994154,3,6,4,1,40,1,67,Benign
62,12,15.767751436463573,4101,38.20231329593089,20194,203.53069248651803,3,7,2,0,5,2,93,Benign
47,11,9.442954994036155,4338,25.991950490488165,20864,457.2490405917637,8,2,1,4,3,0,26,Malware
86,37,10.635078868537118,2999,17.973467266041222,14550,159.13571907793357,4,0,2,3,38,0,39,Malware
45,15,33.04384160181584,2910,47.326829190701595,15613,286.9839210594731,1,1,0,0,28,2,33,Benign
67,25,23.320475846146422,1665,10.069642225956784,9832,333.1193138604019,4,1,1,0,31,0,47,Benign
70,29,31.764743995694428,1349,38.97763448243907,18427,429.41825853082236,7,5,2,6,17,1,68,Malware
36,33,18.305605531722488,2537,53.23430131892319,8174,160.07196494703342,11,6,4,5,22,2,72,Malware
82,38,22.9293003999015,3977,21.063864338822526,17852,343.66984327938394,5,4,3,3,47,1,73,Malware
92,24,5.962835365787791,3728,26.64497283990012,13054,102.62389755794091,5,9,2,3,13,1,80,Malware
61,23,19.085066968230024,4285,39.37429264322314,22410,429.0325256937725,3,0,4,0,49,0,61,Benign
67,11,21.921700200313644,1250,22.343512326557004,27333,193.8929796569126,5,4,2,1,44,1,63,Malware
51,29,5.50333142796635,2566,52.37434286653915,26023,388.36612558041753,8,7,0,1,21,1,24,Malware
45,27,28.68467530470921,3366,28.330158355627752,21129,340.7511157179247,3,9,0,2,47,0,65,Benign
81,23,13.862689528298166,2206,39.08068599099431,6103,120.05095318308304,8,1,4,2,21,2,79,Malware
58,27,18.574612248823108,3932,21.306057379960436,24067,173.29200642855523,3,7,4,0,6,0,63,Benign
45,11,21.068908559144734,3236,12.069316849549285,9944,207.09627835508758,9,5,1,0,10,1,90,Benign
46,10,34.765914593853,3772,18.685013300683032,11964,454.6910751957508,8,0,0,1,40,0,70,Malware
93,29,7.975524406225486,4198,12.309946880440162,13587,292.32135546904817,8,9,3,4,14,2,53,Malware
42,11,21.65838686673494,4875,33.43019498066096,16131,465.40128724212263,5,8,0,1,23,1,10,Malware
85,18,20.917824374008077,2319,39.33186954590247,17676,118.97996021658966,10,7,0,6,7,0,72,Malware
34,18,7.067290868095465,4094,12.233760384272637,16523,102.62554948644703,8,4,3,0,24,0,68,Benign
41,25,24.01815080585374,2945,14.524111076896641,28887,479.29864828213005,2,3,0,1,15,0,12,Malware
70,20,13.605633016814318,4601,34.27625134051755,28761,389.56676268031407,4,0,2,2,23,0,22,Benign
32,36,8.11303898493862,1078,49.95899661004881,14726,413.32671928546114,3,1,2,4,5,0,20,Malware
62,32,10.359257927553582,1545,41.400458945785964,13236,466.3222456406713,11,4,0,1,41,2,70,Malware
79,15,29.708096996461784,2493,15.235511005193471,23363,493.81547691939835,7,4,0,3,20,0,21,Malware
85,21,8.123742873121817,1923,54.37711369207474,19739,139.0848671647879,3,7,3,1,10,0,91,Benign
38,12,19.007821647209738,1618,55.87251173948734,6864,163.3165376488424,2,4,0,1,23,0,89,Benign
79,39,10.858193635376637,1304,26.247841392473045,15466,175.42937958152459,6,4,4,0,49,2,42,Benign
58,21,9.869595862550362,4519,40.80088959406811,25828,427.36706351421344,4,2,2,1,27,1,50,Benign
68,39,11.171352782512177,3246,34.61635750923559,24485,242.219965279699,3,6,0,5,43,2,13,Malware
74,32,19.78348803558861,4262,57.10118843149111,8433,337.3085788931743,3,5,4,8,46,1,97,Benign
46,10,12.133652633347138,4303,35.437426647436794,19422,442.0887648005923,3,4,0,1,31,1,56,Malware
85,18,7.90198851057681,2597,57.99829068560321,13995,373.2639359018013,2,1,1,5,6,2,55,Benign
75,29,29.04202607741506,3601,19.967127526510303,23453,126.16615758939962,10,3,4,7,48,0,63,Malware
96,31,21.19464209515057,2047,27.276837884783998,17672,278.2695426899294,11,2,2,9,13,2,80,Malware
98,15,9.705609571057165,2698,49.06726200480687,10140,127.00002064291529,4,6,2,0,28,0,18,Benign
43,20,19.1428954589651,2484,49.18053677966839,18999,291.53741787422365,7,8,1,3,16,1,92,Malware
96,12,7.0508749961872965,3230,46.60916369783526,18778,187.72108615720026,3,2,4,5,17,1,79,Malware
52,13,22.412895908562753,4504,52.980573233265204,22863,100.52327981003874,10,6,4,5,46,1,45,Malware
90,38,15.209144587939447,2868,45.12730864719061,20108,425.260716716818,11,8,3,2,47,0,67,Malware
52,36,8.105855888904923,3654,41.80425722361169,20350,487.7531377611438,8,4,0,0,31,1,95,Benign
56,19,10.509315496051922,1082,32.94625065387561,6703,485.6530727083662,0,7,4,0,10,1,95,Benign
83,28,15.371081145521796,1092,33.354387166466346,9316,219.6740775053295,6,7,3,0,31,1,47,Benign
39,38,29.192223628767284,4349,30.308074660212082,15204,431.50944402513727,3,6,1,0,39,1,52,Benign
45,15,10.2126708868947,3664,41.01058998519102,9686,371.510760565967,1,0,1,0,42,0,76,Benign
70,10,8.28992664478395,4156,30.333196461649678,27001,420.03055611973457,2,4,1,5,6,1,34,Malware
84,17,20.478170193970527,3620,17.374715704329848,9908,438.4952193050108,5,9,3,0,46,0,87,Benign
90,17,21.760908919407946,4279,15.326480810432338,8230,492.1114956205329,5,8,2,3,20,0,14,Benign
78,34,7.707239530022515,4741,56.22361376218889,29718,160.6918550668178,4,8,1,0,49,0,27,Benign
81,15,13.53453437621906,3628,11.236945376894155,6849,407.89840959372077,2,5,3,3,41,2,37,Benign
31,26,12.882921137427623,4048,15.273363090282624,9020,393.6614416328017,10,7,3,5,21,2,39,Malware
79,28,10.58664828383346,2467,32.26524373227933,13236,215.09433507540695,6,3,0,4,16,1,79,Malware
72,10,14.469143816019614,3024,23.146313345218992,21834,257.0350223213794,8,8,1,12,25,1,27,Malware
37,24,6.113255346148899,1773,30.292445020107298,6259,170.7032190697972,1,1,2,0,39,2,34,Benign
88,22,24.54649348860435,3900,15.872369079694167,14195,465.3092772343068,8,1,3,1,36,0,43,Malware
94,30,34.65461435101523,4817,16.545346842368698,9777,451.7342899197086,4,6,2,5,43,0,81,Malware
41,12,24.021403024077465,2393,50.032895436255764,28776,345.6140058405688,2,3,2,3,34,1,80,Malware
33,39,15.832293516313587,3698,47.955437205015194,12575,304.6519999538826,6,3,1,1,8,0,72,Malware
70,11,25.037309034370306,1791,15.212643286230717,29370,193.15534415337947,9,1,1,0,14,0,34,Benign
36,12,22.14547763070729,1475,43.389520744951,23380,415.84142281198694,3,8,0,4,49,1,74,Malware
98,18,30.40273791762034,1503,40.46556616777417,16680,103.28196492815684,10,1,2,8,23,1,68,Malware
98,36,23.656236829460013,2870,45.66813613401148,19482,285.1146766288192,3,8,2,6,12,1,75,Malware
59,25,24.02229063863746,1230,33.7224452281237,9888,444.22047085054277,9,4,3,1,20,1,72,Malware
35,33,11.649925648189802,3925,23.499341376672042,28520,347.3941337731012,6,4,3,4,24,1,21,Malware
48,22,17.4688171561278,4431,43.18395846782639,16224,354.0491366286515,8,6,3,2,13,2,53,Malware
95,28,15.332481807670316,2586,28.5678713261411,22878,128.28297024777768,5,4,2,4,33,1,63,Malware
39,36,5.342755622112529,2774,20.947645050608024,17304,214.68189177836206,7,5,0,5,34,1,35,Malware
45,27,14.39842188167184,4090,30.43145068596416,6578,369.5448822384728,8,2,4,1,32,1,63,Benign
66,30,19.581863729688507,3737,48.1634917800477,22619,119.84692050123309,0,2,3,0,42,1,95,Benign
61,21,22.995458996302432,3256,33.789659826810095,14207,232.37430139425382,1,2,4,0,29,0,40,Benign
76,37,33.03706840131366,4970,24.993213171671105,18004,241.57782542394776,8,0,0,1,27,2,31,Malware
72,38,12.173412780794491,1130,51.59343074119141,28377,299.4873556136974,10,2,2,4,38,0,57,Malware
65,21,9.57286973325675,1742,54.08218775904674,22943,244.9501009538655,2,3,4,0,13,2,17,Benign
55,10,31.083370669968744,1383,31.662521188633736,14760,281.64701498556127,5,5,1,1,49,1,89,Benign
39,29,33.255424822653424,4163,28.73440103634473,15178,318.79893857824106,4,3,2,0,22,0,37,Benign
60,17,19.63862745743253,2566,40.63494735094825,12888,151.33913661461486,11,2,1,5,7,2,87,Malware
58,26,8.45649683750156,3409,12.898722302895651,9575,172.19016586959884,8,7,0,2,7,0,77,Benign
34,30,19.561648978309137,1760,44.56615802837986,8856,433.0043977422712,12,4,4,4,29,2,33,Malware
30,37,8.283299813098063,2147,49.11438026886234,9139,283.907176987919,2,2,4,1,40,2,92,Benign
32,29,31.49556736101988,4952,29.87209636285858,29216,242.06082953857742,13,3,0,2,14,2,34,Malware
96,31,26.2445031384875,1942,18.730792500369823,8527,273.5526056726717,13,3,0,3,2,0,56,Malware
64,16,12.234110531300118,3695,11.440918757043175,20870,169.9274211247984,1,2,2,0,7,0,26,Benign
44,18,31.600720799503602,2296,41.86227997435499,18162,195.93890190103957,13,8,0,5,17,0,75,Malware
96,26,24.137051871479578,3402,23.449670331745487,27882,306.2094170266138,3,3,3,2,33,0,17,Benign
59,36,33.59790010162605,3147,33.194479356064214,10819,243.57059852058578,11,7,1,5,22,1,71,Malware
72,19,34.414395470316414,3778,29.31777608287654,8868,290.18244120208453,2,8,0,2,14,1,46,Benign
89,13,5.098453677071543,2639,18.744239797373133,25835,159.88186912861573,4,6,3,5,1,1,14,Malware
69,31,8.606426270826372,1300,35.418433423035204,20230,162.58733292921272,1,2,4,2,8,0,55,Benign
94,35,21.40766992420507,1608,32.9796761370369,12304,253.5772078530518,1,0,0,5,41,1,13,Malware
58,16,33.675586234018745,2851,41.20738114349162,17761,251.5430530781587,6,8,1,9,8,1,68,Malware
48,16,34.827009065290866,1881,22.594249726489338,29478,453.33293740991473,3,3,1,0,29,1,79,Benign
32,17,22.0222380591056,3250,20.73195399267029,19127,113.38055229552695,9,2,2,2,17,0,38,Benign
65,39,10.214044668356909,4092,50.717252987823606,27123,497.14217666101734,1,6,4,0,27,1,17,Benign
72,35,9.891500600261185,2221,45.109612248202076,14693,482.6092236906008,9,9,4,4,45,1,57,Malware
44,33,27.91573274342415,3159,48.610322584578164,5814,316.9003802631986,4,8,1,0,8,1,83,Benign
70,33,22.758130361188933,4220,16.164490587751402,12584,387.5031047820109,1,6,3,3,6,2,70,Malware
65,17,21.463216967982888,3428,21.20198216635088,18378,474.1018629926981,9,8,1,0,44,0,62,Benign
62,25,18.972947699015492,1754,38.776575810181996,25449,200.47756234143486,3,6,0,8,30,2,83,Malware
34,21,26.75403879745045,4001,52.860067343645404,19655,226.25224322564338,6,7,2,3,23,2,73,Malware
43,24,30.741625370190366,2206,54.60573215842351,16517,144.3698733592463,0,7,0,0,15,0,25,Benign
97,17,14.088742435869088,1795,51.59549811274636,6323,325.5384469300218,9,7,4,4,41,2,85,Malware
76,31,11.627533015276718,3384,12.169897304221369,29580,163.7793502682091,2,1,0,1,14,2,34,Benign
83,18,25.10597498944827,4409,51.043959232786314,21221,472.3482465589418,7,1,4,3,27,1,88,Malware
33,12,32.4419727216486,2994,54.95455887605409,14450,272.6267388423796,2,1,2,0,3,1,73,Benign
38,31,15.444723204322587,4885,12.837454507632604,7034,467.8746904802703,3,6,4,0,12,1,87,Benign
82,30,13.17344657532246,2323,30.814044688849403,27974,182.03996065362958,8,7,2,0,43,0,69,Benign
89,25,11.783438907068586,4672,36.83051616483508,10966,377.61458979453255,2,9,3,8,3,2,79,Benign
75,24,12.634727230898925,1221,21.637518644174982,21583,359.03683122145225,7,0,3,0,40,0,76,Benign
83,33,9.048000288809433,2011,35.83428280185553,6705,259.8702721803314,6,7,2,4,1,2,36,Malware
66,13,22.903346828250605,3807,54.297789398053226,25315,459.33725084237045,5,7,1,2,17,0,26,Benign
52,29,13.424782059837671,4480,53.347125317288224,23452,273.9208203689025,0,4,2,0,18,2,98,Benign
56,38,23.448330849737136,1688,56.99186406287404,8758,179.37221218580697,6,2,4,0,10,2,44,Benign
99,25,7.490970485377043,1117,34.2054899197271,24227,490.7941524585184,3,0,3,0,12,2,78,Benign
95,19,8.463703763536373,1173,30.528347264696006,7196,276.59256119942347,7,3,3,0,17,1,71,Benign
90,20,21.08425783390834,2242,43.28939095161767,7133,183.2291910710939,12,6,2,2,22,1,91,Malware
80,35,20.34592833428042,4447,30.838028880051706,18413,245.45306419257145,2,6,1,7,42,2,93,Malware
79,38,13.14529780213666,4801,12.097229800042888,7578,345.4037826148748,7,4,2,0,14,2,36,Benign
48,14,29.813925548616275,3366,45.99607260852275,27590,304.811014244549,9,5,4,5,41,2,53,Malware
30,20,10.611414946026484,4660,24.04919706414119,18939,354.0468091321068,8,8,4,4,8,1,90,Malware
69,38,15.819833725495583,4159,12.454265613359524,23981,364.7429114073908,2,6,0,0,17,2,72,Benign
61,22,21.665351182172067,3044,11.031053826345207,5813,149.35241268513516,4,1,1,2,15,0,65,Benign
51,24,31.01633307546094,4979,56.568063428865905,11551,225.95398558941176,2,1,3,2,6,2,17,Malware
95,15,17.556529255003298,4149,22.603800432208445,6627,399.4803963153072,7,1,4,7,7,1,66,Malware
69,25,16.958028663227132,1440,32.39495962615318,26000,360.14689966138405,2,1,4,0,32,1,85,Benign
67,24,22.38612284095384,2224,57.52882264494277,8592,135.33933473043263,3,4,1,0,48,0,70,Benign
77,20,14.500862463886888,2599,33.37584893903626,7580,226.05903419913673,8,9,2,0,43,0,12,Benign
84,29,26.275197594787684,3462,13.930466176315566,27622,472.5288597479254,10,4,0,8,9,0,56,Malware
84,11,12.460878220010141,2027,37.596802362332966,8932,444.80506235337657,5,7,4,4,20,1,23,Malware
80,37,29.695879908206365,1949,14.40993267270326,13487,368.2571410318089,6,4,0,0,42,2,54,Benign
89,37,13.170602394003835,1082,14.754393918676818,12113,129.14552821457227,11,7,3,4,45,2,88,Malware
37,39,34.781034868715366,4776,52.57385369012299,8251,342.8220746350876,4,5,0,1,39,0,48,Benign
97,11,14.493874229829279,1988,24.471077168229474,21259,104.87525273584728,0,9,4,3,2,0,76,Benign
38,21,31.364784159655933,3540,43.93351000562181,22538,364.45056206787734,1,3,2,3,18,1,33,Benign
31,25,16.92067862318172,3053,35.44621676643309,21916,392.48461960262205,5,9,4,4,38,0,71,Malware
99,28,12.38164526092791,3752,21.116334560220707,10127,298.897447841797,3,3,3,1,2,0,11,Malware
88,11,11.784897513810657,2752,35.89101493266038,5887,101.52265776040745,0,2,0,0,15,1,78,Benign
48,26,30.50573845549635,1346,13.449676794987639,24656,366.64404736155547,8,8,2,3,11,2,77,Benign
57,23,14.262589589386302,1533,27.36061747948547,24309,427.89603421556427,8,4,2,1,3,2,11,Benign
43,33,15.15689026879241,3704,36.14181125102458,23816,334.3469871924691,5,7,0,4,9,2,71,Malware
53,37,10.909791675168217,4002,21.419716904282602,8597,383.6790018927034,8,3,0,0,45,0,20,Benign
73,25,33.839741543486504,2820,43.00940650906802,29395,136.128543728868,3,2,0,0,43,1,26,Benign
85,14,12.342318217964902,1450,12.590596084815338,19883,386.12874067047363,11,5,3,2,23,0,21,Malware
80,19,12.423308569448361,4216,34.24049489353135,10525,345.6771848166461,2,5,2,0,45,1,92,Benign
61,26,33.31693670764088,4073,45.74978906446917,15612,232.4078900123338,8,5,4,0,43,1,86,Benign
79,22,32.026965649855484,4359,31.49730294783864,26002,374.13359812192584,6,1,3,2,10,2,92,Malware
70,25,12.467326495397305,1917,53.7293207659469,8480,358.233152963768,10,5,0,4,37,2,93,Malware
95,18,30.941767085539677,4942,41.60963906203328,25990,339.7840959995657,5,4,0,4,24,1,30,Malware
54,33,12.494696392583506,4296,57.92464580293689,20298,173.1781613265691,6,4,4,3,32,0,65,Benign
90,13,7.533924945586233,1953,24.206090638748936,13403,218.48868990348177,1,2,4,0,4,1,40,Benign
95,33,29.610840451874754,4508,56.93946654273736,24056,496.553108706294,6,4,4,3,39,1,40,Malware
71,38,28.146744734458586,1213,40.341129494284836,9032,273.24366962464785,8,9,1,0,7,2,78,Benign
94,37,13.840013650744144,1899,47.25894496066993,29920,123.77060942197443,4,0,3,0,29,2,49,Benign
65,38,7.7041695536782795,2189,55.10805585217235,16274,459.60212432553107,6,0,1,1,45,0,11,Malware
38,35,11.193166534314432,3420,37.55985939959105,17623,169.17283496998675,7,6,4,2,46,2,20,Benign
65,25,28.131697127193963,1652,53.10903959748327,18651,261.40792778559853,7,9,2,2,29,1,61,Malware
67,32,33.9424344482728,4900,37.08484697940277,27377,211.19956538439877,8,6,3,0,9,0,33,Benign
62,36,12.770062153834747,3554,39.959946380861886,27387,485.5501812647052,8,8,1,0,42,0,57,Benign
71,20,29.547764031063473,1982,32.25492864486928,12425,251.23943156391903,3,8,0,5,46,0,71,Malware
90,16,11.837979720114632,1575,17.281927592005143,17892,383.48678556414205,9,6,3,3,2,0,11,Benign
75,26,25.388011754752508,1332,37.675161667443334,25230,339.35318877282793,8,9,2,1,3,2,99,Benign
90,31,7.50840407094579,1211,58.87241151330905,25400,117.19006864074144,10,8,2,5,41,2,26,Malware
47,22,22.5588692114678,1288,49.359299786614216,21679,253.72587139986956,10,9,4,2,28,0,69,Malware
99,13,13.075696735841545,3657,47.37492423767182,12724,256.0087850425451,7,8,4,2,20,2,64,Malware
44,23,32.77537846200971,3213,42.16544013648148,21309,495.93333016180463,7,2,0,4,42,2,58,Malware
77,19,13.692526663368609,3173,27.395433674362227,28768,424.77148042342014,7,3,2,5,4,2,84,Malware
42,19,16.953220845869197,4228,18.480759723918922,9483,442.6617104486087,8,0,4,5,30,1,64,Malware
72,19,30.22037333463743,4833,21.22758008213449,19113,225.4084680084699,7,1,1,3,31,1,51,Malware
89,36,18.14823747640383,4644,10.316104477132505,6496,231.6218460453359,10,7,4,2,41,0,86,Malware
86,21,12.152367553847553,2055,43.67402104491774,16271,306.2422833743115,4,8,0,6,22,2,99,Malware
46,11,21.426329626828917,2930,50.59387792782169,22951,352.40605309137425,2,8,0,2,9,0,29,Benign
79,35,30.199735869499456,1273,23.44556755990299,27417,391.31739524601323,7,8,1,0,9,0,81,Benign
61,32,17.995328360139574,2324,14.592519982213595,26834,428.3207423144752,1,0,3,3,31,1,73,Benign
51,18,8.986654676146028,4092,26.786353391095894,6975,449.2808877362217,8,7,2,0,16,2,93,Benign
84,38,16.492607393435506,4595,24.602561470848897,9132,109.85036433361634,1,4,0,0,35,2,84,Benign
86,14,33.63425399282574,4827,32.54381803888659,12398,418.4383532207734,9,2,2,3,22,1,37,Malware
42,17,7.1606486109731655,3662,23.205102716050547,9278,344.33479591721346,6,5,1,1,46,1,84,Benign
76,30,17.253355173440596,3323,26.986635267251454,19627,312.83391178698787,5,3,1,4,31,0,82,Malware
91,23,24.440863818204964,2030,55.377738967462136,12925,351.38653474333347,2,0,3,0,13,2,45,Benign
83,16,7.355531786354685,2882,26.74176764448031,18833,452.7752983076753,7,2,0,3,28,2,36,Benign
58,16,15.348576410092043,4063,49.27590233649485,9165,318.11635772302566,9,1,1,0,49,2,15,Benign
51,18,33.217350618207895,2478,41.29168501122297,29812,164.87520235958686,8,0,4,10,39,2,37,Malware
94,12,5.919070766184298,2153,26.87689728156869,21847,274.710860078136,12,9,2,5,39,1,22,Malware
58,23,27.552256385178293,4370,50.88941348901752,26621,469.78381342368453,2,8,2,5,7,2,96,Malware
77,26,30.241248984079885,1096,39.75380347981324,17478,425.7935027629018,6,2,4,1,25,0,56,Benign
34,27,13.311821762532505,1276,10.430936379945019,5929,181.21824056597245,2,0,2,1,48,2,20,Malware
64,21,11.441431085594367,2308,13.43641007861999,23270,385.657500309187,1,2,4,3,1,2,94,Malware
75,31,32.44462680758622,3847,47.63197797261594,12673,202.49068859569263,4,0,2,0,46,0,48,Benign
64,23,27.920050864421732,2196,32.32638947925972,12671,239.41479879611117,10,0,1,2,35,2,33,Malware
74,35,8.40142128821007,1331,30.275389587177028,12918,287.5669455903218,6,8,3,2,11,1,84,Malware
42,35,11.365917665492088,3252,17.2913592097904,8911,276.34785114427666,2,0,0,4,34,0,54,Malware
39,37,23.640654649776632,1102,17.86592969806351,27928,111.71193067205772,9,4,0,2,18,1,99,Malware
95,22,17.582507866906774,4051,49.887622504795026,19202,409.60368999206617,3,4,0,1,31,2,57,Malware
99,23,20.125231113136994,4696,51.45085669807276,9412,438.5543976673786,0,0,0,0,16,2,51,Benign
54,18,33.54627305306803,1954,38.00012703193646,5717,312.3772958717317,7,8,0,3,46,1,93,Malware
73,28,17.607063895759218,3407,24.75639049028437,11365,169.18043314737545,7,4,4,4,30,2,68,Malware
89,35,31.45045987442807,4202,56.635040833391514,22041,199.1752101941376,4,1,1,9,37,0,38,Malware
76,11,24.822341559817197,3086,41.19811954976133,6212,150.5336843036591,2,6,3,0,25,1,77,Benign
69,20,8.648583761406686,1306,49.83210597258941,11435,167.8025017332214,9,8,0,4,28,1,91,Malware
36,26,27.33521109943159,1883,10.164146014410772,20284,450.55895751183556,1,3,2,0,24,0,55,Benign
75,11,20.606272218689444,3567,32.515980043768025,5757,292.0651163639983,8,4,2,5,34,1,67,Malware
52,28,11.752917511759657,3925,53.54745431599779,11902,144.4053871402942,9,8,3,8,21,1,21,Benign
75,16,13.686479692468943,3093,26.911664161636065,10536,201.89810479547478,7,1,0,0,49,1,41,Benign
42,27,21.71997274252254,1193,46.32755884361405,24862,479.80056649203846,4,4,0,5,11,2,17,Malware
50,22,23.05107470437379,4589,42.88374125643227,19271,303.7062760557096,11,5,1,2,27,2,98,Malware
30,14,34.0452921208844,4951,17.61091831771497,10572,306.25371852826726,9,2,2,4,9,1,20,Malware
48,27,30.6416040923178,4641,48.745191362720256,27453,310.25794552062735,9,9,2,0,16,2,35,Benign
89,32,11.175178609858285,4240,15.626339515639945,26863,144.64672574723875,10,8,4,1,11,0,50,Malware
62,35,28.219762117014366,4193,46.39570482859703,16867,488.1254634642592,6,9,2,4,14,1,69,Malware
33,33,5.2487542445493665,1248,59.548416838954715,10125,133.7942989392858,7,7,0,4,43,0,28,Malware
32,33,8.89425383495432,2012,57.899071590588136,20492,380.01536843494534,2,3,0,3,15,1,57,Malware
81,38,10.991012481988495,3254,50.012087152850235,10093,123.10592758299519,7,4,2,3,22,0,26,Malware
57,25,22.91598057977414,3162,36.72587121148511,26976,277.4367081674103,3,7,4,0,42,1,72,Benign
99,24,10.8405501890056,3286,43.741228791036995,19848,459.87130920247085,3,9,3,3,42,0,19,Benign
99,17,15.958188261059213,3613,46.405419517204635,5082,407.37781695400565,10,9,2,3,22,2,43,Malware
84,35,12.283393464262385,4147,10.420076213911935,12966,233.87040865328152,6,0,3,3,25,1,60,Benign
86,24,15.1224987313989,2192,15.118311047647822,25146,320.53910637859974,7,7,2,3,22,1,54,Benign
45,34,33.27354334202198,2071,39.85295660394312,22784,166.10986224729433,8,5,3,11,3,1,37,Malware
53,10,34.921290577862905,3783,10.326727007145456,22042,482.4480957698552,2,6,0,6,39,2,27,Malware
98,37,25.571663187923278,4141,55.44528253867487,27629,383.4709374994655,2,3,0,1,30,0,45,Benign
70,26,22.169236143670425,3035,34.48313566125389,18599,249.71750439066662,4,5,3,3,1,1,14,Malware
76,39,26.253435374488497,1507,22.888353780256082,16064,227.1738380617112,1,9,1,0,45,0,91,Benign
98,24,28.149566012567252,1154,29.691058479879963,26534,195.45549982211216,0,9,0,0,3,1,89,Benign
60,23,27.170382308285433,4630,52.538820532000145,22721,414.6078197014417,10,3,4,3,47,0,12,Malware
59,23,7.456775846000144,1460,56.359643688205786,28524,273.84570016456445,11,9,4,1,17,1,15,Malware
47,19,14.30880257860322,2396,15.811749023866003,19489,232.08688841776984,1,9,3,0,33,2,69,Benign
73,11,15.302941453692492,1790,48.89803169777883,19895,462.088698816087,4,1,1,1,13,2,89,Benign
56,36,16.077634224504237,2225,38.911355910826515,16416,160.08717902858422,6,0,4,0,8,0,53,Benign
55,15,15.32941335954626,3701,39.27513788322433,13885,205.53419762557903,5,3,0,2,32,0,75,Malware
89,39,28.61276892350983,3364,48.97260609479132,9327,237.90628499194005,5,6,2,0,26,0,75,Benign
47,26,27.42814003653135,3498,21.14223433929787,24640,203.94059421936905,9,7,2,0,6,2,78,Benign
85,14,5.138009086779554,4709,36.55224839874791,16719,334.16121648844205,10,2,0,3,12,2,61,Malware
60,14,13.891445704841571,2867,25.96763077254046,19238,340.4124446011723,8,2,1,5,8,1,10,Malware
88,24,23.709909433559766,2688,14.725617248825742,15871,121.89958899344649,5,4,3,0,29,2,14,Benign
31,24,8.607968659663985,1576,15.253972277830194,5863,157.8116256259297,9,9,0,5,20,0,77,Malware
68,29,7.135948834565972,4167,16.823573531257537,22633,179.41150255173795,5,9,2,3,45,2,75,Malware
90,20,29.851943584954448,2943,40.7449924452419,18935,128.13122740600807,4,6,3,4,13,1,88,Malware
92,14,18.58052816516207,4764,15.2915099188655,14410,149.9047957197252,3,3,1,0,45,1,14,Benign
47,37,30.6706210376256,3543,38.50519212950868,26288,195.86055559424904,8,6,4,2,8,0,68,Malware
46,10,29.706581815296968,1361,39.41485289886299,12361,238.2482429551076,9,1,2,3,18,0,35,Malware
68,20,31.80111566421757,1456,55.19482550609455,20378,416.5236048250267,2,0,1,0,26,2,23,Benign
83,20,6.448236906819412,4249,41.31882981627571,24286,187.16203155572995,3,5,0,0,20,0,50,Benign
64,15,10.583901983251536,1128,59.27939204407507,9806,368.01033257733934,2,3,1,5,33,2,84,Malware
40,32,13.884294932042616,4561,11.54962899704174,10383,123.15240783388974,7,6,1,0,8,0,92,Benign
90,17,9.086911635135804,4110,45.207306832255945,18826,363.2963705214963,3,0,3,5,48,0,83,Benign
73,11,19.564094623571428,4529,11.324003902652166,14686,417.8876822620831,4,0,2,0,12,0,61,Benign
97,24,28.969306701171757,1811,46.46887889373518,19574,341.923179537852,4,4,2,0,2,1,51,Benign
54,32,33.53545432549114,1872,29.292510460201772,7336,180.5569161499534,1,0,1,1,16,0,90,Malware
77,31,31.687224034293983,1349,40.56538826962948,21751,232.1632055449624,2,1,0,1,43,0,91,Malware
61,18,18.720100400474248,3692,25.476903604416886,21795,422.0725395445048,9,2,1,1,43,0,69,Malware
33,24,24.094733041128567,2914,17.955251957632452,24477,272.78875699650246,1,0,0,3,37,0,98,Malware
67,17,11.920883703459586,1451,46.17562590446412,13034,202.09385917134904,9,7,3,2,11,0,24,Malware
92,39,17.090269997957595,2403,55.23101901350434,21737,473.0766146302156,5,1,2,0,17,2,56,Benign
76,25,31.135477862600094,1108,19.17912218500175,27062,354.9419426442362,4,1,2,4,44,1,42,Malware
30,36,5.875925660584423,4655,56.03515006018003,22722,422.2858842192879,0,7,2,2,30,2,46,Benign
32,23,20.98277817930423,2231,17.00910546022719,26261,109.80075396252178,6,6,2,4,44,2,56,Malware
91,24,31.18394893697064,1576,46.78309412747656,21712,235.73463326523992,2,2,3,0,8,0,45,Benign
93,29,8.660296215522813,1240,57.9722579089503,14685,283.55876095319877,7,4,1,2,23,2,79,Benign
46,39,34.47638605853366,3638,17.368544087811884,13155,334.96862165430514,7,2,2,0,10,0,55,Benign
91,22,5.371743919435076,4159,31.75450233776767,28400,175.98875458805242,12,4,4,8,6,2,61,Malware
64,18,31.58360034389493,4470,26.872874117919974,16021,299.18142108767347,9,8,0,3,1,2,81,Malware
42,10,15.610177231849008,2713,29.423887509204906,6486,374.2501470758751,8,2,0,1,11,2,84,Malware
64,36,8.980717450332882,3041,47.65698695658883,12607,238.35042267680967,4,2,2,0,41,0,35,Benign
72,15,9.720745257636054,2285,43.059446627777966,25119,376.57688121522364,6,0,0,2,23,1,38,Malware
31,17,26.035361550628124,3625,58.43434822314096,22121,255.86161614873623,5,4,0,2,3,1,11,Benign
85,36,31.12159029967832,3372,19.273975167821114,10367,287.7853609487098,7,2,3,4,14,1,33,Malware
80,36,24.231990614203635,1370,37.163043466294006,8888,153.71716022890666,9,2,0,2,13,1,27,Benign
83,29,32.86174914082259,2958,32.456307270951335,18482,360.5098264247217,8,3,3,0,20,0,42,Benign
45,27,30.274363851706973,3152,55.94280544628748,11892,189.71027520934882,6,1,0,0,35,2,94,Benign
47,36,5.270954208219512,1097,10.530961623847997,9843,431.54005161883697,7,1,3,2,49,0,95,Malware
36,27,25.082889932904042,2510,59.458520038354706,11291,321.3773484187828,9,7,0,3,15,1,42,Benign
74,35,14.139040661428776,1095,33.98671571862644,7668,324.10269984608186,6,2,4,0,5,0,41,Benign
65,26,18.635000351612305,2948,41.27698236167987,9238,464.9906089654835,2,3,1,0,41,0,42,Benign
70,30,7.820922444026802,2495,28.002627790285775,26455,166.9610845237945,1,1,3,2,21,0,49,Benign
71,25,13.462974856149511,3093,52.62633348477494,9166,312.0938711510665,12,4,4,2,49,1,71,Malware
36,22,23.980579022975224,3937,38.09939725591913,19240,252.88200417835503,6,8,1,0,46,2,23,Benign
44,31,11.55146390768972,3078,43.14054681248824,5637,486.5296300398708,2,8,1,1,37,2,54,Benign
89,13,24.42610004813579,3455,42.44523540303382,25946,417.08561873922014,3,7,4,3,11,2,35,Benign
69,13,32.69096512390017,4446,28.199106994886627,7641,403.0003458516216,4,8,2,4,7,0,36,Malware
66,30,5.148209150148717,2405,13.799549790330792,29616,181.64854245387585,7,8,2,2,12,2,19,Malware
95,23,28.57312159189575,4982,50.385311304702505,17177,194.92929833934247,8,8,3,4,4,2,80,Malware
84,14,24.239566404895648,1715,24.485795959215874,16138,111.67233095673153,9,9,2,0,23,1,90,Benign
85,25,6.398982882013767,4731,52.44651142388523,13962,355.4141447769823,9,1,3,0,26,0,52,Benign
73,23,28.705014117356612,3691,40.43215043954132,10802,248.33415273527234,2,2,4,5,48,0,77,Malware
86,39,11.73563105411393,3745,27.6851979048739,25758,224.81627774973316,4,3,2,3,2,1,25,Malware
35,23,12.974616221678746,1972,39.71235744868113,12638,354.812490204362,2,0,2,0,16,2,33,Benign
61,23,7.805470474081201,3748,42.27463461807188,19990,431.4750461026181,10,5,0,7,34,1,30,Malware
47,34,21.031394460297783,2512,45.33417038793362,24400,153.21181839727714,7,1,0,1,11,1,59,Malware
97,33,19.9467122080468,4710,51.116906725353566,8710,467.4645815623873,7,3,1,4,23,0,88,Malware
36,34,15.41523519008867,3923,17.987747110899235,21441,113.7084916385244,1,4,0,0,23,0,71,Benign
37,38,10.062614233003192,1905,57.20721923843083,24621,138.0425360940536,0,3,4,0,45,2,61,Benign
93,23,30.138606634971975,1808,30.542030721375543,27900,435.25125564878977,2,5,3,3,30,1,27,Benign
36,28,31.29135290203015,4380,53.022514918818864,21465,297.08153072702163,9,9,3,0,39,2,17,Benign
70,39,21.217388321410162,1598,21.02397976838926,10989,475.70194170835083,5,9,0,9,45,2,18,Malware
69,12,12.326760007981346,1966,11.45144861023574,11507,284.6611986364883,13,5,0,5,20,1,68,Malware
32,26,7.8833019709605185,3680,38.667202181142535,22892,470.44919438231005,6,8,3,2,16,1,53,Benign
46,23,31.056325024746883,2867,26.23331395362195,10165,195.85185025227776,6,8,1,5,49,1,79,Benign
95,19,7.881581587686629,2839,59.22310024739747,29837,346.57984910743056,12,0,2,3,11,1,76,Malware
81,22,5.395401132483539,4982,15.222672735769146,19804,497.7872011783019,7,9,1,4,46,1,27,Malware
51,31,19.08192732015916,1134,12.365143300176086,8706,250.42512322305907,6,7,4,5,31,2,92,Malware
33,13,26.93813065938003,1327,12.250890927656663,27619,100.58187380355182,7,4,4,2,24,0,82,Benign
35,20,18.72611013431122,1198,20.843684761189728,9114,125.62088219281557,9,0,2,0,26,2,22,Benign
67,24,6.542318209596083,1682,38.95955581826692,7317,443.62384141868466,4,4,2,5,2,1,49,Malware
55,24,25.700873402654686,4331,35.278168682234586,9672,296.75425406187503,6,5,1,0,15,0,78,Benign
40,39,24.26997861673553,1123,27.503790241678075,19323,314.68727935508167,0,6,3,3,45,0,56,Benign
46,33,25.445891933736647,1753,14.439655370845463,16103,419.7704418702776,11,2,2,3,45,0,33,Malware
60,11,11.336074740471483,2606,21.68685473971594,19750,424.63160349702554,6,8,1,2,37,2,46,Malware
64,20,28.87095227435597,3429,19.207353239235843,18976,290.96852319418264,9,2,1,6,22,0,53,Malware
45,11,19.375046352444002,4578,47.28334185780242,22654,443.2243107073527,5,0,3,8,26,0,55,Benign
47,32,21.09058431771321,1570,48.99731915006571,8814,287.36998333587076,0,2,1,1,49,1,53,Benign
91,38,21.374900289627472,4180,48.85070065309099,25403,370.0085497496059,6,6,4,1,4,2,84,Benign
56,14,13.60419311213603,4112,58.452027220707436,19351,113.34473242461867,4,9,3,8,6,2,69,Malware
64,22,12.50402313011127,2468,54.211897316701595,9715,155.19975474468097,3,0,0,4,22,0,83,Malware
74,10,5.142983914446092,3845,34.89023735892525,11646,440.5680149014463,6,3,1,3,38,0,12,Benign
64,16,16.89831026166201,3938,30.74680104545826,20754,225.24736892170586,11,6,2,3,23,2,26,Malware
57,16,19.553089518171966,2169,55.78842588547309,15091,233.8975762378388,9,2,2,4,25,0,60,Malware
38,19,27.28411236965896,4869,40.56126260240734,28223,365.19647885557924,4,6,3,2,3,2,14,Malware
44,15,6.9988088283289995,2926,24.719933351279764,23615,337.01526029197805,9,3,2,3,20,2,44,Malware
50,29,32.71968237196134,2587,38.22320138575837,13632,132.87545625959547,5,6,2,1,33,0,91,Malware
81,21,12.918754047411245,3223,59.60747113480631,21964,406.30601370059736,9,8,0,1,48,1,99,Benign
64,22,16.001620703847436,2302,52.47350300761811,24705,346.88897180388744,10,9,2,6,49,1,66,Malware
80,33,6.450873967857854,3427,24.06398580297708,5375,442.13274114266835,10,4,3,2,20,1,40,Malware
84,37,24.594092324543702,1164,57.64772129586085,27465,314.19876401958436,0,2,3,8,6,1,86,Benign
73,20,26.267683921696005,2862,59.07310557395579,10577,265.7299343934159,9,0,4,5,12,2,69,Benign
94,27,32.86373651869297,2509,21.55834797077076,8801,248.53618308930825,8,2,1,0,44,1,89,Benign
54,11,15.104870099456864,3811,54.77960592506706,20447,101.76757049839952,9,3,1,6,19,1,59,Malware
76,25,12.721061896347003,1614,54.1601358849416,11489,115.9136890578758,8,1,1,2,48,2,31,Malware
85,11,26.78259510712612,4636,11.98767866170203,5728,152.484570112264,10,3,3,1,25,1,89,Malware
67,28,26.204026653287837,2790,43.48445965308435,15629,471.81495470516415,0,4,2,2,49,0,81,Benign
40,15,33.11372173560161,2384,25.264035651558466,9275,452.2602129368942,7,7,1,1,49,1,41,Malware
96,10,11.159558726998519,3220,43.73063132459379,28164,298.8785419979898,6,4,2,1,18,1,27,Benign
44,20,26.158778680836054,3810,55.67793470951217,7423,172.07855736634113,7,1,2,1,15,1,42,Benign
30,27,7.006057315680627,2200,34.938962399475926,27710,158.44454423258588,5,0,4,1,38,0,73,Malware
36,19,19.41104320271656,2072,30.720641539432638,23760,202.4522374443136,7,8,1,0,27,0,54,Benign
30,27,8.58172331797125,2134,56.07656355937087,15160,463.4891315623566,7,3,3,2,41,0,47,Malware
78,39,24.594379642834156,4281,58.705745886926636,11633,308.58722361423395,4,8,3,7,24,0,39,Malware
58,37,23.044002850750573,2783,13.111816389690137,7247,421.616737980668,7,8,4,5,43,2,73,Malware
55,10,6.464988008891859,2710,56.14240345741037,28006,302.7017417911287,1,0,1,0,21,1,51,Benign
74,28,14.588534677542684,1618,14.138426676094442,16048,343.7789271085403,4,6,2,1,40,1,22,Benign
41,25,16.85100896830258,3712,26.86431066917948,10574,344.04104602689404,3,5,1,0,37,0,86,Benign
61,35,12.441808085388933,1858,48.12870612151634,28544,112.53511056279719,4,1,3,8,15,0,77,Malware
49,16,6.160101320564304,2178,48.851849096984765,10993,278.1074072127642,6,9,3,2,26,1,51,Benign
80,24,14.564656883181765,4723,46.291094533958315,26943,445.6196148114558,4,3,3,4,10,1,15,Malware
65,38,28.778747043524856,2686,11.955624403053418,6912,295.63945275856065,1,4,2,1,3,1,88,Benign
96,10,15.803272657749277,4344,16.648302401204663,25192,274.1341685309774,3,4,3,0,39,0,36,Benign
30,32,14.7010926570306,3603,56.81082491098743,24061,310.61822969679054,4,6,1,0,29,0,62,Benign
56,30,33.252594137347536,2606,14.073069419794539,26962,252.30681517473212,11,9,2,2,38,2,16,Malware
69,18,6.248921561435039,1636,13.927295848655831,14886,306.1599870196983,5,1,1,3,5,2,40,Malware
43,11,28.01864586925949,4735,51.78229688789351,9531,154.13792644158588,8,2,0,0,24,2,97,Benign
98,26,19.4928079494305,4526,42.06328766114431,6737,487.17871416086996,9,1,0,0,40,2,75,Benign
35,34,33.33387522531622,4932,27.582802792258978,10697,113.65197599361929,5,6,2,0,5,1,81,Benign
62,33,16.804122324901755,4387,18.28552435358132,5045,293.2829723623406,10,6,3,3,32,2,80,Malware
84,19,26.241270110165654,4892,54.20852099464074,12019,183.9970129564933,7,8,3,4,26,2,74,Malware
48,15,7.0980609317154455,4803,59.42688788142561,10891,123.3423223723606,7,3,2,0,48,2,17,Benign
58,14,32.86317276751643,1214,12.498586422141457,6941,360.6821514109166,9,3,1,0,27,2,62,Benign
90,17,15.336280003957777,2353,37.70566910451009,27444,494.0725033588164,8,5,0,6,12,0,77,Malware
99,17,20.720137273528593,1143,23.065179245290754,29731,399.84198162050666,9,2,3,4,32,0,39,Malware
53,39,9.154448262889012,1618,51.6193416774852,16657,201.60826695351912,4,2,3,2,39,1,92,Malware
52,14,33.36673613660722,2007,27.303654588740287,22345,297.35562499645516,5,8,0,2,36,0,70,Benign
39,21,25.189112117896805,1353,45.73146445931699,22328,119.91262239146434,7,6,2,10,6,1,46,Malware
83,16,6.618424305083367,1280,36.976171076313854,29158,312.66810315554756,9,8,2,1,44,2,93,Malware
70,22,9.656203375378501,2345,37.07616907974851,14470,139.78527926171958,4,1,2,0,13,2,54,Benign
78,22,16.995019929279493,4377,52.89997155902107,8919,417.84305715485203,6,3,3,0,31,2,62,Benign
46,26,11.503130371528153,1836,33.520221296228215,11058,122.68255959907233,7,7,1,2,18,2,22,Malware
85,13,14.138767085489917,4917,52.27997670722403,19981,103.74438636023231,1,8,4,0,29,0,41,Benign
74,27,34.924734826285295,4550,28.17134140187877,17440,444.62281543260525,5,2,2,1,10,0,71,Malware
59,19,24.759460914494078,2959,18.739147123215254,8838,477.0168844435376,11,7,4,4,39,0,11,Malware
73,12,32.666528069433554,1389,32.773868882830755,16011,134.6216100600101,7,7,1,2,39,1,86,Malware
84,21,18.07395124562987,2087,34.91778906885111,19575,211.56666362984748,4,2,3,5,3,1,17,Malware
48,10,26.308468534717036,4867,33.91915988188957,20819,396.67891133300554,8,7,4,5,45,1,57,Malware
58,36,18.79070876483866,1264,50.41652059396411,26943,315.86138610604416,4,5,2,0,18,1,23,Benign
31,20,14.846736285650724,3053,38.233947073004856,7650,479.6947251743651,4,8,4,2,48,2,94,Malware
65,27,20.575194395031687,1912,54.422203587940146,13431,255.67200441784595,4,0,0,9,29,2,42,Malware
48,22,17.8193312536246,1167,35.7092747457971,8254,101.32915571366885,12,8,1,4,42,0,45,Malware
36,26,34.416219460420805,3402,21.235754144100213,11402,107.89825578782009,8,7,0,0,47,2,94,Benign
55,17,19.884992156492025,2995,16.47479201313763,29011,325.94178241632727,4,9,1,3,26,0,68,Benign
67,29,29.333393986963866,3220,53.418141047231046,13691,400.84215915118284,3,7,1,7,32,1,79,Malware
32,28,25.004584048875454,1849,12.808639945110585,17061,416.24680718786465,12,7,3,2,27,2,78,Malware
95,26,19.388817116522674,3166,15.880480595988114,27603,464.60681563479636,4,9,1,0,11,2,57,Benign
72,11,19.224502173990082,4297,13.182925945882054,9392,191.62981635331602,7,6,1,4,41,2,39,Malware
91,12,15.25670351186113,1173,31.186709859091014,18370,395.3623621476115,5,2,2,0,6,2,37,Benign
53,12,8.209454228961683,4006,36.63078081967967,12719,430.83923809874574,9,5,0,0,31,0,50,Benign
68,15,27.844079868119504,3176,10.993736551130036,16820,434.51014057912636,5,9,4,0,8,1,85,Benign
97,19,32.54284379601617,1186,35.779308344580215,14621,264.61742755828254,5,7,3,0,44,1,67,Benign
73,33,11.53864563980353,2086,29.6879735645313,13718,350.39320270301255,8,7,1,2,24,0,50,Malware
34,31,32.77020481787592,3940,48.6822591227949,27235,320.6261213773414,1,3,2,0,18,0,20,Benign
84,27,11.969126541748345,2297,51.49783108731116,6808,338.9943739073909,3,7,1,0,9,2,15,Benign
59,27,20.902373059513256,3645,44.24837181931027,14402,212.81249437081917,8,7,3,0,22,1,29,Benign
58,23,15.308659883814135,3257,33.6747767658312,13175,373.2937793226131,8,0,0,10,43,2,38,Malware
55,25,8.435263577367746,2008,20.807429752099406,14240,384.0069241044985,1,4,4,5,10,2,82,Malware
55,16,6.58515124866642,2216,52.355743365128006,25778,178.37935375756865,5,6,2,2,1,2,57,Benign
66,10,15.960395964326823,3797,27.083457002220843,20026,277.4529754387318,4,7,3,1,3,1,80,Benign
82,26,6.420315936483199,1531,27.81459435974746,9668,268.84223051250774,5,8,3,4,44,2,94,Malware
59,32,8.12619312613554,3999,55.80057735935224,21300,399.5802593553797,3,5,1,7,26,2,91,Malware
32,34,9.268927363939525,2205,58.77986277989565,14346,366.6012240997488,2,9,2,0,7,2,24,Benign
72,14,5.057471185369971,3607,54.90654781922521,27264,290.4783322257217,9,4,4,6,27,2,11,Malware
36,36,9.597566475309604,1227,59.911736178054056,22059,361.01252389599836,5,7,3,3,15,0,84,Malware
78,10,22.31836041135124,3613,53.445442195073866,16230,205.14464208690666,9,5,4,4,23,0,62,Malware
70,30,29.585693662878093,1613,45.21787588100409,19839,192.93915296301645,0,1,0,0,21,2,64,Benign
83,36,10.802898782242096,3136,24.69096997857364,24662,195.96786110158183,2,8,1,0,46,2,79,Benign
98,26,7.426178115425008,4215,57.64785244499381,15477,111.79907013592523,9,8,4,1,13,2,22,Benign
56,19,26.885425953076165,4731,53.831341580687685,7239,376.4305045442592,11,0,3,2,32,2,53,Malware
37,21,5.2448813437164805,2765,22.03733962078266,16370,494.33923486523736,5,8,3,1,49,2,67,Malware
61,34,27.024863061091438,3862,34.458123662091346,21812,223.61285662048914,2,4,3,0,20,2,26,Benign
93,29,8.933517076006439,1249,13.502783031277506,23515,471.9333446913791,7,8,3,0,48,2,50,Benign
39,34,11.848551863582104,3272,57.665443163360855,15476,342.6170437483654,11,4,2,3,5,1,34,Malware
42,11,8.602097326640887,3950,38.63841638607279,19484,189.97370613643227,2,9,1,0,41,1,78,Benign
92,32,12.420144711541834,2942,22.26002729640827,8866,104.74585485738692,1,5,2,0,32,0,23,Benign
64,25,28.94527815385385,4018,24.619965681193786,5850,389.49257140830053,5,8,2,5,47,0,38,Malware
90,24,8.976323153752272,1672,59.03281863149298,15851,378.6296939968281,2,6,1,3,28,2,61,Malware
83,37,34.82496896880602,3215,40.78071459020988,24275,191.70133311741128,10,3,3,3,41,1,39,Malware
37,22,14.812933282933757,3157,31.034156205320187,18231,233.08203565559694,8,5,0,6,28,2,21,Malware
58,27,32.65904376524986,2796,34.99227308927691,7144,459.2186957264657,2,7,2,2,12,1,78,Benign
70,37,10.700992395066399,4244,14.927503618867169,29419,162.89332441393282,7,4,4,0,6,1,18,Benign
59,29,10.636925598332052,4582,13.7511380036438,11550,434.1775472487645,7,3,2,0,26,2,35,Benign
50,31,21.960070491292214,4950,39.635387165019246,28487,167.68937700709836,3,6,1,0,17,1,36,Benign
40,23,6.5180025471403376,1296,35.60020182201582,15764,292.69085429539894,11,2,2,3,36,0,24,Malware
31,27,29.030086929067785,2927,27.957659565172058,29979,299.58611508190086,0,3,4,3,10,2,88,Benign
79,11,18.188457520041617,3290,38.30569762556823,10342,288.8358585743714,9,6,2,5,26,1,23,Malware
70,11,25.975894200585635,3256,13.633797471858614,13594,215.17182762715555,5,4,0,2,16,2,11,Malware
95,12,10.238966104880582,2266,57.19955857157731,8657,201.34589155763103,6,0,2,0,32,1,55,Benign
32,14,24.270720523585712,4325,24.685584389211094,14993,393.261907599224,9,5,4,3,16,2,79,Benign
80,34,22.82211963055081,2105,13.588939533599945,5183,210.27076127489778,7,8,3,0,14,0,89,Benign
97,25,27.66983755753831,2457,18.475213628705202,27804,343.9661484821273,2,9,0,3,25,1,82,Benign
54,31,13.922038779529117,4546,14.773695724125844,18182,438.6558748338579,2,2,3,0,1,0,89,Benign
59,24,32.994967249145276,2566,18.93022521798406,20745,434.81377789355275,0,3,2,1,39,1,53,Benign
40,21,33.839032081871956,2027,30.837702741330595,6516,166.86056325912733,6,9,4,1,43,2,95,Malware
46,39,31.04370833664064,4265,46.90254469677604,28846,361.8950571868139,8,1,1,1,16,1,28,Malware
55,18,22.161012984816253,4127,23.617417372751987,9156,340.9116527261545,3,2,0,4,33,1,81,Malware
52,35,17.608648119840517,3308,31.796331097082195,10085,212.79380433719606,1,4,4,0,22,1,53,Benign
85,23,6.739772557098646,4664,56.43786439441182,8693,256.5815923972159,1,5,1,1,47,2,54,Benign
81,38,33.41683404382969,2589,24.79108696629877,17433,214.0452098517074,9,1,0,0,28,1,94,Benign
77,30,33.553440310951004,3427,49.73598766323549,17470,314.8260640337145,5,1,0,3,23,0,76,Malware
49,25,5.560653649390516,4558,17.89084362411832,25794,421.45095918140447,4,5,2,0,2,0,88,Benign
31,20,15.706626399221603,1095,18.91608731286238,17140,451.0013345537082,11,0,1,1,15,1,75,Malware
60,15,31.401091047747855,4932,32.80764367381328,17946,389.1294372790813,7,1,0,4,44,2,31,Malware
56,19,7.425560991188549,2359,21.705112523319315,7791,293.38014446957584,3,3,0,4,44,1,26,Malware
31,37,10.896991301306223,3816,55.15140368971301,5995,483.23811343476564,2,0,2,1,42,2,67,Malware
33,17,34.36031950458772,3044,12.537614556173889,7856,325.55160459139427,12,4,2,6,47,0,89,Malware
42,25,30.418664363610457,2739,39.86362830719198,12073,291.4186754902062,9,2,3,7,37,1,56,Malware
64,12,32.36190482251291,4794,40.21146980747599,14084,442.70944919871056,3,9,3,0,5,1,23,Benign
95,11,9.264632559659516,2352,13.301296375972385,11179,173.84933149504263,8,0,3,2,32,1,50,Malware
35,25,11.33947876900535,4567,46.628210743544564,23386,163.15133810757555,6,3,3,2,38,0,78,Malware
60,28,23.16249753055247,1828,33.4448772256098,29744,413.01698856972877,7,0,1,5,23,0,64,Benign
39,39,20.052146630080976,2661,46.15366867474042,5170,448.228332148825,4,1,1,1,23,0,30,Malware
50,18,13.955101716411466,2542,51.3462492967535,25073,129.10991266203715,7,9,4,2,33,2,89,Malware
52,25,31.51538899211739,1925,26.14496759953469,5738,405.6344406387594,3,6,4,2,6,1,40,Benign
32,31,32.04165846606719,2148,34.22429414677438,19933,269.7846881658148,3,0,3,3,48,2,41,Malware
61,35,13.750520304398336,2806,23.03803898840057,24946,381.4907292403037,3,5,3,0,33,1,89,Benign
49,37,9.672594217758194,3667,20.07567317611675,22701,153.98773442591707,9,3,1,3,41,2,18,Malware
58,13,9.472772623109405,3307,10.02973790213287,29209,489.2051010636335,7,5,3,4,20,2,46,Malware
81,19,19.532755861758172,1830,58.18157560399187,6287,452.51211762390255,2,4,3,0,2,0,18,Benign
75,28,8.987554862040588,2605,32.04642346648241,11081,262.38901130717,5,5,1,0,20,2,30,Benign
63,22,19.200206662856758,1549,10.6534886529437,17435,457.34353045334194,10,4,0,8,23,2,65,Malware
90,27,18.858022185795726,4758,10.446928878402408,9036,457.97029085498025,8,1,1,2,26,2,17,Benign
99,24,31.523306396169712,3747,24.417628427559755,9536,284.50120996600776,6,9,3,4,26,2,33,Malware
40,39,13.886313194001112,4810,10.696883935505921,15461,478.7542007744461,1,3,1,5,2,2,89,Benign
92,13,21.819573759229325,4841,28.725730882927415,13849,490.74285023331424,10,6,4,5,2,1,29,Malware
50,18,27.304995928522892,3756,13.146925071947393,25587,186.88509558947848,4,3,0,0,33,2,14,Benign
32,13,22.87744385149719,2031,11.962579557515486,29507,126.66667185824032,12,4,0,2,10,2,59,Malware
39,38,33.62203534940411,1562,43.4690697037275,10334,232.45991361161177,4,1,0,0,28,1,11,Benign
56,25,23.0683244149931,3420,55.34206447214423,29308,295.53410443699954,6,2,1,0,15,0,76,Benign
41,37,32.05586535410336,1221,30.469329165113965,24585,137.07055948667502,1,4,4,0,18,0,67,Benign
36,30,12.351691677612289,4951,51.83852151379663,13767,156.26382299238304,9,3,2,0,39,0,98,Benign
46,24,21.82258318338309,1530,11.463273056787356,13491,488.6796487913462,6,2,4,4,27,1,39,Malware
94,33,21.299177796999633,3397,48.884502798509125,6892,394.920238530547,8,1,4,5,37,2,24,Malware
93,11,34.68356330420251,4830,13.139999616144546,10481,449.9752277040101,7,8,3,1,39,2,11,Benign
55,37,11.135189401973705,1030,51.92197115986758,21607,488.461831533885,11,1,4,3,44,1,79,Malware
44,36,9.229801950979324,4663,54.1183172436032,11720,251.25774372036577,6,8,1,0,12,1,31,Benign
62,23,23.350162328912614,2381,49.298692119115714,12654,375.1455766311611,4,3,0,0,14,1,79,Benign
91,12,11.7107642999619,1021,51.03745122056445,8648,173.60879777205494,6,9,4,2,31,0,71,Malware
76,31,24.174660369508697,2312,38.074228316615944,18685,320.6668803087954,1,8,4,0,9,0,90,Benign
64,37,34.17467265558653,1753,23.244247129132596,24125,183.95139119207604,3,8,2,5,46,0,91,Malware
94,32,33.39517986192373,1213,42.16155013304834,28536,164.1723851596647,3,9,2,4,40,1,34,Malware
54,13,11.93309073931994,1711,31.97708245381807,10227,139.37745268998344,6,4,3,6,26,0,27,Malware
86,39,10.126890446364468,2188,10.2668280459523,19758,331.8946250256172,6,6,2,0,27,1,55,Benign
61,10,21.82217861487637,3187,33.84128532174175,10511,479.9404797334874,6,3,3,2,16,0,84,Malware
92,32,22.603318646694504,4441,42.55939622752727,15050,148.88871794041728,0,9,1,1,2,2,78,Benign
41,37,24.867502141419507,4012,10.694182984566039,27603,300.92578215214553,5,3,0,1,17,1,72,Benign
92,18,27.244727779604254,4391,41.06801680540788,23681,374.82724690591624,4,0,2,0,29,2,63,Benign
30,26,23.028719320160125,1408,42.626595310842816,25720,298.3446722800569,5,9,1,0,32,1,36,Benign
80,23,8.352590111589883,3485,17.905378911944837,12393,464.7103697521079,10,8,0,8,25,0,53,Malware
99,26,28.704739117083435,1796,31.553709257825478,16736,166.51826026313694,4,9,1,2,3,2,71,Malware
37,10,7.385515535738779,3060,58.21663004445663,24718,109.66530440303832,8,7,1,3,41,0,79,Malware
97,19,5.599780586515762,3548,54.20946138998912,23446,253.24724875965057,7,8,1,10,38,1,84,Malware
34,32,28.089745898356295,2049,30.541071142912635,19676,322.19552352071236,8,0,1,1,35,2,38,Benign
68,25,21.450722733070275,3581,27.492313401207777,6464,201.8028365632421,9,1,2,0,3,1,13,Benign
52,36,25.957742557595697,1860,16.2040340488428,17837,167.37341909062678,11,7,4,3,27,0,78,Malware
97,34,16.48241972622796,1075,11.75945422700799,15276,421.93513219110696,6,7,1,1,14,1,69,Benign
81,28,5.332774805734775,1365,24.873138872103937,8705,175.43007683343518,6,0,0,6,33,0,91,Malware
33,33,14.930460473930761,2514,57.01416735411192,19095,277.07288318095385,11,9,2,5,21,1,81,Malware
76,34,23.24405698769428,4163,57.93067256668336,11912,481.7924442192824,6,4,2,2,10,1,32,Malware
50,12,11.771092114103292,1840,50.62596702881381,5435,345.0819334678529,7,5,1,1,17,1,47,Malware
85,37,25.634130008987942,3934,27.541240675992974,15532,299.08938110224693,1,4,1,0,7,0,71,Benign
95,21,28.832030296758347,4337,17.18132164410556,9396,244.100093069129,11,5,0,2,27,1,21,Malware
88,12,18.628009950966774,2583,39.776673780283964,21013,308.15418121913586,0,6,4,0,31,1,94,Benign
36,24,31.271638942075025,1498,42.32525036030907,28480,393.7228242200447,0,9,2,0,40,2,31,Benign
78,26,30.644496937073537,4241,31.228678462280204,23081,429.010895406299,11,5,1,1,34,1,67,Malware
45,27,31.341738583755014,2369,44.58233977793201,29513,359.93909471377157,8,2,3,0,24,2,70,Benign
46,16,24.83111097970505,2780,47.33409428258677,29478,416.12682188979596,13,5,3,1,10,1,27,Malware
63,28,14.143669990207396,2251,49.153083178739,18650,135.36711384603333,8,8,1,0,49,2,76,Benign
62,16,19.43753847114716,1698,35.11490556787536,12122,105.74978005448364,7,5,3,3,28,1,86,Benign
55,14,26.31531948593274,3727,49.58203887798667,17203,393.7644123634981,10,5,0,5,42,0,74,Malware
95,35,11.316909597877183,3250,11.273821313472839,14238,204.68162809123805,8,4,4,2,33,1,44,Malware
92,17,27.16530527763579,3493,44.02021833694348,20184,451.0713001488222,3,0,3,0,47,0,48,Benign
70,30,21.44265851279121,3565,21.78169785252399,6418,314.34027106406955,8,4,0,2,13,2,35,Malware
87,25,7.880523208506899,1131,23.52601458438266,19768,291.4083791821782,6,0,3,0,44,2,26,Benign
39,25,21.718589810005017,2268,14.565085330336615,16213,409.1275089858906,8,7,0,0,29,1,59,Benign
44,28,7.003284146374499,1090,19.619613179658963,24432,396.43840142073515,11,0,0,3,27,2,41,Malware
71,34,5.4292185513986615,4894,59.60041165010015,13761,381.710612955991,10,7,1,2,11,1,31,Malware
86,24,31.688830097218535,4197,30.769506528173764,12160,375.96038240021585,13,3,2,5,10,2,48,Malware
46,16,19.69748334813484,1471,56.38826993443427,13220,306.1583988712738,3,2,0,1,29,2,98,Malware
89,14,21.29868965120974,2988,18.144976409639902,12643,470.59021439019665,11,3,3,6,44,0,41,Malware
38,32,13.398133148908007,2265,20.202942104925977,16698,456.2565638909471,8,1,1,4,14,1,97,Malware
65,20,21.282341583724804,1501,37.89066769075356,22024,231.7619765841867,9,2,2,3,21,1,68,Benign
65,19,10.066060764491983,3808,27.476627043954124,16396,421.87781570423226,9,3,4,2,40,1,17,Benign
77,34,27.369373921535754,1386,42.1957604287398,17402,456.443405565014,8,8,0,0,25,1,53,Benign
80,30,29.700474812116568,2030,31.102328786021516,28585,347.30198845027513,2,9,0,8,7,1,39,Benign
99,32,30.67627339757781,2111,50.579861873273096,19972,322.23167708324615,7,1,2,0,15,1,86,Benign
97,36,8.199581522837901,1597,31.577953558554185,11418,368.7546990378553,7,2,1,0,8,1,32,Benign
51,18,21.732632010343785,1907,38.6174591219132,11487,165.22426299148285,12,3,4,4,37,0,73,Malware
35,10,29.262529095320986,3914,26.053660001186437,9775,134.93747048377233,6,2,2,13,22,0,86,Malware
55,29,8.84649464637165,4216,45.2020493719327,6985,428.060109986846,7,2,4,5,13,2,39,Malware
32,10,7.9856722452222995,4522,42.736710448285706,9816,329.33049084217146,3,8,2,4,39,1,79,Malware
81,17,29.508259960100627,2354,29.850051638702887,17223,149.00059613410644,5,4,1,0,25,0,26,Benign
89,12,28.902081166736682,4781,23.801605139529826,25551,266.5272108579478,13,8,3,1,28,1,97,Malware
92,11,18.46079410890404,4946,40.705218741014946,23413,219.29374858009453,10,5,2,3,16,2,82,Malware
94,39,8.291335065801945,4235,57.15758246055039,28696,450.19118169027365,4,9,3,3,7,1,63,Malware
81,13,20.48369471950855,3704,16.63215120133008,12205,302.8880724584011,9,7,2,1,49,1,28,Malware
43,36,16.844096000139984,3389,49.95583091727802,26500,331.00501844129724,9,0,0,5,6,1,40,Malware
97,28,20.55642293132038,4072,37.14958864040453,5170,194.11616197133566,5,7,1,5,15,1,34,Malware
57,20,18.19685606076748,4191,36.27798475869295,8244,419.6254190365364,9,0,0,0,35,0,47,Benign
39,14,22.055432401726673,4650,58.08420737879896,23855,472.0405150386505,0,8,4,2,2,0,64,Benign
86,38,26.81389155539882,1463,40.29373987842784,20558,416.99773947938894,5,2,3,0,12,1,59,Benign
95,33,28.245797109525757,4938,51.5258913874259,28415,297.1436572791145,4,8,4,2,14,1,46,Malware
79,19,24.469465947135323,3509,35.723862443784824,10975,434.0355727055454,2,7,3,5,2,1,44,Malware
43,33,10.968218451391781,2072,22.492668362754465,22629,175.1835484649638,9,6,3,1,43,1,69,Benign
45,36,16.91369076815357,3866,44.72451357290548,12769,145.3654640155715,8,0,1,2,34,2,95,Malware
83,32,7.136720862071649,2350,56.1588452222002,13989,275.2876481158561,8,6,4,0,28,1,76,Benign
72,17,18.550211842255145,1473,52.061504780503775,18739,172.61378683144284,7,1,0,4,5,0,84,Malware
71,22,34.11018238174553,1887,19.918180312004232,11019,203.66422244572817,8,1,0,0,35,1,97,Benign
51,38,24.25192122773032,1938,25.844455953107513,26951,334.0467034725062,9,8,3,3,16,1,39,Malware
97,14,9.638375439904907,3415,35.84403369868389,17932,261.5612455134969,2,8,3,0,38,2,24,Benign
48,35,13.057329793262976,2310,38.58016476180326,5321,446.3513118441763,1,0,3,5,42,1,84,Malware
95,35,6.937209389076404,4095,19.690705722926413,25318,190.2449381900511,2,6,4,4,35,2,93,Malware
68,36,10.472416704558979,3770,21.50061700075823,28703,498.71627958642114,4,4,4,3,46,1,97,Benign
48,21,19.635249304333335,3340,47.94155345177182,25279,243.75736637055763,11,5,2,2,44,0,83,Malware
45,36,15.345691442858982,4520,46.51587083574712,14260,306.16114026369587,10,0,0,5,44,2,48,Malware
83,22,11.118869519263,2086,51.96044073144456,28547,152.9328439234863,5,5,3,1,5,1,51,Benign
54,31,9.397952406885683,1567,56.646490364011555,13515,331.719605098456,1,0,4,0,46,1,36,Benign
47,17,24.68213350931618,4529,25.413055945134587,27939,484.5139577739582,8,3,2,6,40,0,14,Malware
52,24,21.743071306185534,4601,52.97974782852897,24716,399.7591111508046,3,1,3,1,46,0,85,Benign
40,22,30.279209366446036,1873,43.30058956380932,10338,197.62182405980732,8,1,0,0,13,0,84,Benign
68,10,10.497586571832603,4008,57.88852119458997,24051,277.0446843336251,10,0,4,4,1,1,38,Malware
97,31,30.439563797847384,4484,23.603707801170795,15286,270.173325611619,3,6,3,2,29,0,71,Malware
54,15,22.337335176795683,3636,23.483575081976277,13836,139.179107037004,9,1,1,4,2,0,65,Malware
92,20,12.986695819391468,1259,45.214672434636334,8844,454.3400722710664,10,6,1,4,17,2,52,Malware
59,22,13.206594217055336,2656,56.42053870191381,14903,252.58241999000796,7,1,0,0,36,2,89,Benign
74,30,16.711411704315573,3955,51.22779123932173,15872,297.7038444416379,4,6,2,5,38,1,88,Malware
90,29,18.803816500003826,1183,46.35197788966781,13494,216.49910995062743,9,3,2,0,24,0,22,Benign
80,10,7.47515254210648,4119,29.365459902869414,8261,160.958250715095,6,8,1,0,18,0,14,Benign
38,20,30.259974969989837,3194,45.8883667350987,19234,460.84424790858947,8,0,0,8,8,1,59,Malware
31,35,8.646232079725822,2817,50.05477882154072,25144,114.95899106404028,0,2,1,0,28,0,58,Benign
34,20,19.50379529089645,4947,47.66428398953022,26463,259.95180052645225,6,4,3,0,4,0,99,Benign
91,17,16.489046995727655,4877,43.84053991430615,28386,392.27817077879297,9,6,4,0,38,2,82,Benign
98,31,20.368612529358284,1591,12.35656258453515,15816,223.54316728034644,10,6,2,3,18,0,78,Malware
81,12,31.624475512045162,2771,42.985746655740435,18151,278.4114427848983,2,5,4,3,47,0,64,Malware
34,37,34.67265019568319,2432,33.91473277414552,5335,325.79090041364606,3,4,0,0,8,1,68,Benign
88,28,5.60814118048275,2017,58.07846357748428,23262,498.03264489432297,3,4,0,3,20,0,10,Benign
97,21,16.797182951755826,3487,40.35949416885355,6852,403.32053512034656,4,3,1,1,45,1,76,Benign
38,15,29.52831592751731,2481,40.41136281176496,9755,486.8461495027161,8,8,0,2,35,1,18,Malware
51,37,14.79808640785931,1228,59.70275936848749,7000,377.2581895957442,6,7,4,8,17,1,35,Malware
56,32,24.47108527755565,4355,14.67938948904527,17899,207.62115523698782,4,8,2,5,37,0,75,Malware
39,17,34.767776112993815,2596,23.815814255017642,10238,214.99552361601152,8,6,1,0,11,0,29,Benign
90,14,24.403138664478313,3779,42.803971948451284,12788,428.9857213468977,7,4,0,5,48,1,99,Malware
80,19,8.335741328698067,2368,25.761812801718733,23513,271.0853964786701,2,9,3,6,35,2,23,Malware
39,31,30.287958708619566,2624,27.307507396456096,10132,248.08967736130833,3,1,0,1,18,0,11,Malware
35,25,33.99972311877589,3994,54.63224698985543,22352,478.0376105491753,3,3,2,6,44,2,30,Malware
91,21,26.37525263896603,4979,38.967695251989824,23909,105.29326658830075,6,5,1,0,20,1,68,Benign
34,26,17.572042995292108,2287,15.14327914020773,23730,309.98675408074484,9,7,2,0,47,2,28,Benign
99,15,33.45200526036273,1739,25.543129286631093,5749,410.0306629151278,9,4,4,8,4,1,55,Benign
92,18,34.05716045147595,3425,13.802918824970902,15935,394.4676064729868,9,8,4,1,26,0,24,Benign
85,19,33.05350230497472,4174,37.80649667235726,21049,247.02975485519275,6,3,0,1,13,1,41,Benign
88,29,17.35457006930242,1953,18.663409818799483,14491,314.25932473472534,5,5,3,0,21,2,45,Benign
92,23,28.691230219065407,3647,52.85575750125531,13495,102.2309178751498,10,3,3,4,40,2,87,Malware
88,23,24.6253807710218,3070,38.86570132282499,7915,313.9321078806924,6,5,1,3,24,0,44,Benign
80,35,10.391199976567604,3340,12.968782096554733,10956,336.1604905597687,4,9,0,1,31,1,18,Benign
79,38,21.06544705031462,2290,25.043783181215947,24728,449.91653503688434,6,2,2,0,46,1,34,Benign
33,26,27.43073027385911,4600,40.81688336180634,12579,184.29490792404056,9,7,0,0,36,0,50,Benign
77,39,31.87736827895928,1475,26.774915909691412,13227,430.05828496312347,6,3,3,5,42,1,53,Malware
61,36,30.877951112196605,3999,35.658833429697786,17709,387.2266043021233,9,6,2,0,19,1,83,Benign
80,34,9.639755005564464,2972,55.46811473413678,24933,366.4123459543998,10,9,2,4,33,0,58,Malware
81,25,19.640997394556326,3498,27.501798525313916,27005,257.7551297203039,9,7,3,1,35,2,64,Malware
63,13,19.348058883823548,1897,26.7936431234894,15577,246.97375257506025,3,8,1,2,23,1,24,Benign
65,11,31.962111856937668,3034,50.987842065634936,28109,381.3044889735141,8,1,0,4,6,1,75,Malware
99,25,5.058119274106005,1284,25.937826145838496,22817,496.0892857008806,8,2,3,1,44,0,71,Malware
72,10,27.161406128807826,4384,13.897917207019614,20872,262.1415036714818,6,8,0,0,26,1,35,Benign
45,12,23.55924549638796,2185,19.047247711874746,5080,467.4399110386864,7,6,0,2,1,2,51,Malware
88,32,32.64714419529699,1589,57.44001253981505,14694,334.61803294576407,2,6,1,3,12,2,44,Malware
82,20,18.70752050995214,1121,56.664639628886064,26889,447.2662614279446,6,3,2,4,10,0,54,Malware
48,25,24.730167496265018,4552,21.24060453890739,17707,186.87617881677335,2,0,3,3,26,0,41,Malware
70,35,34.18241091264627,2135,37.67509365493429,24895,404.8928298977952,2,7,2,0,27,1,71,Benign
76,27,27.31711288747726,2262,16.868405021150142,27562,433.97740429672996,4,9,4,5,37,1,73,Malware
83,24,7.021519223893021,4281,43.73388142557679,24326,432.8676559605305,9,8,3,0,41,0,61,Benign
84,18,10.026006529180236,4420,19.265289800490535,14922,413.88455147981153,5,3,0,0,40,1,52,Benign
48,21,29.643533088792438,3558,12.489521146080198,29759,221.67825189308434,5,0,3,8,27,0,64,Malware
91,38,15.043866229209769,1001,51.244840360439966,26037,308.7800879133305,10,8,2,4,1,2,53,Malware
88,36,26.17754331794825,1891,26.270019136181286,7042,219.88191206994873,2,4,4,0,48,2,88,Benign
94,27,25.994712000314838,4786,15.426120178004851,22671,237.18636268348513,10,5,1,2,14,2,68,Malware
97,14,34.81101570164615,1798,51.69519754311126,16868,220.48755343528097,8,1,3,3,37,1,63,Malware
57,33,19.096181709090224,1628,48.11987387730742,8560,213.6908192006559,6,4,1,10,14,0,97,Malware
47,38,27.134970815177695,2904,44.18792252159841,12793,377.3686690034258,6,0,4,4,32,2,94,Malware
55,38,6.46258631858307,1460,55.56243549222646,15074,360.105479725847,5,2,2,4,32,1,10,Malware
48,37,18.877730620792654,4883,34.46130434353176,21665,181.70569384924966,12,0,4,4,19,0,94,Malware
84,35,10.600446344513928,4966,16.402824879339885,9710,376.6074880400136,13,0,3,5,8,1,96,Malware
86,17,30.217146551395306,4929,13.067320494755975,17861,216.42743837645781,4,8,0,3,35,2,31,Benign
35,12,30.19724996048213,3999,25.92205089798293,12773,180.68733381992092,3,5,2,0,49,0,59,Benign
30,11,12.09093262117086,4553,14.341541506870811,13608,398.900752160771,8,7,3,0,14,0,40,Benign
37,34,14.548554593494046,2973,36.77547201735427,21700,245.14723712353205,1,4,2,0,5,1,59,Benign
80,28,26.074333533810563,4697,10.724950891157894,16491,327.74020972986557,0,8,2,0,31,0,38,Benign
54,17,27.14797770236801,4657,32.188165075468795,24347,180.04958418625057,6,3,3,0,32,0,48,Benign
76,11,24.72894806343121,1971,18.923014492679272,6091,345.47753493036794,8,9,0,0,24,1,10,Benign
84,28,34.90083912578484,2264,28.413402193357907,26462,183.19737383532822,8,7,0,0,22,0,74,Benign
93,10,31.060496359553362,4029,43.75170373853445,25269,166.75076937344056,3,5,3,0,21,2,59,Benign
39,39,17.511766422575676,3861,27.548188552535077,26983,254.61142871404397,5,9,2,4,33,2,27,Malware
85,36,14.80930164625651,1053,27.066994360010764,22060,416.0247357659662,3,4,2,2,15,1,58,Malware
41,31,22.905492439882416,4742,59.5375366419751,6124,170.61373930401908,1,4,3,4,48,2,84,Malware
62,22,29.529090075005115,2490,45.940736136314314,15482,146.81062700542995,3,2,3,5,15,2,46,Malware
46,32,19.260304212096585,1108,35.69308559250257,6113,112.65907698472634,5,3,4,1,3,2,79,Benign
90,29,27.130778204949184,1279,38.96878254987897,6972,266.3863026121714,6,9,0,2,30,0,85,Malware
39,26,5.574801185181272,2688,41.00913157594054,16140,212.8100259587641,8,4,2,2,41,2,44,Malware
60,12,32.77520324894313,2698,11.228769947042096,12767,216.8433802449195,11,8,2,4,18,2,81,Malware
89,18,28.215041825463572,2080,14.013229526262378,25606,492.776777118059,9,9,2,1,41,0,52,Benign
99,14,16.82570260292399,3887,42.45946756783259,9714,177.64936116200846,4,2,2,3,8,2,74,Malware
46,15,16.520369765578764,3884,28.223442942415684,26313,283.37082020776614,9,4,3,4,19,0,52,Malware
79,13,8.08660423245516,4285,12.772202011596253,12661,494.5472684956021,0,8,0,2,48,0,75,Benign
66,26,29.48461171647585,4579,24.875662302581304,12143,112.24722104880516,6,0,4,3,27,2,44,Malware
91,39,28.058885277715532,4099,16.514171021069508,13947,378.66297787014423,4,4,3,0,5,2,43,Benign
58,30,23.907491226068487,3251,55.81569211131607,16960,248.43318090136793,9,3,2,0,45,0,51,Benign
61,30,8.043694164321035,1544,20.14626962765575,26255,462.4390454447066,4,0,0,0,26,2,89,Benign
40,30,12.870240969112123,3356,17.184559869702625,8836,464.77657509082957,9,0,0,5,14,0,17,Malware
35,25,18.76743419793855,4705,41.30844085443083,28693,254.8850943757156,5,6,1,5,41,0,15,Malware
64,25,12.979158312926778,1527,36.095596513841635,17164,188.5853861121057,11,5,3,9,1,1,49,Malware
62,31,18.01921769458711,4737,38.7966227017896,19588,271.2013753203281,8,0,0,9,32,2,77,Malware
47,20,11.778726219129569,2931,31.79740740201576,12381,486.122509845759,6,3,3,0,27,1,32,Benign
66,11,15.4880151141805,4414,33.35846554660648,25858,212.55943564818136,4,6,0,2,18,1,72,Malware
42,26,24.56890650789883,2008,48.93987779235648,5683,492.52711929321305,2,5,0,0,18,0,23,Benign
93,24,31.770832423390853,2241,20.99610924128337,6975,427.75659911873083,2,9,4,0,41,0,98,Benign
30,27,16.550920436984757,1616,29.826465141561705,5303,206.98093261447607,1,1,1,4,43,1,67,Malware
92,38,25.757246934822724,2612,57.891269246397464,17189,416.4277868331605,11,8,3,5,11,2,45,Malware
63,19,9.043792591475608,4158,19.49928505930226,23336,119.91977725285082,9,9,2,0,6,1,43,Benign
39,15,21.224539335672844,3078,24.688679752093353,24953,319.2253506217571,8,2,4,0,29,1,85,Benign
36,30,32.65112676663541,1099,19.57834621429953,12909,242.93965566751478,8,1,2,0,36,2,30,Benign
85,25,5.838074133721502,3714,11.024774817906781,9004,270.7743993534832,10,0,4,4,5,0,54,Malware
66,14,13.026720851804257,3851,23.491496252083518,27449,289.14173522970304,7,2,0,0,47,1,67,Benign
58,21,8.974806010404329,2338,12.323372298111959,14452,301.0851040797056,8,5,1,4,34,2,24,Malware
41,37,20.99364438489244,1494,17.734256320331667,12397,362.5649097955949,8,9,3,1,15,2,54,Benign
46,15,25.38927392213976,4689,28.134103503380732,22414,378.71081111290516,6,0,0,0,9,2,26,Benign
77,23,6.73337576189328,3518,11.036060853447912,10826,490.2816146473984,4,1,2,3,33,0,59,Malware
55,35,7.108532619216539,1741,47.64782829653583,25735,405.1114674897924,6,8,1,1,17,2,97,Benign
41,32,31.088875782467163,2538,49.77945068847734,14386,375.1191102867205,4,0,2,1,37,1,64,Malware
50,25,18.68699445702525,1733,30.570690120918144,12719,256.98355357228536,6,0,3,0,11,2,40,Benign
71,34,18.888547989159434,2656,59.23329896871347,16551,147.12322579489813,8,8,2,6,42,2,40,Malware
90,16,33.33741184874351,4743,43.94969574038495,21099,123.5153677782673,2,2,1,0,38,1,94,Benign
87,11,14.606288307947953,2806,47.18608739903745,13425,291.0738841300579,2,5,3,0,41,2,19,Benign
83,15,31.91070941098371,1997,19.615021183306673,16112,367.3026850509044,10,2,0,3,30,1,75,Malware
63,18,34.227642337287904,3378,51.87188114108567,6718,360.06394050336553,12,1,0,7,49,0,62,Malware
36,16,12.25082592951291,4265,57.25231990107531,5492,481.1445680700472,7,2,1,4,13,0,20,Malware
64,11,20.421165476376288,2753,21.81550832868959,16474,252.97198929693593,4,9,1,4,11,2,65,Malware
44,28,21.03068458700775,4262,44.323214719319004,23398,351.113525295841,11,3,1,5,49,0,88,Malware
94,17,30.985043353761917,3299,47.34705243316657,13029,455.149528752098,7,0,2,0,7,0,98,Benign
54,20,14.117244091454648,2761,25.258458590477453,28918,261.6311026311985,3,2,0,1,42,2,43,Benign
88,34,28.941273300602443,2024,33.750450128614816,17516,291.09726114027427,4,6,0,4,45,1,96,Malware
35,13,34.13022173834035,2482,14.876954679036205,13536,469.18915836435247,10,1,0,3,21,1,52,Malware
81,25,30.21009958232898,2668,18.654740197975396,10886,320.09678121204547,8,6,3,0,7,1,77,Benign
50,34,32.27420850370152,2113,13.078526182359736,19412,419.84397530603684,1,3,4,8,22,1,12,Benign
61,27,26.25063317428909,3565,38.00827452726469,29011,474.2495344891084,11,6,1,6,49,1,23,Malware
82,22,32.11867280831521,4554,41.26314486386347,13456,328.4232154224008,4,2,3,1,32,2,38,Malware
88,36,9.94551906056982,2779,55.80597917168665,23056,143.67478759776225,0,6,4,0,4,0,94,Benign
98,14,26.37084245124878,4716,37.10924053118008,25031,428.6799815097555,9,9,1,6,15,1,26,Malware
91,36,26.95632064914428,4187,23.030568540404996,27772,427.11286615852146,1,6,4,1,39,0,79,Malware
33,11,18.175428394982617,3120,12.97367732955594,13620,145.99407773740614,6,2,0,0,46,1,54,Benign
47,20,7.3921540207373635,3203,54.24765263754184,24546,319.2472606462244,9,5,4,4,21,2,62,Malware
85,10,23.673312387824815,1722,33.94290392640267,19780,294.83425418092975,10,8,1,4,37,2,59,Malware
53,22,6.55642419711442,3116,46.86609947211606,24294,438.8651730825581,3,6,3,1,41,0,57,Malware
95,39,16.472074884696486,1470,10.73246742977945,13645,209.85113298306595,8,4,1,1,41,0,78,Malware
42,14,16.810106869272552,3539,34.406946133220885,29924,270.51108331440037,4,0,4,3,38,0,74,Malware
91,27,34.96767525389998,3347,26.286131158324928,20453,341.9164178956535,4,7,4,0,41,0,83,Benign
83,23,13.994061011873315,4215,11.516563630691342,13613,306.8980770564073,4,3,1,6,28,2,14,Malware
44,22,29.61361813771066,2734,48.783640353622914,11633,482.01370987742075,8,1,0,4,43,0,37,Malware
98,16,6.595150556550614,2229,35.64508264468066,17973,484.2629310931172,10,8,1,4,6,1,80,Malware
32,17,20.89297956157521,3965,26.659012149556546,20483,132.62899631376115,11,2,1,4,2,2,51,Malware
66,27,21.10075035668036,3760,50.28992419536996,21965,219.13879691793423,12,5,4,2,31,1,69,Malware
66,16,23.86249559583387,3798,32.346172592508324,7662,103.01392628462831,4,2,2,0,27,2,11,Benign
32,29,29.30015610169815,3454,10.174897818415065,26736,267.14413940187325,5,6,4,3,9,2,31,Malware
92,26,27.85770145169444,3986,57.222381601916275,20966,364.85562115250775,5,1,4,1,1,1,19,Malware
64,25,27.830243849971236,3627,22.784137023119275,9258,288.51391243434597,1,3,4,0,15,2,37,Benign
81,20,17.968818029728606,4754,51.52877610316707,11923,126.87274942405736,0,9,4,0,23,0,97,Benign
57,28,26.82414447399579,2945,50.82076920406365,15558,178.38249500010517,1,8,0,5,17,1,87,Benign
47,36,19.739471532473644,4368,18.118696568036565,28212,169.31653932017858,7,7,3,3,7,2,45,Malware
65,37,7.008535350350066,3629,33.70013406073883,6324,304.4513159035695,4,7,1,5,40,2,70,Malware
62,10,31.70545347835181,3846,12.009948924924648,19169,371.0720062971571,3,7,1,0,3,1,11,Benign
93,30,31.704899184162812,1528,27.7275836444231,5100,226.53016926024736,4,6,2,8,34,1,60,Benign
55,38,14.68636293965418,1136,46.548942168481005,21799,152.18402573745422,2,5,0,0,19,0,43,Benign
77,17,32.4170785784282,3266,21.853473505517883,26443,419.43905922902763,7,7,2,2,30,0,44,Malware
69,10,27.739521155152442,4894,15.856396537115499,14575,443.34473472637063,9,6,1,5,10,0,52,Benign
46,39,17.024036925860692,3565,35.356177546750445,18442,210.59528537790027,5,0,2,3,42,0,20,Malware
69,18,14.945167952757606,4781,36.8493192186816,20230,268.2990809444831,11,5,4,8,39,0,41,Malware
36,28,34.25428098158303,2471,43.7914465660579,6043,132.77244105058617,12,7,4,2,48,1,47,Malware
86,30,26.378808893339325,3179,47.95688734012953,23130,191.07890527758394,7,4,1,3,47,1,56,Benign
37,18,16.364298643136003,3035,44.79047656323276,25875,406.80015122007364,4,5,2,4,18,1,90,Malware
85,30,24.259516639424152,2386,52.270610414742535,19627,246.07915584301665,8,1,4,0,23,1,94,Benign
60,34,22.145785971121068,2367,21.145323214101992,29041,341.8769061607009,8,1,0,0,23,0,14,Benign
88,19,20.736200681118824,2719,38.488337310824804,9443,478.4737921533135,8,1,0,1,4,2,73,Malware
87,33,24.341056964355314,2041,28.004767871066257,14480,389.4551383284378,0,5,1,0,42,0,95,Benign
41,32,21.128789665410856,4487,58.10561785008211,26244,281.38087384550136,12,4,3,5,35,1,62,Malware
77,20,24.64371061059142,2748,32.01397617074119,9170,246.75212414630948,2,5,3,0,9,1,38,Benign
60,10,32.22705686670917,1559,57.98569665667783,9148,176.21080598438624,11,5,2,2,11,0,10,Malware
92,29,34.797949044358155,2564,48.4532827029553,28837,402.4560291922305,5,3,1,0,1,2,39,Benign
68,34,26.2786062004404,1927,45.923193103434954,27593,144.97008766381634,8,6,1,2,10,2,35,Benign
49,35,32.83462405251298,4224,34.578185596091345,5037,124.55747615153618,9,8,4,0,47,0,95,Benign
77,17,30.752307616488622,3379,32.16890671278011,13957,141.93147010562387,8,6,4,0,31,1,19,Benign
83,29,13.851121939438375,2773,36.32740937592035,17069,197.1621547458916,0,5,0,0,14,2,22,Benign
58,21,32.987239491291064,3366,24.681653146347664,15656,350.84936594802036,5,2,0,0,28,2,34,Benign
77,10,7.124270001578644,2800,55.225496991923336,9806,444.5320533351348,2,5,1,2,47,1,24,Benign
85,19,14.897654631306345,4270,49.71653276326832,9843,497.0489612244406,4,7,4,0,36,0,10,Benign
46,13,24.198348053144,2549,50.069792716252195,18780,392.5936591240131,0,7,4,0,24,0,84,Benign
38,24,20.807463376854262,2811,31.657679772471806,5115,158.39083827224812,6,3,1,3,28,0,53,Benign
63,28,21.272371784880878,1979,13.554447412210854,29148,211.08190325179606,5,4,0,3,4,1,44,Benign
74,15,28.84664989403744,4081,44.15386589631393,21662,152.79469770934804,13,3,4,4,14,2,22,Malware
38,36,10.841110468585768,4210,28.72067919857059,21837,146.2207126055136,7,1,3,6,5,1,28,Malware
36,14,34.462265299023755,1166,53.521515622541266,24597,327.0930594165531,1,4,2,2,32,2,57,Benign
45,14,18.123746818915116,1146,49.016921922493175,26087,462.6892227627406,11,0,0,6,17,2,21,Malware
48,27,33.49529794416786,4474,17.266407099487804,18360,373.7305445341222,4,1,3,0,34,0,82,Benign
35,37,16.49347593490498,4828,40.085786526925716,25848,420.2600789041466,1,6,1,5,37,1,93,Benign
40,12,23.05360006554907,3986,44.610696296359215,21684,303.23870454282985,7,4,1,2,26,0,91,Malware
90,36,18.509344139694083,1444,38.40687899121807,13908,290.1284418615157,9,9,2,2,31,2,73,Benign
71,31,25.278054915559107,3117,35.70210880776307,11042,474.99382647506457,7,7,4,0,28,2,34,Benign
42,11,10.508741881525594,2351,21.393153750297063,10066,388.7858552262229,8,5,3,4,28,0,15,Malware
41,13,17.01885598521455,3880,21.79534222105922,5194,283.73644424357326,2,7,4,2,29,1,14,Benign
49,27,7.051433663222943,1918,48.40040693212773,6328,233.032978604626,13,1,3,4,36,1,47,Malware
79,18,22.943042509700405,3663,10.934489278177859,11393,137.25099724714931,7,7,1,1,26,1,21,Benign
65,28,33.88045095767369,2252,48.94550313527881,25737,428.3931644211475,9,8,1,0,22,0,64,Benign
98,35,6.377195454721573,2851,36.33993682695696,12133,167.72947715973237,8,7,4,3,35,0,75,Benign
66,19,24.788900735046994,2673,56.8111326192418,18761,306.00633172418793,3,6,4,2,28,2,76,Malware
41,31,28.252938909129792,1318,59.86607738614615,19182,354.9116957434859,6,7,3,8,44,1,35,Malware
69,24,11.393252725328866,4969,43.17422825544807,19394,397.63124210566497,6,1,2,1,22,0,60,Malware
83,10,13.192228801056412,1035,30.61285972100685,28772,133.33742324659718,8,5,1,3,35,2,40,Malware
31,38,11.04743258720106,2653,33.75429542803472,18883,104.2744555914513,3,6,3,1,18,0,15,Benign
79,20,13.922379100289223,1254,20.210771382575384,22941,382.40339833783213,10,8,0,1,5,2,39,Malware
70,23,8.302476775801225,2336,14.96171619957405,27360,281.7565099039064,6,2,4,2,29,1,91,Benign
74,19,16.11043613856267,1961,38.938169665106756,28913,172.45414395932255,8,5,1,3,11,2,48,Malware
38,28,16.067875859431844,1334,50.27475489833003,8124,492.8109648224733,0,7,2,0,24,0,18,Benign
91,33,29.218023698162266,4091,23.08832588646066,9882,416.54166210100493,6,3,2,6,38,0,82,Malware
76,30,29.02874946802155,1297,30.98264051226749,28503,331.4052244641515,1,4,0,0,45,1,72,Benign
34,25,28.901700899280943,2044,37.73868308884904,13720,380.84283715827524,7,1,4,2,44,1,79,Benign
30,17,22.01107739656791,1477,55.39489099850286,13689,162.00938257883416,9,9,4,5,25,0,13,Malware
73,11,14.776420605990037,2791,16.931561383102803,11782,484.8900780267487,9,6,3,1,16,0,39,Malware
51,32,17.328935492013013,4831,21.844158436483134,20356,498.5468316189112,11,7,0,2,20,1,54,Malware
67,34,14.532305142862453,3519,55.926522589289235,11298,359.3782038955081,3,5,2,3,13,0,35,Malware
48,16,22.45783714942164,1961,11.976779657734589,12146,367.3250405771008,9,8,2,12,35,1,83,Malware
60,28,33.13937363940998,4749,42.80578170299293,6810,381.7834102941574,3,2,0,2,12,2,79,Malware
96,16,13.534903521671426,1469,41.97629416089758,12914,366.314489375507,10,8,0,5,4,0,40,Malware
71,24,18.76555452938389,4420,29.1627216816282,24229,275.41633137688484,4,8,2,4,36,1,35,Malware
55,17,24.653507904180206,3814,33.40823395035591,23509,316.270494888355,10,8,0,3,30,0,80,Malware
42,23,30.34084735386748,1589,52.745897574028064,12341,213.09047899606924,0,5,0,0,29,0,17,Benign
87,10,12.600017619228945,2988,18.249103167338955,5319,278.73916655284563,11,8,4,4,18,2,70,Malware
47,38,13.408698529411717,3839,21.578373913946354,20391,274.44132239846726,8,6,0,0,41,1,94,Benign
96,22,31.554965967678086,4865,35.61752057199452,21308,215.25616892534043,5,7,2,0,29,2,47,Benign
32,12,7.40774359957409,3433,30.487271150001508,29470,414.6819277948922,8,7,1,2,9,2,57,Malware
84,30,23.16342817901638,3989,38.71862487725918,24747,263.86880175053886,9,7,2,7,10,2,71,Malware
87,37,30.81366248287961,4948,56.04195930468979,15761,320.68611158672303,10,2,4,5,10,2,25,Malware
92,15,32.652282510546,2569,55.85510088689183,8386,162.4362092743822,0,5,0,1,8,0,12,Benign
81,28,5.380617626986063,1445,21.500916985749587,8338,289.98676007224526,11,6,2,3,49,1,71,Malware
53,24,16.089979324825528,3006,25.10723064244202,29561,404.582132481389,9,3,3,5,19,2,65,Malware
38,13,12.7179435836314,2960,18.103434064851495,29820,277.81025564276973,1,3,1,0,44,0,76,Benign
66,30,22.040977663241694,1098,56.38951857319632,11734,323.0965535388807,0,6,2,0,44,1,96,Benign
82,12,23.98586830440888,1654,29.89320650990976,15911,380.68263364662283,11,1,0,3,34,1,21,Malware
53,13,34.99323432816586,2078,32.485257244183856,28642,255.5902298468116,4,7,4,3,3,0,97,Malware
50,14,20.382874906967768,4074,50.13203903887298,5869,241.31302102988806,3,5,1,5,23,2,64,Benign
69,27,21.544006362118093,2355,35.648673640514595,22843,134.29678322850478,4,8,3,0,47,0,22,Benign
91,35,17.42940523416926,1933,15.987774111075606,11784,332.90895774528997,6,4,3,3,2,1,24,Benign
99,34,9.43031713515727,2458,31.89243547213483,25493,382.78341962524763,7,9,0,0,46,2,16,Benign
98,19,14.099739208417954,4984,41.526202163931586,12042,332.5009846022413,5,9,3,7,15,1,33,Malware
43,17,12.409547531330954,4557,45.96045438785182,11429,213.41013803679414,11,0,1,7,35,2,22,Malware
71,21,29.03659074045026,4290,42.2675926391447,5685,204.9347505194109,6,6,3,0,48,2,28,Benign
79,31,21.374492646569372,4282,15.959035961618165,20757,163.7950452824442,7,3,0,1,7,0,76,Malware
90,35,13.885808906460262,1816,25.217226258090918,10027,118.79633239608513,8,9,3,7,35,2,14,Malware
33,36,19.672787086805098,4567,46.67823224816076,18997,270.75121449047606,2,3,4,4,35,2,59,Malware
46,12,11.565946492862466,1660,54.009509716803734,23358,164.2081285007456,0,2,1,0,5,0,83,Benign
86,36,10.553814517196539,3279,12.359320753112986,18219,376.31908039635954,4,4,0,0,49,2,73,Benign
77,27,30.79826711725658,1599,12.111455403498859,28978,484.6932038012375,11,5,0,7,19,0,57,Malware
73,32,33.34432563398417,1919,42.17022646695312,14576,129.39262223400823,10,2,4,5,31,1,58,Malware
74,17,7.400438234809636,2746,37.402307708164045,25522,457.1823134684035,7,7,0,5,2,1,93,Malware
62,35,27.946481215592616,2758,17.7669525258857,22701,363.0864353990021,12,1,2,5,34,0,89,Malware
60,10,18.599346092818706,2831,37.414579084848015,10464,444.11159228379,4,6,0,1,44,2,72,Benign
76,23,16.669149239247602,2171,58.724367175042545,10115,161.98354047718894,4,0,3,0,46,1,16,Benign
35,31,25.68233928643463,4278,41.54501101983125,28793,462.5928114207816,9,8,0,2,13,1,43,Malware
63,32,12.98761056003097,1359,32.457057802485934,21950,483.1487285833291,5,8,1,0,35,2,88,Benign
82,22,5.6174367885076215,4490,51.37662439697877,29279,462.6856435809783,13,4,0,3,34,2,14,Malware
43,34,11.42008543460045,2967,20.641124282607578,14657,414.1998525773168,6,1,1,4,14,0,66,Malware
45,21,10.547752301275068,4810,30.71632154134566,17394,136.12170290404066,7,5,4,0,35,0,83,Benign
72,12,6.021481446606876,2440,36.38839459054237,18624,188.29242852368975,4,9,2,4,37,1,51,Malware
41,27,14.63946248078964,3919,35.22699460253777,28681,465.2540844430209,5,4,3,5,26,2,81,Malware
99,30,19.235556005424193,2719,56.04862346055762,7465,191.7697188907178,2,3,2,2,44,2,94,Benign
48,22,27.07486091151735,2576,24.63340536233379,25528,239.0856129268346,12,1,2,4,42,2,54,Malware
70,24,14.769839764777906,4253,12.825186036480982,9348,120.19075782287115,6,4,4,2,7,0,80,Malware
82,19,10.836207969732303,1555,55.8188602256871,8926,351.2372018460122,8,7,0,3,36,0,49,Malware
58,10,11.918593077608161,2233,20.853382856917133,28943,325.3203689077138,2,1,2,1,39,0,18,Malware
99,38,31.735312374851436,4920,28.95139869883537,16705,484.70866716306256,11,6,3,1,21,1,73,Malware
88,15,11.141612192521062,3297,36.544581225903855,19812,456.9378541147459,4,2,1,0,15,2,69,Benign
93,18,31.37722002549531,2535,58.79402352741067,9010,302.3775563448056,8,5,4,7,13,0,29,Malware
53,19,18.41296986463386,3643,36.76342208142991,24261,343.7349212210096,8,3,4,0,20,2,26,Benign
45,24,33.032012970455796,3186,32.38716532742395,6400,265.2787280620065,10,5,2,4,34,0,48,Malware
81,18,17.24276408914096,1989,39.181923975882334,11707,152.98365496312414,7,1,0,5,26,2,72,Malware
35,32,10.33048801417452,4302,58.54040799585689,22124,447.11623817543466,4,9,2,3,4,1,31,Malware
66,23,21.47089787634013,1909,50.89722993782202,27714,319.815432402214,8,4,1,1,34,1,80,Malware
33,20,22.631198085472032,2961,18.448406815596105,22086,270.1568495543712,8,1,2,1,20,1,54,Benign
67,16,24.06467909819809,1011,50.163000745210454,11255,127.38616241377466,4,7,0,0,19,0,37,Benign
70,33,17.344901554085816,1979,52.05495299019442,9388,366.1533633418897,5,8,4,0,37,2,15,Benign
43,35,6.458040223834855,1272,44.534705197923316,14147,259.86596230229674,12,7,3,5,31,2,90,Malware
80,39,23.80159768848536,1487,42.861672958363215,12127,201.47834651203476,10,0,4,4,19,0,75,Malware
94,11,32.990904628009154,4161,32.04385004239021,6820,450.70130870765354,5,4,0,0,43,2,70,Benign
81,23,33.72675885517191,2997,42.08476935597269,29290,173.45273373296493,2,3,4,1,2,0,17,Benign
59,15,22.90656103583044,2048,46.87874860761289,26128,306.00794977668613,7,3,2,5,26,2,16,Malware
86,14,5.596610538632954,1537,16.141012403714953,25775,418.3024074494006,10,6,2,6,22,1,89,Malware
59,14,8.181154425464369,2688,22.866498009171785,20811,439.629909245071,6,9,2,7,17,2,75,Malware
71,38,30.019715773083284,4032,19.7040939483147,22763,427.48215996784677,8,9,2,5,24,2,31,Malware
40,28,29.892333129600264,2595,52.06059184530071,29854,458.6505341226016,8,3,0,0,12,2,52,Benign
56,28,33.38046815805086,4131,44.000129576588385,29422,156.94295102463798,11,0,1,7,22,0,58,Malware
53,15,21.913232686004392,4866,32.53892697875882,9347,476.18341295661344,8,2,2,5,40,2,80,Benign
68,37,30.914488834053174,4242,51.30278752442341,22727,104.32117299846513,10,7,4,2,20,0,35,Malware
47,35,29.74660777045632,1587,45.83906699962554,26654,202.36160070030644,6,9,0,5,3,2,63,Malware
74,38,22.682624186213005,3835,55.67965407726484,21988,133.6154984843271,7,6,0,0,15,2,48,Benign
41,19,28.50912660101161,4518,13.840349804895787,27903,478.2132540686064,12,1,3,2,43,0,21,Malware
78,32,8.771316335374143,2743,35.45786907706176,28916,269.574261346361,8,6,2,1,14,1,50,Benign
60,23,24.17608270640361,3968,45.337395178812756,15847,226.10776195131703,4,1,4,5,48,1,11,Benign
51,26,33.60352869011582,2690,20.37465934024229,27967,166.83498541238802,3,5,1,3,10,1,61,Benign
73,39,9.858724953182232,2715,26.3563115985682,19477,162.3271629761814,9,7,1,0,20,0,93,Benign
93,12,27.321280454000032,2617,30.948812565991332,5591,345.57267441718085,4,2,4,1,23,1,62,Malware
54,37,14.623573920301538,2033,49.71628091352946,29422,118.8336665569694,2,2,0,0,9,0,64,Benign
80,10,29.5131177115349,1242,34.67881005285976,27547,337.73215009262094,13,7,4,2,39,0,28,Malware
36,19,25.916328011170027,2201,34.64350164238947,25338,409.8597488795226,4,7,3,2,10,2,35,Malware
35,12,32.785227728198706,3845,31.544380927607264,29587,340.40594678353307,8,9,0,1,40,1,46,Malware
53,14,26.358062590816857,1256,21.42945446481577,19280,430.63150721838366,6,5,3,2,3,1,22,Malware
48,34,17.309317848885847,3042,56.15357678063823,11779,206.10348161938305,11,0,1,2,12,2,96,Malware
38,28,5.3267760347097735,1309,25.89005603283377,5121,130.86860704466235,8,2,2,0,20,0,34,Benign
65,19,28.787506903124847,3563,38.37328303849503,21199,388.3962467694036,1,9,3,0,25,2,67,Benign
69,39,17.253948999662164,2238,17.438986776115325,7276,431.25215615650956,2,6,4,0,25,2,56,Benign
53,35,25.11902284504579,4974,31.712169604952358,13095,300.67061462618165,9,1,2,5,28,1,32,Malware
77,34,8.151994437452563,4101,55.190175808460886,12076,428.2467759955021,9,8,1,3,16,1,12,Benign
92,25,31.72905907692965,4417,59.7732619255296,5877,283.1676621821065,2,8,4,0,40,0,60,Benign
98,10,18.069733922195155,2088,28.087592836673355,5785,179.41105356898382,7,1,3,2,21,0,87,Malware
82,15,32.59075201426046,1635,17.699527315716775,23460,289.75760704275126,2,5,4,2,7,2,88,Benign
83,18,26.21052301383473,1796,25.722576336519758,19470,186.38025958064728,3,1,2,10,12,2,44,Malware
71,37,8.643867862941597,2176,26.36208841935097,27055,288.81262831520223,0,0,4,0,48,0,87,Benign
74,14,22.375898402230977,3087,42.225439714115886,5100,159.0206236715738,3,9,3,6,42,0,26,Malware
43,36,32.29803343825362,4097,34.807836224728014,13567,174.22482857064776,9,8,0,4,35,1,15,Malware
58,23,28.99911679650294,4344,48.42298641328152,13837,453.16510619086444,11,4,1,3,18,1,67,Malware
35,19,17.5394122272875,4230,45.06516422487406,8382,146.34327224222443,8,0,1,1,18,2,93,Benign
36,11,33.65193191761721,2724,22.565436196262315,27344,189.7097120381613,11,6,2,1,11,0,57,Malware
66,14,13.057285424045803,2799,49.212784494288904,15932,498.2080202486615,4,2,4,3,32,1,19,Benign
82,10,16.253231099549474,3628,52.3730933457408,27727,330.40740643631466,8,5,4,1,33,0,23,Malware
47,34,27.49142519860395,3048,39.91950948770008,26200,334.3276868637863,7,3,3,0,47,2,36,Benign
67,19,11.987136716465482,1078,56.383385462428805,18911,437.9883505689332,8,2,1,4,45,2,77,Malware
88,38,20.461234098786438,4299,49.14740613672751,23407,309.7278545955829,6,5,1,5,33,1,92,Malware
30,35,26.86367570312463,2350,39.76979534365995,12292,188.7127813933819,8,7,2,0,15,0,61,Benign
97,34,24.319032984270443,4629,55.308299865666505,22429,268.9866225203137,2,5,1,1,18,0,60,Malware
73,31,9.661097423629048,1619,40.01792401202695,23481,402.0005014521848,5,5,3,0,22,1,54,Benign
76,36,23.889809483835037,3548,36.059556366867014,25206,448.979375377356,9,4,3,5,6,1,75,Malware
64,18,22.181315864153216,2498,27.812917020555137,26205,209.28152999931808,9,4,1,2,22,2,66,Malware
89,39,21.735344751173375,2378,54.143166529722265,25250,204.7901056556773,12,0,2,11,6,2,36,Malware
81,12,29.781415596117384,2147,16.13635854364108,27593,231.04328248311825,7,3,3,0,15,0,56,Benign
37,24,10.516880675750418,4731,33.67513571087282,13076,338.48427994247106,10,7,2,4,38,0,97,Malware
70,13,27.546979611303424,1977,36.870666593751096,7349,211.40362624253805,5,5,4,2,30,1,51,Malware
32,22,27.827780532052454,2447,37.73745533848884,21767,457.25477018423703,3,6,1,1,30,2,72,Benign
98,15,26.679363187426052,4323,42.59449152426216,21138,491.2030354865256,6,8,4,8,46,2,67,Benign
43,29,20.1790494043628,2537,35.289781212690784,7585,371.6479689978539,8,7,4,0,46,1,77,Benign
55,26,16.86616243213212,2757,22.840907381996352,22086,488.11987842089803,1,3,1,2,32,2,75,Benign
99,32,16.840314802186388,4772,52.84721980697499,7096,215.1401873997079,6,6,4,0,20,0,55,Benign
87,14,27.014261418267218,4578,42.87626639177642,5318,426.0681412742172,7,2,1,5,17,2,31,Malware
69,39,19.93690107748614,3533,52.909390685515305,13212,371.3778559379031,2,4,2,0,29,0,94,Benign
80,24,15.153011726927806,1477,23.802174549018837,21975,205.27673226561484,1,2,4,1,11,0,63,Benign
34,17,23.76409053215965,4654,41.852844745141084,9104,227.36291209786694,4,6,4,4,43,2,87,Malware
61,34,30.110337815090503,2894,45.708687253819754,22844,295.4502666013541,1,2,3,0,20,1,93,Benign
30,14,6.845262235048453,3380,29.170258018391923,23295,416.65733461380603,4,7,4,0,41,0,93,Benign
83,33,34.164108733143124,2632,50.61220591034506,8126,448.88890768211917,4,9,0,3,20,0,42,Malware
40,22,7.89955818745713,2255,10.125438742114836,15757,353.57881750060244,7,7,4,0,8,0,82,Benign
82,10,20.35214362108755,3040,39.74598751071108,11912,388.6305488897319,3,5,4,0,17,0,51,Benign
37,10,21.806286321133882,2565,40.678423517606525,28231,205.53981504598892,2,8,3,0,12,1,47,Benign
54,16,9.146321160840445,1029,36.69215465193177,28428,396.4286199112689,9,1,0,0,32,1,86,Benign
69,31,32.467812590530386,1726,41.50242434597247,10348,341.9919251966438,5,5,2,3,22,2,22,Malware
61,14,19.14401231877482,1172,18.361342851163514,6270,189.16836209851613,3,3,1,3,27,0,64,Malware
57,23,9.2936154338118,3839,44.239074090118784,28550,480.07478864095987,9,6,4,12,37,0,78,Malware
32,24,26.348372085433127,1467,26.78944814183326,5281,305.14384376594296,12,0,2,6,47,0,67,Malware
91,30,24.902130357278295,4547,32.60268712879589,17544,417.7848077838581,2,3,2,8,26,0,58,Benign
56,39,33.885967093443426,2975,26.655468199813434,26596,310.24510672294605,3,9,1,4,31,1,59,Malware
74,34,18.245489740632447,3770,33.696810174974274,6829,473.1746865346023,8,3,1,3,29,0,55,Benign
54,26,13.03387919494278,4388,41.078461325587384,21338,156.51175385511934,6,5,2,0,31,0,10,Benign
90,33,6.799820188857862,3444,51.917173544777555,8739,318.4618503082231,10,9,0,1,24,2,48,Malware
73,27,26.99364575240808,1124,34.17175288201105,11276,110.0620008239407,3,5,3,11,4,1,15,Malware
75,16,23.518330676912672,4151,26.161191380180163,24348,178.95743701524563,6,5,2,0,46,2,61,Benign
43,31,34.17832504702278,3743,34.397093946269216,27000,212.41060184148427,7,3,1,0,14,1,77,Benign
37,35,26.364949394108976,3574,44.44018320352578,19421,289.04402843893877,3,4,3,1,13,2,82,Benign
77,27,32.99484439814648,2546,27.33503583628978,12763,428.06906296963854,9,7,1,0,23,0,72,Benign
43,37,34.74736384338741,2419,30.71410373617031,20237,286.66180022659694,7,2,2,1,8,1,99,Malware
94,38,17.852934326980574,2877,38.14199085043682,21284,324.4748798033577,1,5,3,5,13,1,11,Benign
36,28,9.508850401078313,4160,24.700463191367504,7807,469.62174427252415,4,0,1,2,1,1,70,Malware
78,29,10.875523307097911,2026,20.45423297722209,7919,402.6129858008244,4,9,1,5,27,1,33,Malware
84,16,14.551256693369501,1535,17.0196141931631,16196,120.08135528616184,3,5,0,1,17,0,73,Benign
42,17,20.266873011988185,1600,27.630499156303713,22954,170.58503628862272,4,8,1,0,41,0,14,Benign
85,22,8.672599981890684,4592,12.417145321902852,10756,115.2870048525069,9,7,4,0,9,0,74,Benign
85,36,14.05153615565707,1987,39.17412633547508,11707,127.62250431139393,9,4,2,1,27,2,59,Benign
44,27,14.233815421487462,4629,18.795468299876227,29333,235.54192079517904,9,6,4,3,26,0,64,Benign
86,33,5.122569648941385,1605,28.86973961650214,28260,391.1434015465014,8,4,2,0,49,1,44,Benign
87,20,15.625062189991782,4142,23.46114076991863,17596,197.74115710823494,9,2,0,3,21,0,80,Malware
64,18,8.484566002540141,3747,41.51949831708747,29636,256.914504988615,10,8,2,2,43,0,13,Malware
45,32,17.891341389871677,1138,52.517283073343314,24959,257.54986457744775,5,6,0,1,46,2,59,Benign
37,10,10.896102122112474,3057,41.66505214941725,24212,336.1226201369176,9,7,3,1,48,1,94,Benign
74,31,29.663427190795883,4586,37.12524643366969,23958,457.16760286601505,8,6,4,2,4,2,82,Malware
69,17,7.415760583214706,2554,43.45418696610211,8382,493.29091337223605,4,6,4,3,14,0,99,Malware
83,30,30.969812942546003,1129,11.499531888009992,8764,341.84438573115256,1,7,0,3,42,2,67,Benign
43,21,22.41579846573795,1400,16.14223304810599,15439,302.0281919354562,7,7,4,1,45,2,10,Malware
88,11,18.759219895950725,2244,14.746361798552211,20150,372.75027401327964,10,5,4,11,11,1,29,Malware
82,24,21.492269506817305,1641,14.9098582874392,21300,367.212498968809,4,3,0,5,4,1,84,Malware
56,30,16.283273875330078,1436,23.0241857598274,8424,309.5783450703505,2,4,0,0,34,1,41,Benign
76,33,8.828357149758352,2423,36.60261301916026,22482,394.7825195269984,7,5,1,3,5,1,22,Malware
35,27,27.9763944735134,2136,15.734078932837356,19271,296.50856119396263,8,8,4,1,32,2,37,Malware
84,26,32.837347702892465,4721,56.75581205946946,15995,498.5833705008185,2,4,4,8,16,0,19,Benign
73,24,33.502028693595946,2475,52.71284013272077,18582,119.5989213787624,7,8,3,3,28,2,11,Malware
47,29,25.121345186682333,2578,58.5822176916491,18332,277.2862487069675,0,8,4,1,2,1,14,Benign
45,29,17.310422795500017,4289,12.12500225442453,16299,258.80973756223284,4,7,0,1,35,1,80,Malware
41,18,19.350798868294895,1057,52.570122354465816,5197,408.1215827787488,9,9,2,0,8,1,80,Benign
49,12,24.70897090967947,2136,50.18670377207447,7688,176.3301425629661,3,5,1,2,25,1,75,Malware
74,29,29.69217549525044,1699,55.105293230123024,19889,273.63019920309046,9,0,0,5,23,2,23,Malware
93,28,16.237014126291214,2145,36.397208382990435,12098,379.17781466200427,5,4,2,2,36,2,94,Benign
88,27,32.50343674343334,3455,49.39445353878367,27513,341.2767465267245,4,2,4,0,25,0,27,Benign
51,29,14.728164647918387,2483,12.56434396713262,14760,318.0487325906473,7,8,0,8,17,1,23,Benign
76,39,20.925793259816125,2108,13.79388947419944,14062,273.98205296233095,7,3,4,2,26,2,22,Benign
58,17,33.84085400106841,2641,15.926612047479413,5509,400.80352009758366,3,6,3,0,46,0,92,Benign
74,10,33.145967462768304,1399,55.7394431649104,23847,358.5700511641084,9,5,3,0,37,0,30,Benign
38,33,25.872352685832478,3403,13.058467469422443,17225,449.8844101384055,6,5,1,1,21,0,39,Malware
53,33,14.736805834250262,3146,15.007476334955546,28481,393.19955457993746,1,4,2,4,5,0,44,Malware
44,24,11.571050995520107,2544,56.52052013147635,23272,156.16302577989887,9,0,0,3,24,1,60,Benign
65,28,7.404300660006326,3565,15.369629091613909,7250,347.81521670584834,12,2,1,2,10,0,64,Malware
42,39,26.25963214218156,1107,53.48781493626869,9671,117.81537329086808,12,4,4,2,2,1,67,Malware
73,35,20.10352082006107,2984,49.46353940311432,10010,254.9483449171549,8,1,0,5,26,0,91,Malware
65,19,22.168630818327717,2997,12.014099426607713,5984,264.7750826887104,7,1,0,0,9,0,80,Benign
90,21,19.171765217772133,1151,11.0923698444815,5795,441.95316137352074,10,3,4,2,48,2,21,Malware
69,37,19.488393007203285,1905,36.71941917567966,11089,172.14868271086186,13,6,1,4,30,1,83,Malware
56,15,22.138208576148955,1849,59.85877018833836,19046,357.4166019693142,0,0,1,0,39,1,47,Benign
30,38,32.42786018528113,3796,53.94150800494933,5847,176.9548090342554,3,8,3,0,36,0,12,Benign
63,22,5.880988984041431,2992,25.501271668564232,22775,479.4680604791177,1,0,0,0,32,1,55,Benign
97,13,29.049103387194872,1026,29.315461705770172,12593,311.7987730592854,2,7,1,2,8,2,82,Malware
50,22,16.715487816747974,1118,29.395299811905055,27101,383.2855059313913,3,5,0,5,3,0,66,Malware
62,26,27.347728018489992,1722,46.70894079525074,24377,358.61815619080284,1,0,3,0,4,2,80,Benign
36,39,33.455789877330695,3147,27.056637633119177,20074,221.45540958795564,7,6,2,0,25,0,35,Benign
94,10,14.188609805790055,1002,17.389853068763035,12627,460.4791041692507,5,1,2,0,49,1,55,Benign
32,14,7.686639102313968,1805,47.35537042917752,9457,350.8994674862652,8,0,3,0,27,0,57,Benign
80,37,11.96895308944777,2992,32.90078091225523,9571,304.12720775901664,2,7,0,6,16,0,27,Malware
83,33,11.662784933376878,4913,13.83893618432335,17591,311.3442773798275,3,1,1,5,23,1,72,Malware
88,26,27.255482523807622,4400,49.50261342460304,14629,456.2762096568817,7,8,1,2,47,2,53,Benign
35,27,6.855745451753521,4600,39.26556319751146,29977,123.64778913370805,13,5,4,5,26,1,66,Malware
58,16,6.528007395672013,2129,34.46846626343921,19039,255.62483683643484,2,0,1,2,15,0,68,Benign
46,25,25.80825783451508,2253,43.66715835736399,22261,436.65101112760516,5,7,0,5,26,0,91,Malware
89,17,21.701590546280713,1303,35.268384141018316,24538,115.00609877027834,7,6,0,0,25,0,71,Benign
51,21,17.533026345296104,1176,42.42100739942496,27093,355.6724877288542,4,0,3,0,42,2,55,Benign
53,23,22.261052209311355,1083,53.37442726826608,25825,261.3056732559468,10,7,4,2,11,1,27,Malware
80,28,27.05743717905917,1262,40.67571840555627,6095,181.833388200812,3,1,1,2,13,1,94,Malware
79,20,8.10414118120338,2219,42.98002489271374,16714,344.56194690280233,11,7,0,1,44,1,24,Malware
40,21,21.598592479428277,4320,40.692803471033734,6806,432.4244011981879,9,8,0,3,1,1,15,Malware
85,22,29.73250498742916,4453,36.55898888166483,27380,286.935821738505,3,4,2,2,36,1,69,Malware
71,17,15.872875117349372,3505,18.598620548773578,20143,158.694955768406,11,4,0,1,31,1,68,Malware
68,10,27.89053962867917,4732,26.783882177943273,23060,222.46048792878508,13,6,4,4,22,1,91,Malware
98,18,30.362625174395273,4789,44.65544836790611,13399,492.5413000196068,5,0,1,8,36,1,32,Benign
77,37,29.627875754604016,3456,31.27380533508886,14557,144.436754689543,8,4,2,6,5,1,41,Malware
86,11,24.510692059575835,4152,30.306450595551162,10501,164.28600807425903,6,0,0,1,45,0,44,Benign
50,23,26.52033555189376,4772,47.963464206527895,12276,496.07113916394843,6,7,4,2,19,1,64,Benign
49,22,28.63025542144343,4483,10.278443031183063,16117,452.8405694751671,3,7,3,1,48,0,44,Benign
44,25,27.01127928492896,3253,43.94972401226693,17449,382.8514978942988,7,0,1,7,31,1,11,Malware
98,11,18.55040486859736,3867,34.461325524500765,15255,160.39330138441366,2,1,3,5,23,1,33,Benign
80,13,9.773628286158667,4062,28.838129062317606,28565,196.21965994064547,3,6,4,10,22,0,99,Malware
91,21,14.291917996565816,4852,27.02683057867948,29821,172.07288162612116,9,6,3,1,31,1,71,Malware
66,25,11.217396867261744,1801,18.64377476575848,29452,352.38194200423834,0,8,1,5,21,2,99,Benign
35,19,15.843324629750066,1894,26.712604137430155,23986,259.5475550961537,10,2,4,4,3,1,53,Malware
55,12,19.679932405472847,1872,29.570923605518644,20761,119.11165447803747,4,1,0,2,11,0,13,Malware
37,13,33.77140015202738,1387,31.872445971241746,26551,216.5169210906016,4,9,3,4,12,0,31,Malware
33,15,33.78388384967788,2835,43.615031933876374,19015,444.26129042586047,5,7,2,0,42,0,60,Benign
50,32,28.087655627505697,3941,32.678550971150244,24865,418.4169333658656,3,6,3,0,25,1,25,Benign
60,14,34.404208650900216,3814,49.81421521116753,22861,357.2047215876857,10,2,4,1,48,2,65,Malware
50,27,34.940474474733776,4470,41.98689986891873,27669,134.21740567765582,2,2,2,0,21,2,39,Benign
54,12,31.557702433959303,3003,19.47985397470447,7497,453.1163276558195,4,6,4,3,7,1,75,Malware
44,19,7.385107496184141,2031,23.858658638525675,10850,313.80712349930195,7,4,4,7,31,0,46,Malware
64,20,17.781323103927857,2649,13.962459322069272,22864,297.8304040120188,3,8,2,1,11,0,27,Benign
78,28,21.023599430760264,2540,57.28608774616611,6787,473.6254307928896,3,9,4,2,1,2,28,Benign
72,23,8.722477568469422,1449,54.32752406146333,23196,103.53761077003085,5,6,2,6,14,1,18,Malware
70,30,29.25891881729375,4547,14.239811272546856,24307,322.35888273390924,6,0,0,0,47,2,40,Benign
66,37,9.460502448463426,1341,38.703800792373,7561,416.49775647548245,4,0,4,0,23,1,91,Benign
86,20,16.499863261789518,2096,58.02009094304093,24330,125.47618986220566,7,5,0,3,36,2,78,Malware
71,37,7.06736539783644,1859,47.357139497307784,21288,242.8688269659477,8,4,1,5,43,0,83,Malware
76,30,20.737792638759288,3168,34.59060969853363,5915,490.9940738078828,6,4,3,0,5,2,95,Benign
90,13,22.91124340504052,1301,22.055149445331743,27755,184.71442066265905,3,7,0,0,40,1,58,Benign
43,33,27.05530550482039,4008,23.95185375406478,12313,312.4717733623821,13,7,3,5,5,0,49,Malware
97,31,15.18384466048859,3931,46.81189773356803,15988,398.42761041382204,7,8,2,3,2,2,89,Malware
82,15,22.71594498809543,3019,49.02876366219233,24199,256.14954100277424,8,3,1,6,38,2,32,Malware
63,26,27.024420189814155,1880,36.43466621757163,19616,263.14929866309444,6,4,2,6,6,2,69,Malware
53,31,27.86105446730072,3281,16.04743507583524,26669,125.30734084130776,8,6,4,4,17,1,19,Malware
49,28,14.049255393501113,1065,56.69341868132973,18454,176.0373393682602,13,2,3,6,5,1,84,Malware
98,22,7.031117905343751,1229,52.23813672833675,9593,452.2436902062352,5,5,2,5,14,2,39,Malware
59,31,6.128584326546628,1921,17.026938951371143,5976,427.32705616670034,7,2,3,0,36,2,34,Benign
36,19,28.04180854077751,4614,12.836379181442611,22133,221.8554089052273,4,3,4,1,47,2,36,Benign
65,38,16.563167515437375,4890,36.79338413748668,8555,252.68451959236887,2,9,4,3,46,0,81,Malware
67,20,9.018279884100547,2832,24.2071308864763,28964,276.16416944881837,4,7,3,4,28,0,83,Malware
81,38,10.534668065638167,1050,24.1624854707284,16360,238.3774513097078,3,9,1,5,12,2,26,Benign
44,15,27.984514244093706,3706,14.361079637520588,26183,361.56468167217037,10,3,3,6,33,0,36,Malware
75,11,22.967060020722947,4678,57.66929176356937,12455,105.13137234865133,12,3,3,2,40,0,32,Malware
52,10,20.042094984907123,4400,51.508322982992226,24399,452.0672223685997,8,6,2,2,24,1,83,Benign
41,20,23.690227568735978,1386,15.691729593795841,16818,220.2596374210477,5,2,3,7,18,0,89,Malware
73,25,9.124986624722723,2061,53.82993838254151,13460,448.9493847305357,9,2,1,0,11,2,79,Benign
44,12,14.57126728730471,4781,44.14780279815685,8028,281.7543270493149,0,0,1,0,46,0,10,Benign
78,14,16.221905521552166,1752,26.272056591430434,27832,410.5323966827115,7,6,3,0,25,0,98,Benign
50,24,14.434933081393664,2196,53.56252772075659,15327,430.3119355646585,9,3,0,1,19,1,58,Malware
44,24,30.932489364048084,3540,39.90110938909792,10239,220.51552945249315,3,6,3,0,4,0,26,Benign
43,13,22.442634339578518,2791,52.4334922167193,22632,356.1299236467611,7,1,2,4,7,0,42,Malware
71,32,26.879642224516807,2478,33.46339622436262,16399,342.9655903909567,3,4,0,8,18,2,41,Benign
44,13,12.101182696270897,3088,35.03255200809137,6405,290.4056407667458,3,6,4,0,15,0,23,Benign
92,17,12.922221118872512,2944,24.550501470547808,27538,287.8274707589085,5,8,4,10,42,1,13,Malware
97,16,11.760079492344389,3993,29.38463459723541,21822,222.08130813508575,9,9,0,2,48,1,71,Benign
56,35,25.639387329366727,2152,38.38760345641107,20369,224.07620464318478,3,3,3,2,15,1,26,Benign
82,34,15.471229870715552,2077,57.352961185430864,21698,319.260643308814,8,5,4,0,2,2,98,Benign
81,26,17.152523972124893,3133,40.005887998406735,7112,112.90824719573914,9,2,2,3,41,0,23,Malware
92,24,26.27364823516583,4795,17.36890958901968,26380,473.4657527898888,5,1,4,1,36,0,15,Benign
82,14,34.153961056496165,4340,10.349809273824336,21975,359.9917291879126,8,9,2,3,7,0,20,Benign
86,22,9.85625941199954,3343,52.549392775434,18779,277.3774159319523,2,1,0,1,29,1,37,Malware
81,13,6.880288047044103,4092,28.216271168307653,17482,124.72240085355696,3,4,2,0,25,1,18,Benign
72,31,10.845377959023828,2238,25.748296981991643,26917,352.005004049228,9,2,1,2,21,1,81,Malware
36,26,27.048820548898348,1424,50.03655614711909,8670,107.09706509766602,8,1,1,3,49,2,39,Malware
71,31,10.83881873147049,3236,57.268214954491775,21033,371.946878036807,0,1,1,1,12,1,69,Benign
33,26,22.530572078746587,1160,47.40225441759782,29432,129.0097790095929,8,2,1,8,8,1,53,Benign
98,23,22.709496094969463,3760,18.692365645571613,23293,362.4408759039253,13,0,0,2,21,2,47,Malware
34,23,13.832693008912432,2564,29.568914679552112,29411,262.3551065401794,1,7,2,0,41,2,89,Benign
70,26,7.061788396298861,3428,47.96992762173703,17288,365.05139793991873,1,8,3,5,24,2,73,Malware
33,17,16.976015523548142,1243,55.34629073352867,9463,155.3989302293224,5,0,1,2,36,0,93,Malware
31,11,10.603562667696067,1182,59.93000319748301,11774,146.95316368310432,9,4,1,0,2,1,83,Benign
96,35,10.534196307995723,1543,35.578045356909286,7423,198.96961640395054,7,7,4,4,29,0,71,Malware
50,22,20.677666130862228,3826,51.12624091709749,16454,264.60452728930056,1,1,1,0,13,1,62,Benign
99,39,25.193634142932606,3995,12.331582138869203,18087,201.21238075198778,0,0,3,3,25,2,16,Benign
72,31,7.26245156799584,2571,24.291237487748397,24654,132.8061537505561,4,4,3,5,7,0,72,Benign
98,25,22.349641959275026,1092,28.575670167374465,6453,230.01123932266432,4,0,4,1,47,1,19,Malware
38,39,12.386049303453822,3415,58.7761922640947,5195,382.30436005190705,7,5,0,4,40,2,30,Malware
57,25,25.19894183059048,1158,10.169682410743027,26970,333.2344416735266,11,8,0,4,36,1,79,Malware
55,15,29.306475086071,3445,25.401036888129653,13981,485.32982200781885,10,7,2,1,36,2,43,Malware
32,31,29.210409069976514,4251,56.52061298064519,16259,274.36866439621946,7,5,3,12,11,2,21,Malware
78,33,16.095840747222027,1437,25.333911752200564,8553,233.1209420551914,9,3,3,12,29,1,84,Malware
46,13,22.018090216326332,3420,21.25333829072884,17641,377.4718110770935,4,6,1,0,17,0,64,Benign
92,12,28.810855515121407,1305,46.504425571799175,14004,264.7835157851998,1,5,1,0,13,2,77,Benign
84,15,6.8243078444143155,4032,47.26694464999326,9930,347.3237074932905,0,6,1,0,9,1,96,Benign
52,13,23.168730085170864,4450,33.608894132375426,7580,478.5149122265454,7,1,2,0,30,2,42,Benign
63,27,30.09565951473337,2973,57.34587349327117,29549,299.6756914156898,2,6,3,5,42,2,42,Malware
98,15,16.170709937045793,4289,20.135353977092095,5404,299.2700023565318,9,9,1,0,9,0,23,Benign
44,35,18.662243419438603,1981,55.670791698979876,13144,410.06660937091823,12,3,1,4,21,0,11,Malware
76,14,25.961842056780498,3376,47.775403826264785,24228,402.43066207320027,5,4,3,4,14,2,12,Malware
32,36,7.0365413559709635,2888,28.41041704270237,7336,306.49257855631896,5,6,1,0,27,1,61,Benign
57,18,16.569078812618766,1342,50.345430986168694,12846,125.88813955871618,5,9,4,1,35,1,27,Benign
32,20,13.871323106715469,4810,16.660108820687693,19013,492.3147975418526,2,1,4,3,27,0,44,Benign
33,15,5.509827487613924,3771,16.549124659661366,5089,250.9281684117094,4,0,0,3,40,2,77,Malware
60,39,10.879179836997803,2888,56.4968601623703,14597,226.68256657949968,8,4,3,3,25,1,17,Malware
74,25,16.876506967665478,4234,14.739025392270584,26446,492.61873331365894,9,9,4,0,12,1,80,Benign
88,28,10.922861252017128,2901,10.203980342470233,28112,448.85408675758924,5,0,3,1,8,1,46,Malware
74,20,23.071949545836695,3205,29.4515245792451,14809,232.08665673499723,3,5,2,3,29,1,53,Benign
66,30,18.45957822008927,2133,15.19254872160639,24978,223.32362230118719,12,1,3,5,5,1,35,Malware
94,24,6.184438843201544,4638,53.151824662212555,14717,388.3816570536438,6,1,0,4,38,2,20,Malware
38,35,13.251207929375507,3397,56.13467567214665,20317,233.7263609980314,0,3,0,2,19,2,66,Benign
46,33,5.584303111376421,3773,34.12131821782064,18560,200.57278526576198,11,9,2,3,35,2,90,Malware
94,18,15.744055396834279,1364,31.273576650501845,9041,491.8683387709049,9,1,3,6,46,1,78,Malware
32,33,12.773300532375007,2920,36.951963847204595,16354,326.28409511356006,6,8,3,1,46,2,86,Benign
55,28,25.64560346505385,3062,21.30973124224931,5715,404.99904850197765,2,2,4,3,45,0,29,Malware
82,34,14.222207767895968,3200,24.8982930710168,19237,385.2219838767563,8,7,4,3,39,2,91,Benign
60,28,16.25475993753092,1531,15.04885852420024,20163,402.21039786004513,9,6,0,2,41,1,23,Benign
55,33,26.76001795589626,4014,32.322504555568166,23825,461.3559904734173,5,6,3,3,47,2,86,Malware
52,35,19.427530277259585,4471,40.58458112668296,29523,300.3073331575361,9,3,1,5,47,0,95,Malware
59,18,21.693631357875198,2075,56.5111867195801,24813,401.3512717046139,7,3,4,0,25,0,22,Benign
39,32,30.24039991242346,1854,46.953658531337915,10268,418.7255337292286,7,0,3,0,18,1,63,Benign
93,13,11.20664916372105,1468,46.153186677659335,24205,478.5538341984083,2,7,2,3,23,2,14,Malware
51,19,34.67556585582771,2344,25.399948104705107,21037,385.2386812210697,12,0,4,2,40,0,98,Malware
44,18,32.003152755211815,1878,54.414664875502226,29444,457.04631975395165,2,3,0,5,30,1,24,Malware
85,28,13.59658485803183,3643,57.34778483399988,27535,138.01524007998472,9,2,0,5,1,0,88,Benign
49,24,31.788152528616802,1366,56.61314682710185,28780,150.43863756323148,3,0,0,0,26,1,24,Benign
76,28,27.618684748904407,3002,11.940151326219253,15309,163.338475804137,2,6,0,3,20,0,95,Malware
82,11,32.92269415886455,4909,40.21753181520108,17990,157.9252288173754,9,6,3,2,41,1,45,Benign
82,19,25.734055643772376,4557,42.16125528626475,21033,135.00752496053752,7,1,3,7,41,2,94,Malware
30,28,25.23432148952476,4807,24.753258010825178,16952,149.0295143145071,6,9,4,4,21,2,26,Malware
31,26,5.10393227292594,1640,59.62060915789649,15279,498.3641139469308,4,4,1,4,45,1,22,Malware
87,29,19.23834586025169,1861,24.559372940927943,24285,208.87401182018237,10,7,0,2,20,0,68,Malware
48,33,11.008058185352692,3941,20.830582909052787,24484,291.21924285807853,2,0,1,3,3,0,25,Benign
91,30,14.72244377507022,4087,34.20728252215959,24976,428.64614781418,0,8,0,2,17,2,69,Benign
41,11,34.36446901989025,2434,26.157368988517174,29758,147.32186963515397,6,6,4,1,27,2,25,Malware
55,28,7.5650587347853,4345,56.20147299349721,28049,226.9460025235095,7,6,2,2,18,1,59,Malware
56,26,26.674594113613775,1588,32.00383656573864,11832,163.71440808703838,5,1,0,0,39,0,58,Benign
58,27,10.188345256126198,4883,30.50747773362917,14814,125.02244641096269,6,7,2,3,10,1,11,Malware
44,26,5.222040184884449,2329,41.293106505425,5083,484.30135225220334,7,2,0,4,20,2,17,Malware
75,11,20.042561265437012,1091,14.055733562556169,21469,443.34313440728124,6,9,1,4,23,1,78,Malware
30,28,9.836458962790793,1457,47.83664734082609,12464,451.71919794810316,2,6,0,0,8,1,67,Benign
89,10,33.963987679447314,4341,48.41994109024357,14934,447.4720532529509,8,2,1,3,39,1,61,Malware
86,20,11.110902113278884,2075,33.70129173638338,22694,161.82673369018468,9,5,2,5,37,0,14,Malware
32,34,10.761058221046035,2884,57.784897050021414,20468,413.99875849364224,0,0,3,5,1,1,32,Benign
47,19,5.965007739825144,2144,38.966955539787385,19879,391.148480706914,7,3,2,4,7,1,51,Malware
81,14,14.894589160367339,2994,44.76182271224954,14132,470.16614416983293,9,8,3,0,4,2,83,Benign
89,25,5.723350247869973,4121,56.217247775155066,22420,187.72890890526668,4,6,4,0,28,0,35,Benign
63,33,19.966599057293813,2914,43.31726717123962,22784,265.6177547502618,1,6,4,0,19,2,80,Benign
89,14,20.16831928482226,3039,31.591300386277357,8480,217.9714050855523,13,3,4,6,6,2,91,Malware
55,33,6.5972986119195784,4546,11.238558781657417,26204,203.1671273267201,4,9,4,4,26,0,92,Malware
48,32,12.201868309622487,2515,46.41496578159047,10749,360.95267500913513,6,0,0,3,40,2,11,Malware
51,21,29.963194554330553,4856,58.24330058005226,9713,165.5773399189756,7,0,2,0,37,2,98,Benign
62,13,18.876343187760995,2403,33.51175617679969,27542,285.92284785327183,2,2,1,8,19,2,53,Benign
67,32,18.038301247573152,4703,26.988431889413206,5724,358.6561789707189,4,6,0,4,17,2,97,Malware
64,15,25.963308420853945,1386,35.96297132068892,5187,152.1212268280171,5,6,0,5,29,0,76,Benign
96,28,26.446458304678167,2981,46.42186028423296,27761,202.79205493509514,10,4,4,2,49,0,73,Malware
39,18,27.858878023870595,2630,10.034523724102463,26214,486.9464231617326,0,8,0,0,21,1,79,Benign
44,21,29.91446975258583,2684,54.36058613659268,11601,418.17173266823386,6,1,1,1,5,2,94,Benign
40,35,11.967519392071084,2312,54.31814298391609,7772,370.7818705149558,10,8,2,1,17,1,27,Malware
53,24,6.991418218380531,2792,37.06489668043544,19480,442.3876828405196,2,8,4,5,38,1,42,Benign
33,25,16.407946358399627,4525,16.118938308780397,9612,105.58738085555777,2,5,4,2,41,2,55,Benign
42,22,30.65293731869457,1370,43.590289730681064,7580,102.42977376004556,11,3,1,5,40,0,89,Malware
86,34,7.340859928567039,3231,16.892283148165667,25084,161.5866543902682,12,4,0,8,7,1,66,Malware
66,39,22.278613964088507,1771,35.377357571634036,24323,298.1028477671097,0,5,1,0,27,2,94,Benign
77,30,26.032488474241802,2685,14.68149859905585,6138,327.9894828663413,2,3,3,2,31,1,75,Malware
30,33,19.442216398468915,1204,39.453266914875066,12211,145.4754125768245,3,8,2,3,34,1,60,Malware
89,16,12.655263308198242,1953,25.903466255899367,29779,128.91424794027202,5,1,2,0,26,1,54,Benign
41,34,14.789284454700889,3219,51.54957073687514,29024,431.3336524387525,7,7,1,5,6,0,11,Benign
50,32,7.149562939507582,1824,49.99730631042074,24764,285.7873925892234,12,8,2,1,31,1,48,Malware
40,29,13.777506420160403,1221,59.92369377372205,19235,496.9977703155692,0,3,2,0,12,2,12,Benign
73,13,6.331340226838229,2191,22.87515873521824,22729,191.73866364520626,0,8,0,3,15,0,89,Benign
87,20,26.789749944019057,4315,13.090054638979018,29936,358.8804448399313,1,1,4,1,1,2,37,Benign
73,17,31.93985835535059,4289,32.150163257442244,22527,421.7552662124022,10,2,4,7,26,2,37,Malware
63,15,24.00539385360779,2079,14.17016674832854,5213,449.0552624050998,3,9,4,0,37,2,40,Benign
54,34,24.7010966879956,2598,18.924985753288155,23232,222.52760618903721,3,4,1,5,6,1,53,Malware
33,39,19.164270114211586,3662,39.86500706807762,22025,177.31215316288646,11,3,1,1,24,0,29,Malware
93,19,9.681093476153242,2908,39.60654256721493,5605,190.43782932772217,5,2,4,4,47,1,20,Malware
45,39,5.2317542376010895,1166,12.166373886484518,20424,366.69710781460685,6,3,3,0,36,2,20,Benign
39,16,15.319279928317131,2542,32.145237570913935,21749,308.93193526887535,8,8,3,2,44,1,48,Malware
95,16,27.544656721128682,1141,36.510934643362084,22612,339.59655305179143,1,8,0,5,19,1,15,Malware
64,13,33.812947379467445,3172,23.40121189099933,5898,108.21144719271474,1,4,1,3,18,0,73,Benign
35,12,17.93254777225697,1089,53.6021590937747,15963,256.3892836281609,1,6,4,1,38,2,72,Benign
48,33,15.96173037000599,4985,18.054932382321095,24134,224.0593864340056,7,7,3,4,16,2,69,Malware
88,16,18.378755189941437,1310,22.69509025031072,26764,445.5125162978019,6,1,4,2,17,2,72,Malware
82,13,17.833246874125795,2394,17.84972075163765,20169,410.50347569987645,5,8,2,0,11,1,40,Benign
37,22,23.77639498995935,3999,15.827331693527904,21473,271.82874574387733,1,8,3,5,4,1,47,Benign
39,29,27.0244219129428,3263,53.9489592003563,22372,352.2118324337838,9,1,4,3,16,0,27,Malware
96,26,28.548740697637406,4512,23.892958253499096,28441,119.0717574967187,4,5,1,6,9,0,18,Malware
67,36,24.488144283042434,4706,46.12620097339281,7440,354.9005803166534,8,3,1,2,23,2,51,Benign
58,16,18.13171876362074,4955,31.39911798626249,18461,138.88199814177776,4,0,2,0,10,1,37,Benign
44,26,33.50311266654616,2209,41.79367403669584,10563,385.6075123676048,9,4,2,0,26,1,76,Benign
52,35,26.330590891137987,1882,56.40880980861047,16403,329.5353794134294,7,2,0,1,45,2,32,Benign
75,35,17.799741225385326,4224,52.23039335216247,21676,220.1972970568825,10,0,4,4,36,0,19,Malware
57,13,18.39745331286513,1760,13.449319621011892,26110,248.33599852899022,2,1,3,1,46,0,14,Malware
55,20,29.539425497870464,4697,52.26012676396088,20606,136.03663297326244,8,6,3,1,39,0,11,Benign
39,39,18.21622663167313,3143,32.59117576403486,16361,229.11538816586395,9,0,3,6,3,1,34,Malware
76,12,20.488208683372733,3757,27.507286343994267,25649,486.737164118489,2,2,0,0,20,1,69,Benign
33,20,13.746568757588722,2359,43.61939627308142,10429,294.4739450468717,0,0,4,0,17,2,96,Benign
84,12,30.167445016558958,2538,57.5103936549624,26369,289.6963688207385,8,0,2,3,46,0,76,Benign
95,21,20.668564409099602,1148,14.706774879406872,14282,351.69151559581957,4,7,0,7,47,0,62,Malware
96,10,21.576078151682836,3975,48.403851512511956,27583,293.77752389459226,0,5,2,1,28,0,26,Benign
36,13,31.420262081401965,4969,20.17540153789777,16821,242.20363990519073,4,3,0,1,1,0,50,Benign
84,23,32.61551803541629,4694,29.00680614134994,23999,155.8086296274904,11,7,0,8,36,2,42,Malware
60,10,29.7258138999956,4603,53.691150813162494,13342,352.12609526671827,6,6,3,0,25,2,14,Benign
48,23,6.9611123893192515,1714,37.28995920061697,19653,399.5689691117375,8,8,0,3,33,2,96,Malware
57,22,18.305273053403432,3930,13.372832397521314,10434,469.2410611929683,1,0,3,2,21,1,82,Benign
57,22,15.299928174572763,2425,35.402427506836915,5983,101.20554262874926,4,9,3,1,30,0,79,Malware
48,33,11.405443439873562,2717,49.48209508207121,6819,126.66416448559565,5,4,3,6,13,1,15,Malware
49,24,32.268616275373574,2354,36.44402938827967,22360,459.76226479053395,5,5,1,0,39,2,82,Benign
42,26,31.702068749435114,2250,18.344461948952613,27533,352.46221580783384,3,5,3,0,23,2,90,Benign
72,21,18.95893649849752,2827,32.25205375287659,13380,483.1641105728623,8,9,4,0,6,1,22,Benign
40,39,9.036825520185905,3405,56.217268401982466,11460,272.3378376488278,4,6,4,1,19,1,12,Malware
77,31,5.400968609953623,3635,42.91019950470565,7778,266.67486809988293,5,4,0,0,10,1,82,Benign
44,32,18.15401241694456,4900,46.494325325429465,18916,237.70583175894865,3,4,2,0,16,1,23,Benign
46,35,6.198654457206293,3363,49.29682537247252,23955,157.12756954788648,1,0,4,1,13,2,76,Malware
83,23,23.286678257592804,4806,14.53467120966674,14378,251.45316357910752,2,9,2,2,22,1,45,Malware
79,21,23.25226612640207,3932,39.07682796349819,8901,105.85941607745517,7,4,3,0,2,1,93,Benign
57,27,31.96818343752345,4107,28.795759659265403,8439,303.7253139494619,2,9,2,0,42,1,55,Benign
33,13,10.701473848680699,2532,16.957958183604855,28617,438.88408284729815,2,0,3,2,26,1,91,Malware
51,36,16.14182727240632,2501,20.135477915201193,14539,228.4787014762459,0,9,1,5,5,1,10,Benign
68,23,30.786361663528364,2451,49.05802368623672,21213,137.85606260854277,7,1,0,0,30,2,29,Benign
63,28,19.228895074703452,4907,18.07445526448864,10484,489.5045293415827,8,0,2,5,37,1,97,Benign
73,38,6.791698669158327,1449,25.620930361085968,28921,151.59104355241033,0,7,2,8,22,2,28,Benign
71,22,8.323517347865858,2835,24.243666913154073,8407,311.4789987117997,11,7,2,5,18,2,78,Malware
69,34,29.403637147353535,3892,12.431518195728383,15817,423.6742749016479,0,7,0,0,29,0,98,Benign
41,39,27.310922900855388,1089,33.10792246196793,5772,200.93808295810712,12,9,1,3,19,0,97,Malware
31,32,31.276445515003754,3588,48.296492108460434,16396,436.5958159582524,2,9,0,3,4,2,49,Malware
57,27,8.565834977274314,1175,11.107631637444983,18141,322.81005628272857,1,0,4,13,8,2,69,Malware
96,20,27.812502313895823,2443,15.627572523994806,9953,232.77427195244712,1,3,0,1,27,2,37,Benign
39,37,24.653130948745673,2755,46.00933397987839,9594,446.2756864522411,4,0,4,2,29,1,35,Malware
86,15,11.968797234231284,3695,39.67904953364568,13840,348.80006132518037,4,3,2,0,44,2,36,Benign
66,18,34.21713156666833,3948,45.7623807024341,18087,346.15377063510016,9,6,1,1,33,0,89,Benign
93,21,22.110644574536934,4935,21.505197743856925,9946,301.6038868546092,5,9,3,4,7,2,20,Malware
69,28,32.20633926191406,3013,50.188439164870246,14251,209.89499485349307,0,6,1,0,35,2,37,Benign
89,23,30.772794026209592,3734,33.99355300551383,5987,221.94417844869778,9,0,4,2,4,0,79,Benign
77,24,14.993763815678347,4709,40.51509870894286,23574,135.23162914377224,5,9,1,5,26,1,54,Malware
48,20,21.078705859604398,4242,14.607670860041813,9623,197.48948247309806,6,1,2,4,13,2,52,Malware
62,15,17.941048982140153,3441,20.251579167991064,23169,211.1300344160929,8,5,0,1,11,0,24,Malware
73,23,26.27232710780227,2289,48.66789408051541,14719,123.48059705258581,0,5,4,0,39,1,10,Benign
66,12,22.64126013630283,1503,21.195422059438926,11149,144.12589467164923,5,0,4,3,34,1,90,Malware
65,28,28.545605991117238,4205,14.626491376072934,28200,208.1011954150815,1,3,4,1,25,0,17,Benign
50,29,5.352567787939536,4855,39.86016411260501,17511,370.90100924787623,9,8,2,4,21,0,33,Malware
31,34,25.633797842436753,1955,37.39682580808664,6901,173.69399641249043,4,7,1,2,36,2,48,Malware
60,20,14.571954656589648,4097,40.39469644916465,23787,308.73983995514686,3,3,4,0,41,0,70,Benign
59,38,11.726664196682538,2300,40.915274818154565,24369,303.1613061982115,5,2,3,0,41,0,59,Benign
73,33,29.037240990760168,3147,35.009867293225184,6850,433.61523184946253,8,7,4,0,2,1,96,Benign
41,26,7.676636335645561,2465,34.68869602843279,10155,343.6655221566359,13,8,1,6,25,0,44,Malware
80,38,11.853801352974235,1424,56.20827826447312,11017,466.79963147753637,3,0,1,0,32,1,57,Benign
78,37,11.112030232993344,2897,36.694086243987016,17202,351.2405477261607,3,9,3,0,1,2,53,Benign
53,36,17.594763351791055,2053,40.865010120692936,14929,110.2062551197001,7,7,0,6,33,0,99,Malware
53,26,14.67010353671783,4716,23.34846959693723,6080,252.59682875800257,0,4,4,2,6,0,84,Benign
89,32,26.614049513290105,1905,53.55466004010955,7021,379.61919042244506,6,2,1,4,13,2,79,Malware
40,12,25.981096418044295,3543,11.218404632958158,28558,290.04875776779767,8,9,3,5,17,0,98,Malware
42,23,14.76412673318117,2886,37.861338114888724,26946,267.7591479286323,0,4,3,2,16,0,19,Benign
93,36,18.109423284373857,1650,29.192514759905432,14530,368.61825235834453,5,9,2,1,38,0,52,Benign
49,16,11.237245525393188,1997,40.195209778023845,15350,214.29315186063917,10,3,1,4,22,0,98,Malware
57,34,25.125047014888118,4262,28.008602488569007,16379,463.59121267673476,6,0,1,0,43,0,10,Benign
31,28,16.886682203977266,2926,45.884395585882345,14522,265.2574403962336,1,7,1,3,41,0,23,Benign
72,12,8.98478313326646,2210,11.01657214867154,5770,352.48712436701317,3,6,2,0,7,1,20,Benign
37,11,8.817964757345338,3187,30.29447193845715,29564,492.9333066280781,8,3,3,2,2,0,35,Malware
42,35,14.669620352635265,3367,51.563179987120684,27170,414.1920919816113,0,3,3,5,1,0,48,Benign
64,26,27.419750859085873,4962,22.510035888971792,14933,312.6492635085965,5,4,0,0,19,2,77,Benign
52,18,5.765130083945012,4820,12.6375439190161,17381,443.7550352997741,2,0,3,0,16,0,87,Benign
75,31,12.733240795486465,1368,34.82620372825843,12359,324.17508738764514,2,3,1,0,34,2,70,Benign
44,15,9.874584766662718,3344,58.8266730263395,28329,276.66137385117565,2,4,2,5,29,2,68,Malware
31,33,33.694334639168446,4271,13.207928076756833,28830,449.38117799919814,10,7,0,1,8,2,68,Malware
90,36,26.15844811913079,3843,13.502824637489665,19895,110.86214275637718,4,0,3,0,26,2,81,Benign
93,30,11.996980523568386,3047,39.75582824733391,18366,262.98645470528356,1,3,2,1,11,1,96,Malware
81,18,11.223817563085838,4450,22.503385643906455,17304,237.19698662769844,5,9,4,1,10,1,37,Malware
65,36,30.7409163616183,4151,30.511561681861266,16325,385.63452254483275,4,9,3,0,4,0,95,Benign
96,14,10.706800892492392,4518,51.52535764996954,28164,105.03448606152546,12,6,2,10,34,2,27,Malware
98,11,34.911776005916806,3548,19.94243420912582,15988,364.3409915217896,9,4,1,0,49,1,83,Benign
96,31,13.46909360034199,1258,45.96499684907165,6596,238.54449436983128,6,0,4,3,23,1,16,Malware
76,24,7.529981446086049,2636,35.22427566337782,13747,139.15735161716185,12,6,0,1,2,1,25,Malware
31,18,25.728256820505745,2567,55.247884620713585,26830,492.13231269422766,8,0,0,2,33,0,67,Malware
73,28,23.289283777525213,4860,58.6481000146782,17156,184.89149514030845,9,1,1,0,32,0,12,Benign
93,19,34.99466496084371,2144,34.248039282669794,16763,239.65197157905345,3,7,2,3,20,1,65,Malware
57,13,29.062572331159252,4126,39.232352955773344,9354,182.81863571175174,8,8,4,0,13,0,13,Benign
83,19,17.865095993997173,4564,47.292127036877666,22218,364.79647891680884,4,7,3,1,3,2,66,Benign
96,36,25.29834344489251,1017,25.933707093600255,14839,413.0065256272624,7,7,1,1,29,0,58,Benign
65,17,29.535483608100563,2332,21.33701752616234,16251,444.2563338566324,11,5,1,2,18,2,88,Malware
92,31,20.411795763298855,2903,58.234258622150264,14058,224.39928717766543,3,6,1,3,6,0,15,Benign
54,22,13.186143522056348,2656,31.63076956097891,22287,309.8213566126065,2,3,1,5,14,2,63,Malware
77,16,11.30316926859109,1109,10.079541325788684,18175,365.3030499424764,8,4,3,0,4,0,73,Benign
68,16,13.858443098408431,1330,51.88591492625417,21526,351.8083900481564,9,1,1,7,26,0,64,Malware
76,13,30.442063450094153,2596,39.98320806455428,27404,386.41087744632216,4,9,0,3,12,2,11,Malware
50,24,16.412971174662058,1945,18.427928136015204,19732,407.89092145790187,3,3,0,0,38,2,26,Benign
59,21,13.599924756989523,2287,11.506984658853948,29270,138.98934242852158,9,6,1,0,28,2,22,Benign
60,25,29.17661683385243,1267,24.574121552086556,25107,167.32440987666598,4,3,2,0,41,1,97,Benign
55,15,5.9576102532363056,1434,56.39435477368323,7786,393.7284198056356,6,5,0,8,6,0,23,Malware
51,37,22.818748127910265,3035,56.674558501780616,24774,290.67021356394787,8,7,4,8,38,0,66,Malware
50,18,31.20895409558815,3497,25.550174315105906,11945,270.8135164290288,10,4,2,4,44,1,17,Malware
30,12,17.302512471668223,3344,51.79654964103584,7759,282.1760500310377,9,7,1,2,4,0,83,Benign
66,17,13.079544840778533,2941,32.092266162854784,17081,248.81040537254412,3,3,3,2,8,2,42,Malware
75,16,19.75127208307869,4710,42.71723745682972,12819,336.42700503239706,2,1,2,3,44,2,36,Benign
38,13,26.52431503076238,4208,26.722193793554503,18402,229.33021706215038,9,8,4,0,31,1,11,Benign
46,35,20.498166891055984,2613,35.798629813549255,14913,354.72616023635953,2,1,2,0,32,0,66,Benign
76,22,5.229169838773194,1718,24.688972327516325,8153,181.05484620752276,2,6,0,3,4,0,57,Benign
88,28,7.349736683240478,4978,13.055718117823137,18690,403.07556544630256,5,5,0,0,28,1,32,Benign
83,39,26.63985269269104,4068,16.968909309576944,17932,412.63998982970026,7,1,3,1,7,2,41,Benign
41,16,16.998540046264957,4468,24.533724723661862,7831,331.4083264898584,4,2,2,1,9,2,84,Benign
93,19,28.543274938107054,3231,58.812689198806495,27896,247.7293850998175,5,6,3,0,3,0,33,Benign
35,34,24.48469742317727,3459,58.283607512499586,14896,105.75862929474465,0,5,2,0,33,2,88,Benign
82,21,22.445475029656365,4672,51.38316712422655,13649,148.61298898052536,10,5,1,2,20,0,34,Malware
45,35,32.04125505135234,3367,21.625302554804346,12531,131.874805115467,4,6,2,4,19,2,71,Malware
34,12,5.639662204421381,1740,32.08010702709113,26696,104.08201005954636,3,4,2,1,16,2,95,Benign
75,35,9.651030841934052,2599,31.989141924535215,28829,388.8879087603612,6,0,1,8,3,0,96,Benign
43,34,23.731278664759273,2349,29.348662240909192,18968,482.42670397455754,5,4,4,5,6,0,74,Malware
73,38,6.974841396502863,2590,12.24401525448728,12202,104.467306119526,0,8,0,0,38,2,31,Benign
92,33,24.34911455182074,1804,36.72636871121588,16507,145.0762407181856,2,1,2,0,29,0,35,Benign
81,21,34.52363231075803,1416,13.640599606243045,6608,444.2703437399485,1,9,3,0,34,2,93,Benign
55,28,31.364242969836013,4864,50.09593403589719,8894,375.4008997904966,6,2,1,8,14,0,83,Malware
82,24,22.727507720762855,1881,44.56535714223908,11788,261.88415859852114,7,1,4,5,26,1,22,Malware
58,17,31.819300229178864,1790,27.636850332176735,22480,497.1186069869262,3,4,0,4,34,0,94,Malware
48,21,8.488044537987957,4771,42.35681911062316,22010,329.448536715998,1,4,0,1,9,2,98,Benign
76,29,18.640824947766923,2975,21.651850327954904,22674,367.83960509977123,3,4,3,4,33,2,89,Malware
37,15,17.860283474362273,2726,23.262503247831617,26101,361.2705467342051,1,5,4,3,19,2,24,Benign
52,37,15.093427609789732,2927,25.706675846270244,24795,189.08065203555765,6,2,3,3,9,1,78,Malware
64,19,5.006041944029312,2808,49.85057999676649,7144,295.2497639109969,5,7,0,4,39,2,33,Malware
82,11,31.730870558337564,2630,20.534567342304225,5899,186.56451942013018,8,2,2,0,6,0,54,Benign
87,33,28.33119830458385,3137,38.13906137430193,18903,303.78581208304945,7,1,1,1,23,0,43,Malware
34,22,24.58572546799366,3806,20.023355721074253,5697,112.31248752344247,2,8,1,0,45,2,49,Benign
45,34,8.869005315549021,4512,24.251871253120747,27464,252.78367074067697,9,5,3,1,9,0,10,Benign
46,16,16.346154010745124,2098,21.774064649324565,16122,248.8840291553874,2,6,2,5,26,2,50,Benign
61,17,32.729809921034935,3621,42.250233553664295,25439,216.6522487407299,2,0,0,0,10,1,35,Benign
81,32,23.507888152086398,4805,36.33644722278902,12231,131.69157686609486,7,2,1,0,6,2,85,Benign
49,25,23.10231609578075,2290,46.064957295277665,16809,408.3868241049744,8,6,1,0,14,1,82,Benign
95,20,32.39379724271104,4010,20.99717186664929,24824,268.1819457152128,6,7,3,13,17,2,42,Malware
30,35,21.79501174698913,3983,10.457426786301863,8416,425.5892715044974,0,1,4,0,4,1,49,Benign
87,13,22.928697456709376,4704,44.02547835651674,16242,434.29089516862354,8,4,1,1,47,1,16,Malware
73,26,15.37147083428652,4383,15.742697924753799,7489,185.43895596071587,11,4,3,3,14,1,96,Malware
35,25,16.143227876971146,2844,22.315261221197805,11594,268.53204551952956,1,8,0,0,24,0,67,Benign
79,28,25.568205872424578,4924,25.28430762306113,19214,388.38960208361414,6,2,1,0,13,0,51,Benign
49,32,14.613056498939361,4554,47.3401046145434,11377,299.7984614699586,6,4,3,0,37,0,88,Benign
43,36,21.773237617635502,4099,41.294590532871354,27503,442.0272921611884,8,7,4,0,1,1,72,Benign
34,20,13.375900734697389,4413,19.21327182629144,22176,328.6276030853626,10,2,2,6,38,0,59,Malware
70,16,9.98375713863336,1425,39.89439053098708,29132,351.8323871434266,8,5,1,1,33,0,65,Benign
69,36,18.632073768161042,1882,45.40739975553059,22306,414.80938581788206,2,8,3,2,17,0,34,Malware
63,22,11.523380372423215,2837,29.444860139508574,6481,148.8888430514045,6,9,2,4,14,0,94,Malware
74,28,31.954829152446223,1785,22.2976457013926,28371,333.69929516722186,3,3,4,0,17,2,78,Benign
56,26,14.108388974810987,1534,43.94913864573946,12505,134.17194750565903,2,6,1,1,46,1,62,Benign
73,35,22.922062866179633,4481,40.544560007074864,13933,204.22044941481545,10,7,3,5,16,2,97,Malware
62,34,12.903255216356118,2634,13.895607923541005,23417,185.02868256983152,7,5,2,8,7,1,65,Malware
62,37,12.740577881742995,1284,43.33398201168771,6445,326.8304362647362,8,0,0,1,42,2,40,Malware
73,31,15.519082444352236,4891,34.425896641764936,29950,437.56095135618114,8,5,0,8,47,0,27,Malware
49,22,32.47623701962847,3669,47.66844784888637,7909,153.12384382020636,3,3,3,0,12,0,12,Benign
65,38,16.744932148557996,4786,19.53587709399134,10768,407.35861105883396,5,2,2,5,23,2,33,Malware
36,21,29.637994082724333,2129,22.91082089506882,11442,157.22645016909956,5,2,0,1,40,2,50,Malware
61,16,10.918942236152988,1503,37.165636954876064,14240,175.86868513937077,5,2,1,3,48,0,39,Malware
96,10,6.445086294092932,1045,34.08667639460995,5605,466.7760789020263,4,0,3,3,6,0,63,Benign
68,10,28.450337639043248,4840,29.31826855282483,23497,103.89166220266186,6,9,4,0,43,2,84,Benign
53,29,21.256246923713043,2470,47.30166572148944,7576,178.8576164934155,9,9,1,3,38,1,35,Malware
99,32,20.111774390807643,2167,38.23757818141412,10740,186.22243651136733,10,0,3,4,30,2,35,Malware
83,23,13.166175477482408,1536,45.513592694705935,26894,212.7522253523906,4,1,0,5,22,2,50,Malware
67,36,7.1695104457805545,1061,17.662748115955786,21661,245.36468283777447,8,4,4,0,1,2,46,Benign
61,24,19.48580108998538,2765,46.44941475727686,23441,141.2712047354929,2,6,1,3,3,2,35,Benign
74,20,31.016790763981152,2105,33.0764054050146,6164,287.38171195321354,3,4,2,5,40,2,29,Malware
90,33,8.600660411104576,3383,11.68839678422935,17073,259.74014694555564,13,2,4,1,40,0,94,Malware
99,35,32.87512638041517,1210,21.724577699824955,8171,349.9735243660998,10,4,0,4,1,2,22,Malware
82,18,13.24187240724844,3447,11.287819587028899,10306,447.0070536274805,1,5,4,0,37,0,65,Benign
80,26,20.965588784859868,1708,32.843726099552185,21138,219.08810405435622,13,3,0,3,36,0,57,Malware
85,13,6.995251863997455,3394,26.29398802775427,11536,318.5951097038378,8,3,3,0,33,2,91,Benign
56,29,17.751397814079372,3027,59.372477995662564,18136,248.5509480560739,7,0,1,4,48,2,49,Malware
67,28,8.776936592214906,4269,53.42520584784316,20670,116.1001124353319,8,6,3,4,38,2,69,Malware
91,16,6.439213582316224,1376,51.28354301715746,5260,428.4301456508372,10,7,4,5,45,1,99,Malware
47,10,33.99673080282949,2185,35.05582745156227,21350,353.6865759967754,8,3,3,10,39,1,75,Malware
93,18,26.902836063923978,4279,50.35437496753834,10185,100.8689081501132,6,5,1,1,44,0,26,Malware
59,22,26.571731630409822,3868,23.34348237313776,24949,199.82877608104667,3,5,4,0,49,2,99,Benign
78,33,7.7164906845125625,3966,38.032473392326246,25202,223.5957619955907,8,0,3,3,49,0,47,Malware
70,11,32.880515734632255,4498,29.6459030659705,25946,424.6126162124567,8,9,3,0,48,2,40,Benign
42,11,19.084055450296567,3091,18.567095576136484,27591,404.28528416267915,9,3,3,1,11,2,94,Benign
63,33,30.568522041722932,3847,13.630671568420201,24178,258.4575408542079,0,5,2,3,46,2,42,Benign
54,36,5.378033033413123,4562,37.910919148580746,14395,162.93688651145808,9,8,4,6,32,0,85,Malware
95,39,13.946194440125208,4350,14.881956744010306,20013,254.41286103254976,9,3,1,7,19,1,79,Malware
47,24,34.881413663793964,4987,45.90015483429912,11988,424.0585289595801,6,8,4,0,21,0,96,Benign
34,26,17.835141280861976,1786,56.07342393630779,23396,280.95654412666124,5,3,4,0,11,0,24,Benign
48,22,31.65480616593064,1732,18.105305485578047,27626,146.34807531434203,2,6,3,3,22,1,34,Benign
71,16,14.839950451131191,1967,33.54692892551141,29879,115.41898896042291,10,6,0,5,19,2,59,Malware
47,18,20.75987396804619,4868,46.938729652991256,22480,233.3341089160387,6,7,3,0,28,0,80,Benign
61,21,30.626571977778816,4217,24.34198305165134,17220,159.34512440833845,9,6,0,2,32,2,36,Malware
50,12,23.17461680611806,4140,56.03822598164686,16810,398.0164713846609,1,5,2,0,26,2,17,Benign
39,32,26.75577027934135,3699,54.42327794349554,6166,211.50272560803813,9,2,2,1,19,1,69,Malware
66,31,11.864996126586924,1521,15.187717786483898,9309,450.9812123837717,9,9,0,13,15,0,78,Malware
78,24,9.676713123654181,3158,11.369988576592007,29268,346.93971575043656,5,6,3,0,5,1,81,Benign
42,16,11.90919330228968,4620,58.822924148970095,23736,257.4655039257382,8,5,3,8,12,0,41,Benign
84,32,19.791459388611706,4664,57.823751238556554,10533,344.0230217298495,7,9,4,0,45,1,15,Benign
46,35,29.02894294303455,3655,31.11428022329816,13084,218.06958921297314,6,7,4,9,23,2,37,Malware
38,10,15.619815514287989,2078,12.528166205298621,10848,156.52955161511142,4,3,2,0,49,1,28,Benign
73,23,21.944473459759134,4715,40.943777637301395,13536,485.6710379693598,10,6,4,4,17,2,53,Malware
75,28,29.14437382934714,4294,24.67050536943281,5743,325.26457821987367,7,6,4,0,11,0,90,Benign
37,25,12.163293982779258,3943,56.836149345027714,7541,102.93124850192186,3,2,4,0,31,0,97,Benign
66,19,31.489272047594284,4646,49.73309625271517,27184,224.12568251823035,8,7,2,0,41,1,84,Benign
48,10,33.592469366671494,1523,42.47968920667218,6148,163.8137976502645,5,9,4,0,48,1,21,Benign
92,14,6.169104073979649,3193,24.22519237567643,19743,203.27332527581547,5,1,0,7,8,2,98,Malware
75,12,6.773333302543616,3311,45.06342897208587,18547,122.28620789341393,9,2,1,0,40,0,48,Benign
55,26,7.728791562386506,4615,24.458413337960202,20327,198.03425118981937,10,0,1,4,22,2,81,Malware
75,27,28.30305225528934,1467,11.881549207593803,13848,373.2064402131133,8,1,4,0,32,1,66,Benign
75,35,10.680108355369331,2584,35.421729381013705,9712,428.2438189567015,0,0,4,0,10,1,81,Benign
43,30,26.770879593977213,3919,34.43422723943455,19679,238.95680705300083,8,5,4,0,39,1,99,Benign
92,36,18.238282096156592,4006,48.15029865131167,22159,308.9862994193718,9,4,0,0,38,1,45,Benign
32,28,30.08765028114208,2210,53.283694117722234,20880,116.71623876407229,5,5,2,4,45,0,30,Malware
57,31,29.256662384127836,4414,27.723424434713102,11207,136.32032016980105,8,2,1,0,6,2,27,Benign
58,34,33.78987684147341,2986,32.473650510183546,15199,320.7696567573573,6,6,3,4,35,0,26,Malware
47,31,12.53113551429233,4170,33.52002098222641,17789,436.23076433389934,6,3,4,1,11,0,33,Benign
64,27,11.877174883160965,3726,26.211204218618967,12178,135.19518602158774,9,0,3,6,18,0,57,Malware
76,25,5.9452392586579785,4377,47.16934618125951,13798,267.4186674344056,8,2,0,8,33,1,96,Benign
34,11,17.312482862795868,2748,36.105059260314974,5429,488.16986714005884,4,4,2,1,41,1,24,Benign
88,24,18.771895062662512,4270,55.69778871943199,14196,395.51701815005106,6,6,3,0,13,2,49,Benign
88,22,33.93541500288315,1757,42.5155385947793,6612,179.0412881120829,4,8,4,0,39,0,86,Benign
76,22,29.923558825159194,2177,20.594827944698622,15554,214.06970686633423,3,4,4,0,5,1,67,Benign
42,25,10.003751541497707,1918,18.24043243735182,9311,479.1664929885697,1,0,0,5,36,0,98,Malware
62,17,28.954680878246023,2119,28.619216895814606,25849,188.3950772299417,6,4,4,1,46,0,49,Malware
91,20,10.348978425072676,3622,27.34632701284866,23672,276.36295279629456,3,0,3,0,25,0,78,Benign
45,17,7.3329520957333125,1705,30.35659124312551,18268,242.2440214348203,0,6,2,2,4,1,48,Benign
73,31,30.112482543702093,2958,19.179553515222103,7368,296.01553278757297,13,8,4,4,47,0,14,Malware
87,19,34.27878745570784,1833,58.911133501324464,23476,194.63207478648644,0,5,4,0,29,2,23,Benign
35,32,7.643556335834123,4430,17.285488643436445,29137,367.340171985742,4,3,3,0,24,1,74,Benign
44,10,29.41774628655446,3861,42.63243871121605,21290,193.83639446764244,10,5,2,6,42,2,44,Malware
33,21,30.776379459295025,1398,10.65346175322949,17901,340.8405417399357,0,0,3,0,21,1,90,Benign
85,18,8.562667527993266,2807,30.348051915950656,13111,243.1077245985862,7,3,0,5,41,0,98,Benign
93,14,13.497604153158381,2399,25.459169954751815,5283,200.590452770606,10,5,4,3,11,0,93,Malware
97,18,27.009819170391946,3649,29.101231886970925,19208,378.001052250614,13,1,1,8,27,0,54,Malware
63,25,29.23190838747585,1327,34.90386723865568,15226,486.0959113840769,5,2,0,5,48,1,90,Malware
85,27,15.619223661489954,2295,40.01875007621589,16816,447.750176628449,7,3,1,0,48,2,36,Benign
61,39,9.797881990385626,2620,39.175567239715,18523,134.73415700788865,4,5,3,5,37,2,90,Malware
38,17,24.45033428027714,4366,41.53568350605565,13863,281.7655152750808,5,2,1,10,41,0,32,Malware
92,32,26.059058097304344,3442,52.227384127689525,23518,377.9119784613754,11,0,2,8,10,2,82,Malware
62,20,20.108235616850838,4543,54.33585778073257,28558,325.04633655580244,2,5,4,5,11,2,14,Malware
50,39,9.348232029200467,3595,46.86251502803988,6482,390.54273325460525,11,7,2,4,43,2,51,Malware
84,29,30.33460232967836,2041,13.9471121462202,27710,490.0480567205029,3,7,2,0,9,0,62,Benign
86,28,24.357978771995498,1918,58.06461957549672,23730,236.90872392192884,1,3,3,0,42,1,65,Benign
31,13,31.074927464925057,1076,57.369904317352315,11541,408.34926362996225,2,5,2,0,3,0,12,Benign
42,29,32.989072234702476,2072,45.58518972726768,5013,137.62852697474904,0,0,1,0,49,0,36,Benign
33,35,29.170935663142064,4569,35.87195357009619,11243,447.8992932876595,13,5,0,2,49,2,55,Malware
79,19,33.75972243549005,2449,22.530917916794607,22139,411.3728969444715,2,0,0,0,44,0,31,Benign
77,33,33.62773237237592,4942,47.8175569749438,13360,308.38698360112676,9,3,0,1,6,2,72,Malware
59,22,23.58033666171008,2771,53.89300893581446,23663,428.4133880040645,7,8,1,0,48,0,70,Benign
58,38,26.845223056865166,2579,43.25938004449689,22518,366.6493781019586,5,5,4,1,25,0,94,Benign
37,29,25.982256059206055,2017,41.453631643088535,20706,320.8904930957421,0,3,1,1,7,1,57,Benign
41,23,23.6340858506647,4692,19.650235228529308,24045,478.4002047694925,6,9,0,0,27,2,22,Benign
70,30,5.580655274925567,1128,27.88982614470948,9824,152.10608680423127,4,3,4,2,22,0,38,Malware
55,11,15.677200462569084,1518,46.15681110162561,21623,497.1870687526605,9,3,3,1,19,0,22,Malware
79,38,8.002349411344412,3351,10.84493694256117,7287,161.77315082509054,4,9,1,2,30,1,56,Malware
31,13,14.00777330396533,2135,42.0632138594443,20068,292.07038479435494,8,6,2,0,22,2,92,Benign
84,16,7.056944207782924,3772,48.3335150505124,9365,192.56439874262145,10,8,2,1,23,0,34,Malware
85,28,32.600944899539954,1911,26.73522431353908,23971,208.76545977704905,1,5,2,0,12,2,61,Benign
43,39,18.53989746967858,1815,13.808388460039453,6309,352.7327884189584,1,6,1,0,2,0,22,Benign
35,39,10.680933430261561,1973,50.955968944199924,27862,113.8840571146845,4,3,3,4,29,2,98,Malware
90,26,22.54337693191856,2962,17.091841474251137,18877,476.2987114743376,1,4,4,0,29,2,48,Benign
41,25,10.893528001178602,3866,28.540055298488678,21826,211.8488495595372,9,8,1,6,14,0,37,Malware
42,22,29.133209653712786,3410,45.362705253388995,13916,209.01302612610294,5,7,1,5,9,1,53,Malware
48,33,14.177573292207532,2089,50.84929938257168,22291,445.4254919684878,6,9,1,5,45,0,80,Malware
73,33,14.447018985947922,4102,53.11909592442579,22910,405.93447465093396,0,1,4,0,42,1,94,Benign
88,31,31.098528317492573,4366,36.52085958055578,29650,368.6887723950222,9,7,3,0,26,1,51,Benign
66,32,21.776086539507045,2800,33.79358482279328,7470,158.54338024107864,4,2,1,3,29,0,34,Malware
54,35,31.6190631726653,1808,52.41586385090149,5069,407.84668764240064,7,1,0,1,5,0,76,Malware
45,36,17.386640895960745,2342,38.15385475237356,20170,244.3065165318759,4,1,4,1,22,1,48,Malware
67,27,15.317830896562336,2037,38.93253642076156,26224,497.5554589319205,10,3,3,6,29,0,88,Malware
72,30,20.186089917983246,1569,31.698668399690035,11414,368.4998180101744,2,0,0,1,13,0,45,Benign
43,21,6.844750136087287,1969,28.64069859605198,17257,434.3572297873301,8,4,1,5,18,1,90,Malware
35,32,9.626023136279635,2879,34.027042864491456,29707,393.5141166658607,4,6,0,2,7,0,63,Malware
52,34,11.58564907178952,4313,28.24237468480636,17389,337.695337097928,4,1,2,9,13,0,29,Malware
89,10,29.500318480593858,3400,27.177322498461926,28979,386.52762164613495,12,4,3,5,45,2,74,Malware
41,24,27.013962707322825,4319,59.68321710039469,22512,338.9935316149421,3,3,3,2,48,1,94,Malware
42,12,10.799218363518309,1609,26.810674703592404,19277,120.4794362591843,8,5,2,2,48,2,53,Benign
35,15,13.302426931205776,3515,22.81918737663336,5597,238.2092562631168,11,0,0,4,36,2,86,Malware
92,23,33.32785590401383,2983,27.69620449213133,10561,226.56700751137868,7,0,3,1,21,0,74,Malware
67,32,7.574088866780723,3971,39.5390670318053,13863,385.5892832289524,9,1,1,5,28,1,10,Malware
79,15,21.423652944441805,1387,55.54952433115825,26114,330.46928033181615,8,3,2,0,44,1,52,Benign
81,10,20.660209760434967,2697,49.39321250988805,26403,344.19552108000255,7,0,3,5,38,0,62,Benign
69,29,26.771234514730676,4971,52.11205695378507,11105,438.79263248684197,7,4,3,4,3,2,69,Malware
37,15,12.843061290605077,1758,52.95043053419288,25099,310.1228555632309,9,5,4,3,28,1,36,Malware
90,17,33.04317952393715,2861,56.02641982234337,24721,187.3108799224421,9,9,0,5,45,2,83,Benign
37,35,17.317486448860848,3489,21.753561645443995,7899,104.9758707378973,3,3,2,6,22,0,95,Malware
63,24,13.571588217026147,4413,32.91830155187178,11563,163.79901339645704,10,6,3,13,43,0,57,Malware
89,23,15.106082505375944,1515,29.259883328822326,23692,112.231636532908,7,4,2,4,43,2,76,Malware
86,25,15.461670464008566,2841,29.09384973067502,23847,194.82596741734983,9,8,1,4,33,2,61,Malware
75,29,10.967852409958397,4844,42.61418258510924,26858,353.99887646626553,10,8,4,8,13,1,54,Malware
51,32,32.841617594232815,3890,30.090153015887168,8990,160.5675824547351,13,3,0,6,41,1,38,Malware
69,25,10.246255538280025,1044,40.816515295860185,16724,132.7692919069583,5,9,0,8,45,0,93,Malware
74,36,31.484979030181076,2442,29.11396818639039,7748,488.3418346703276,1,5,1,0,37,2,27,Benign
84,28,17.14787659821282,1722,25.55640913622115,10504,498.76200957100485,4,1,3,1,5,2,22,Benign
80,33,13.078294505322548,1755,27.65385892215904,15782,354.80940491289647,5,1,4,3,36,0,23,Malware
34,10,10.955268585159839,3250,50.18785280068799,18586,143.4265574617998,1,2,0,4,40,2,10,Malware
42,13,20.130269897248105,4786,40.05255181144455,16222,428.6082528387611,9,9,2,0,8,2,89,Benign
57,33,25.077756289686988,2908,58.69988665083073,28457,315.68547716771957,3,1,1,2,2,2,30,Malware
91,19,31.946630913814438,3586,51.63281131898663,20151,172.82944139953776,7,8,0,1,44,0,36,Malware
53,29,24.573397511304034,1385,34.28903041670206,17731,330.27687828642684,9,3,3,2,43,2,31,Benign
36,27,19.509874708183105,3030,22.118816754703793,29747,115.7528493092868,8,4,4,2,41,1,84,Benign
67,11,6.004281937346785,3677,43.69545557275726,27327,488.9884440557708,3,1,0,0,17,1,71,Benign
66,13,32.46280717026859,4015,46.332301365596784,24785,430.3861996573683,8,7,3,3,4,0,83,Malware
97,24,32.071077289473195,3785,33.20879898959795,9101,204.31076698169886,5,7,3,0,19,0,29,Benign
71,38,16.361509019624748,1359,21.496106620534533,29139,267.56475683931217,3,6,1,0,34,1,42,Benign
34,13,5.871039880268375,2491,37.86191589316326,6227,258.1134322002055,2,6,3,2,17,2,38,Benign
93,25,27.001086545228112,1982,22.691462617972334,23800,444.59766881741035,5,6,1,4,25,2,15,Malware
79,24,28.750426305713965,2967,56.99991588152188,20229,241.85374579734784,2,7,2,1,5,0,68,Benign
44,27,21.27397488666041,1204,41.444212401685974,5721,119.19206664727491,11,3,1,4,17,2,22,Malware
82,16,17.08624955788462,4318,24.596548083460743,22314,185.87553992148153,5,5,0,3,11,1,43,Benign
54,24,30.53398513408997,4038,20.786534416726226,15520,186.22786298606235,9,7,1,6,16,2,51,Malware
38,31,10.775492500602704,2072,45.836164169256044,26672,479.6964191985545,8,7,4,4,16,2,21,Malware
67,20,18.186745676474622,1365,45.38966401208764,16157,469.6219072038086,6,3,2,0,6,1,30,Benign
51,28,5.73458332156072,3300,39.856611575428744,16741,220.23731479686165,11,0,1,1,38,0,15,Malware
78,17,9.920315839324585,3125,40.71505125896107,7475,101.10684004383526,4,1,2,0,39,2,81,Benign
97,33,33.22493704034032,1768,40.193450141281154,13604,306.79905236503885,4,3,1,0,18,2,36,Benign
44,10,22.342497510942724,3679,28.00517234052586,22222,418.8959687491201,9,8,3,10,46,2,91,Malware
94,12,29.167769885834552,1986,56.87072050037367,8687,207.44199277871212,3,2,3,0,3,2,95,Benign
83,14,19.595012423081407,1416,33.96392321314589,6026,275.61761041979344,1,4,0,1,18,2,15,Benign
59,27,30.044812940256204,4106,11.016395007279492,17972,169.11568182669137,1,0,3,2,46,0,26,Benign
49,21,21.168515325239564,2461,27.41806711941627,24219,230.95810780650217,1,4,4,0,7,2,80,Benign
62,21,5.136131402329569,3359,16.514128932379975,27856,403.5412011467562,1,0,3,0,11,1,69,Benign
36,30,31.990970210924846,2166,28.169189552394172,27760,271.3125098561951,4,5,4,1,47,0,11,Benign
37,36,9.456983595077379,1196,40.413124251786634,10795,278.9083375052264,1,0,1,5,15,1,51,Benign
57,35,18.516642839233125,4044,11.133223726096205,13251,415.8206586365922,10,1,1,4,37,2,24,Malware
74,28,19.300229865461738,3307,53.510026561393424,5589,405.18909692498164,3,8,4,0,14,0,40,Benign
40,18,6.417088210691415,2389,40.51545592340877,15769,174.86111788495063,12,2,0,3,23,2,83,Malware
60,20,6.5921115631773475,3643,24.76859381294974,24552,266.1088717662843,4,8,3,0,36,1,69,Benign
41,26,27.876554283341203,2215,25.560258696214078,23418,439.5431344850579,1,3,4,3,17,1,76,Benign
80,25,14.013523701520846,4558,33.28340882580754,26569,282.695072977801,0,4,3,0,22,2,74,Benign
73,13,17.288844987196523,3581,22.404590300089673,17260,364.70539317081915,8,6,2,0,24,2,62,Benign
79,19,21.923375463957193,3071,10.217096388047311,26534,222.38485972413162,6,3,0,2,27,0,49,Malware
46,31,16.201583136420254,3990,11.32787240896316,10077,123.82342462477784,4,9,1,0,17,0,91,Benign
64,24,28.251122796295817,2098,27.887033598600993,19061,165.9596126184514,4,9,4,2,23,2,65,Benign
30,34,31.533939608575025,2901,16.211083830430415,22160,260.688356858436,2,5,2,9,7,0,68,Malware
58,28,6.791536523595747,2669,11.118183732354094,29723,241.38681135556675,10,8,4,2,1,0,72,Malware
80,12,24.06210151713826,3970,52.96346350174202,21019,458.2563043164503,4,7,4,4,27,0,79,Malware
93,37,14.529800223714451,2417,23.706865682142663,13238,318.24906819176965,3,0,4,2,34,1,72,Benign
33,30,22.498258352503772,3726,35.15612885834006,20616,350.8621588376426,9,5,4,6,37,1,66,Malware
57,32,19.517219543968956,4529,18.970454209581156,22885,375.4730858784718,7,8,1,3,45,2,33,Malware
45,39,15.010355630368467,3157,12.336248612188113,11499,312.65037215746327,4,2,1,6,15,0,19,Malware
92,14,7.844469389919273,3137,47.24331497442907,6664,407.8582677486541,6,2,1,1,46,2,46,Malware
82,20,21.78319734508693,1036,16.247842732339173,11596,413.2401937330224,9,9,0,2,18,1,81,Benign
46,33,8.383776992803412,3869,11.285845120182932,28049,240.55438871307504,0,4,1,1,4,0,98,Benign
69,14,9.683602645300853,1992,39.36151641317049,17232,133.91406139689397,5,8,3,0,29,0,76,Benign
42,16,34.4652576479273,2586,10.673378621072478,11320,494.5416913373466,1,2,1,0,23,1,96,Benign
81,15,14.501155710412363,1571,31.81429724051608,16195,357.048280208956,8,4,4,3,43,0,98,Benign
87,39,22.533085688644128,3631,24.44180242389081,23406,383.5664292653005,11,4,4,5,22,0,59,Malware
66,35,13.166958260571919,4711,25.970899246887644,13401,402.67840260809385,3,7,3,0,20,2,63,Benign
90,22,30.965283158184405,1306,10.19495215570149,28593,345.1853686827195,11,1,2,1,22,2,48,Malware
63,11,13.500205726200514,3109,58.21730401913977,28675,288.36058779829955,1,7,4,0,12,1,82,Benign
99,28,16.006554549124665,1304,35.8481551241769,18336,493.86787770375247,4,0,4,0,45,2,16,Benign
46,20,23.25162733430099,3226,38.62560665208419,14379,391.06296402761626,11,4,1,1,35,2,31,Malware
49,36,31.099601229337594,3587,43.306124245601396,29414,438.339504622594,0,2,1,0,26,0,81,Benign
88,29,29.486424635930398,4823,49.876089552488345,8053,275.870148608766,5,4,4,2,14,2,25,Benign
98,14,12.915796566708899,3979,40.39545581545879,21418,461.91099963629864,5,8,3,3,44,2,52,Malware
62,18,29.886648724866028,2767,48.109905274665444,7043,392.86042091262317,4,0,4,1,20,0,98,Benign
46,15,26.035859461728894,4736,32.43676471814378,17762,398.4511961782346,2,5,1,4,36,2,31,Malware
86,26,34.69485471233048,1931,28.563757020224415,26238,134.77249749298252,3,9,1,1,12,2,23,Benign
30,28,33.063430039587544,3892,51.156695374109255,24338,346.98268218125963,5,5,1,2,9,1,58,Malware
42,32,20.99410166136132,2467,53.26552620867315,13455,234.0866939490775,13,6,3,2,33,0,24,Malware
56,17,27.497858575776238,2542,16.890333489346688,14320,367.6006663384952,6,9,4,7,24,2,86,Malware
99,16,22.10539105961685,4648,37.13300934800306,24675,327.28564372324803,7,9,1,3,9,2,33,Benign
88,14,22.84986326344917,2992,44.182121524307966,29982,144.47580268468175,12,4,2,3,24,2,77,Malware
35,24,8.045024899333363,4706,14.17993683159834,28163,311.9950971064559,4,6,1,3,30,2,30,Benign
52,19,5.067371254329657,4107,56.47984083713758,18527,280.5033759620691,8,1,0,0,5,0,36,Benign
39,33,6.445591234246618,3797,36.00548863585654,23495,410.57739679344087,12,1,2,3,8,2,28,Malware
80,25,33.99892003683273,4549,42.27287086583761,24400,301.0553083961992,7,9,1,4,15,1,27,Malware
48,18,8.788046837689675,4144,18.912137404517683,28341,292.46486703977405,4,7,0,5,45,1,15,Benign
80,16,6.331691125255582,4101,23.221734497771365,25517,387.7963913169778,8,5,3,2,20,2,83,Benign
97,20,14.28932629121495,3786,16.05006083406012,9855,367.4351560611509,10,4,0,6,15,2,81,Malware
71,18,22.645398198635846,4374,23.199936092694443,26144,496.74175145338296,1,2,4,0,22,0,29,Benign
86,26,33.45381932908798,4418,34.61983826458994,19309,240.78108029802706,4,3,4,0,32,0,13,Benign
97,39,25.99662735654461,1796,51.681479972864814,26249,375.34262750603773,9,7,3,5,6,0,77,Malware
67,18,13.290589067005005,2534,36.686170751018174,21856,166.90342233987815,0,9,3,0,38,1,84,Benign
91,12,33.17174054711445,4588,22.223179911554805,12703,421.8243028940191,6,6,3,5,47,1,81,Malware
36,31,6.081232257956025,4136,12.2310537445364,16769,414.4622474040002,10,8,0,8,33,2,92,Malware
79,17,34.371620218003784,1746,41.09849179535023,9674,390.32827403700355,11,2,0,4,11,2,94,Malware
81,28,6.7592210247934705,3674,31.007994868332403,25216,147.62030597516747,3,5,3,3,28,1,26,Malware
55,29,27.615499191714978,1452,59.2176933408535,9330,495.01783499685575,0,6,0,0,3,1,62,Benign
55,25,6.358926175203587,1830,48.98799427058465,19937,477.0442413760136,6,1,4,3,46,2,94,Malware
48,16,32.946843271055215,1757,50.41814096366847,23525,248.0365928541668,9,3,1,4,49,1,57,Malware
38,37,8.259976901934174,1860,10.61175114401984,7908,330.92635377501813,0,0,2,0,3,2,20,Benign
90,16,6.514370390814053,2975,48.889766645202855,11332,455.55478805677325,3,3,3,2,29,0,67,Malware
49,29,31.677954644748425,2552,19.73066553377464,18996,297.8575962102768,9,1,4,5,11,2,98,Benign
79,34,7.87381651752875,2918,39.289793614415295,25495,339.6653359777684,7,6,0,0,37,0,57,Benign
51,22,28.937938723402507,1818,32.37107861578593,22782,341.2971436736932,10,0,2,4,45,0,10,Malware
42,12,27.411039213680237,2392,38.580192528884,29939,359.7019870998242,8,5,3,11,43,1,32,Malware
41,21,22.96634115465099,4108,16.67217647114981,24853,330.2001436476271,1,2,0,13,32,1,12,Malware
39,33,16.338881606579196,2879,32.84458407055732,23841,262.37768917342913,3,7,0,1,15,0,91,Benign
94,17,32.46741648898967,4955,11.847234297583157,27701,315.79174593204925,9,7,2,5,4,0,21,Malware
59,22,31.132437676043732,1380,12.04996740798154,8684,448.5770727186681,1,6,0,12,32,1,79,Malware
37,29,17.78741332869479,2242,42.88690653870349,23617,445.64133826942,7,6,2,2,43,2,28,Malware
50,25,11.951748689439444,1648,57.584918673608996,20389,409.0182987443358,9,0,4,2,34,1,81,Benign
51,16,13.177150082552435,1245,48.869645935239156,5469,265.6430427690688,6,8,3,8,10,1,85,Benign
47,13,11.609707320876618,4621,33.45778902854885,10499,414.3890207494123,8,2,0,2,30,0,96,Malware
95,38,21.237558882816323,3298,12.793537004618646,29887,255.1425388758442,10,7,1,4,41,1,17,Malware
77,21,31.05616485710893,1564,12.25100747285521,29413,365.6274789802392,13,1,2,3,18,0,13,Malware
73,26,28.20835901594511,3956,17.894613055402907,28056,326.971255762309,3,0,4,8,17,0,15,Benign
38,10,28.86531379836317,4417,58.79052519670133,15361,220.00986678260017,7,0,1,1,5,2,66,Benign
96,39,18.448654750989363,1820,29.933053322058157,9323,281.1513113824975,4,7,3,3,8,1,36,Malware
83,26,14.673344953951403,3762,52.17036459363225,5988,432.144703711216,8,8,4,0,40,1,70,Benign
55,11,27.720673121151577,4958,45.25712194742985,22815,465.1011232643739,5,2,2,0,46,2,71,Benign
55,15,28.798948275634626,1471,40.27143296080331,19218,182.1181716198749,8,6,4,1,5,1,95,Malware
63,21,25.86061119442117,4958,57.39130558268708,11696,282.48592393040065,12,1,4,5,17,2,67,Malware
37,35,5.963213676268053,3016,21.5205785309511,17302,273.4022232614511,6,7,4,5,39,1,30,Malware
39,20,22.690540642054515,4632,32.744483123457684,21597,295.6061188833098,4,2,3,2,39,1,67,Benign
77,30,15.41137487743654,1121,53.23614828372977,17890,490.650267015022,4,9,1,7,42,0,18,Malware
84,20,10.885782470797025,2349,37.58806538211219,17339,307.49700525609194,13,9,4,5,27,2,13,Malware
83,27,25.831857900268957,4599,22.32225698130555,26409,432.03067527967266,7,4,0,1,32,1,67,Benign
69,17,13.055784070582336,1780,20.44582084211384,12483,365.5748295923536,4,6,4,6,7,1,38,Malware
44,34,32.38523476867567,3795,47.644050052115055,24604,142.87636068660106,4,8,4,0,22,2,53,Benign
47,16,13.942372212895846,1120,10.639444712604437,26011,378.26272043751163,8,0,3,2,12,0,88,Malware
52,37,21.655417989309306,3186,55.70960387014415,8440,358.8236658793644,11,4,3,4,24,1,38,Malware
91,23,29.832864909549006,3134,10.920899405760151,10732,403.38755787954494,3,0,3,0,49,1,82,Benign
75,25,17.063550140821498,3177,41.5494523440352,23788,129.77940864605438,3,1,3,8,43,1,87,Benign
68,21,29.859738777230806,3299,40.23739807210036,13891,196.52302398519015,5,9,4,4,17,0,46,Malware
44,18,26.710891924059872,2885,38.920557552739055,28981,407.7154759013434,3,3,4,7,7,0,96,Malware
82,29,32.62597859249464,3834,33.717152543337775,10152,248.24638916415446,10,9,2,3,48,2,15,Malware
93,38,14.775036877692962,2383,52.621516634430556,29341,464.32758272882995,1,2,3,0,17,1,76,Benign
92,32,8.150841943403968,2836,42.966643514524215,28401,307.0681635870951,2,9,2,3,20,0,48,Malware
45,30,17.910484937912823,4501,49.09311407496968,14501,100.41085342783992,4,4,1,7,27,1,16,Malware
99,25,28.574404075674142,1046,15.776090298959492,9612,379.5343851698289,11,5,3,4,45,2,56,Malware
95,30,18.513053401701654,2968,12.494931872872119,22064,305.3855885052089,5,0,1,0,10,2,64,Benign
42,28,12.85963790579212,4662,11.426425446488933,26206,226.83774233949316,7,8,0,1,6,2,99,Benign
76,25,5.828095327190443,3548,17.360299273679637,8900,108.17627936128402,1,9,4,1,48,2,20,Benign
38,18,14.39071408867482,2833,43.35039451272079,20102,179.49849297011934,3,1,4,2,32,0,28,Malware
92,22,26.40143333489414,4947,34.70108778705854,9364,164.63756733096085,3,7,2,2,8,2,28,Malware
63,35,9.428412686802098,3472,47.61261280810355,19331,333.14165776806516,9,8,4,4,44,2,62,Malware
58,14,15.226381409217142,2398,19.586516837105375,23171,407.82160820309576,0,0,1,0,44,0,87,Benign
66,31,5.606943851153368,4012,28.34815209852308,22101,193.84256672550237,8,1,4,7,19,1,78,Malware
72,28,26.652650096779734,2877,54.42487742747725,8857,379.08925369101934,7,2,3,3,19,1,29,Malware
93,19,31.42049141153526,1730,56.78572730142667,29446,459.9297034220025,0,8,0,0,22,0,67,Benign
53,16,22.055849530641026,1110,56.08645774945859,7187,348.63440853781924,9,2,2,0,35,2,18,Benign
63,18,5.77616317677893,2250,50.915252210038126,25136,410.25905038923037,7,5,2,2,28,2,20,Malware
77,34,11.528759376485993,2810,44.4117939298946,17431,181.69260220809198,2,8,2,9,33,0,86,Malware
41,23,18.154074058847844,4839,55.683894701373184,15461,129.97540878024415,6,6,3,4,6,1,52,Malware
52,24,22.627436616844566,4110,45.709079591631955,5780,246.1551204971711,0,9,4,1,12,2,50,Benign
42,22,19.888290274114134,1134,57.69681243627469,21273,383.60276994894565,8,5,3,0,33,1,77,Benign
74,19,32.47598139233814,2318,11.239416601844423,22013,374.439435726035,2,1,1,0,34,1,45,Benign
94,23,33.15908949204516,1609,56.08210429472885,10729,482.0316964580031,1,5,4,0,12,0,37,Benign
76,35,8.214573876174967,2057,37.78702680696874,9530,351.9913679066467,8,9,3,3,37,2,97,Malware
87,30,9.151726346220158,4034,15.589887591022913,10664,264.5137843972198,0,0,1,0,36,0,52,Benign
34,32,15.741647366971941,3475,20.745563486864732,12621,418.85257066117083,6,6,1,1,3,2,74,Benign
34,38,17.63704645701784,2988,52.60796419574568,25305,161.2271646562982,8,5,3,1,36,1,67,Benign
89,21,22.582000779833766,4139,35.305847742325795,28618,425.2089353393509,6,7,3,5,39,0,92,Malware
50,37,28.1947924936297,4774,59.140886174761825,21181,246.37218630601447,9,1,0,0,28,2,95,Benign
53,38,9.073031166852276,3246,15.876555475248551,16269,161.60400360889705,1,0,3,0,11,0,25,Benign
47,28,29.079190882326213,1559,30.625173195006457,8312,164.85624961538042,3,8,2,0,16,0,31,Benign
50,15,23.30084940425942,1258,26.593722154038005,16318,493.4389981184328,8,8,4,0,3,0,63,Benign
83,21,34.42653382385005,3772,35.806771803246086,23814,349.2891050162441,9,9,1,8,22,2,97,Malware
39,33,24.53503034247597,3721,41.67189094348593,27961,169.70583772883248,4,6,2,0,49,1,32,Benign
53,22,26.482745142221532,2648,43.081473469082724,16334,207.42501520411588,7,0,2,0,15,2,77,Benign
89,17,10.856265992065085,3184,10.064793995588902,14821,248.8319076366445,7,1,1,7,35,1,12,Malware
86,25,28.065858660771088,4900,14.448021689078397,22857,122.35978810115044,3,8,4,3,20,0,50,Benign
52,11,7.3779853304952105,1915,11.753191682797596,23453,143.3662865653475,6,4,0,4,43,1,62,Malware
51,31,24.695913085645582,3983,53.229957319913865,21944,404.70171775949575,2,1,0,3,4,0,66,Malware
97,16,6.667187265461041,3428,25.66461265798278,7695,414.74958784832194,5,4,2,5,29,2,41,Malware
63,21,8.456774639287904,4595,28.353172093818216,12910,495.2938445458297,7,0,2,0,20,0,57,Benign
99,16,8.235988229497725,4942,32.51856244733463,15851,127.03855413886136,8,9,3,0,29,1,26,Benign
57,28,6.574521944676689,1237,52.46521986267879,19803,455.67376464844745,8,4,0,0,14,1,91,Benign
68,23,14.63416750837689,4355,10.708313048106746,12460,226.886418257634,7,6,0,5,1,0,54,Malware
71,39,34.83057373707608,1687,15.930913718992521,15951,231.1402342984802,4,7,4,7,18,1,19,Malware
52,18,15.446761053846089,4808,44.25815610704502,7003,150.91290075218305,8,2,3,1,17,2,45,Malware
99,27,27.823277400156492,3505,58.194626135379856,17408,494.5200707778957,8,3,1,7,15,1,15,Malware
31,20,8.969510475713015,2610,42.13932106485038,8992,492.39569476346935,7,1,1,1,25,0,79,Malware
53,25,18.63473240796364,2158,23.05617342337616,6461,445.93184349517753,6,0,4,8,13,0,34,Malware
46,28,10.553475066946767,3129,35.99322143933087,18038,136.3120346580946,3,9,1,5,33,1,66,Malware
94,20,10.762915102796121,1594,58.74902377907171,22278,436.65985028369425,2,7,0,0,24,0,25,Benign
99,27,7.990701097221139,3701,36.403827328389546,14198,353.8455972531228,12,6,2,5,34,0,61,Malware
98,20,17.96132459083796,4280,28.67538148641012,17474,151.51017838171313,6,7,3,0,11,0,87,Benign
89,34,7.266047622460082,2750,29.171277741936017,10278,204.70310289858472,9,4,1,2,37,0,76,Benign
79,13,32.29434069066983,1402,58.351675429586535,5517,375.6896525992802,1,4,1,0,47,0,52,Benign
41,27,18.437009647158632,1821,45.94582633658529,11825,421.37630975230434,3,0,1,2,25,2,62,Malware
76,28,30.15698424313644,4838,44.35864278110236,13054,439.2348183905897,2,8,1,1,41,0,32,Malware
96,22,34.383933491165365,3235,21.60271608453734,10299,317.5320964235676,3,2,2,2,32,0,75,Malware
94,13,25.33337536460719,3540,37.97423188817872,20790,313.8479666463885,6,0,2,3,1,2,67,Malware
56,39,32.045322714025204,2782,27.837259926115674,12379,373.6836051444997,4,3,4,2,29,1,74,Benign
77,19,9.06102561509007,3302,22.01007629269749,19235,411.0890196932432,7,3,0,4,41,0,24,Malware
91,38,29.899809375873076,4394,54.777614300705224,6000,168.23431249416853,4,7,1,0,11,0,71,Benign
73,31,13.136519996299276,2697,29.15779043813067,25131,395.9350638205171,11,9,4,4,22,0,70,Malware
48,14,19.177941165264826,4928,24.13935812356989,13831,236.6746356622853,0,9,0,0,12,2,86,Benign
88,12,24.397479472829968,3472,56.5860198304184,19119,253.50344836893694,8,4,2,0,1,0,88,Benign
37,25,32.10630777605641,2438,19.86731982280627,5729,131.08518595032078,6,9,1,6,16,2,11,Malware
84,35,32.329814027892255,2190,47.275239235826135,28171,335.36830490730745,9,4,2,1,16,0,94,Benign
76,17,7.76307131425535,2613,42.63735722321314,25321,137.36803901385795,8,0,1,5,39,1,98,Malware
31,33,15.936664664631751,1484,56.024221418614275,7810,465.2542414867427,4,3,2,4,3,2,14,Malware
68,16,28.795256200526502,3483,51.60235687836391,7937,348.3881225042483,2,7,4,2,37,1,36,Benign
74,28,26.094706676966762,4758,45.264760896982075,9196,496.11274204727454,5,7,4,1,36,2,66,Malware
61,23,5.7905733506248405,2555,25.728583034854783,11463,198.26086105224215,5,3,2,3,30,2,91,Malware
